{
    "@success": "true",
    "@error": "false",
    "@numpods": "19",
    "@datatypes": "ACS,City,Congestion,Crime,MetropolitanArea,UrbanArea,USCounty,USHousing,USState,USTax,WeatherStation",
    "@timedout": "Data,Character",
    "@timedoutpods": "",
    "@timing": "9.302",
    "@parsetiming": "0.177",
    "@parsetimedout": "false",
    "@recalculate": "https://www4f.wolframalpha.com/api/v1/recalc.jsp?id=MSPa490113b76c1dif97ha1d000040a6f2di0g6541788415495599854129775",
    "@id": "MSP490213b76c1dif97ha1d000059e58dd08a9f1d27",
    "@host": "https://www4f.wolframalpha.com",
    "@server": "44",
    "@related": "https://www4f.wolframalpha.com/api/v1/relatedQueries.jsp?id=MSPa490313b76c1dif97ha1d0000341bbgaf63gedf318415495599854129775",
    "@version": "2.6",
    "pod": [
        {
            "@title": "Input interpretation",
            "@scanner": "Identity",
            "@id": "Input",
            "@position": "100",
            "@error": "false",
            "@numsubpods": "1",
            "subpod": {
                "@title": "",
                "img": {
                    "@src": "https://www4f.wolframalpha.com/Calculate/MSP/MSP490413b76c1dif97ha1d00004d6dcbei7g2dca3d?MSPStoreType=image/gif&s=44",
                    "@alt": "Austin, Texas, United States",
                    "@title": "Austin, Texas, United States",
                    "@width": "183",
                    "@height": "18",
                    "@type": "Default",
                    "@themes": "1,2,3,4,5,6,7,8,9,10,11,12",
                    "@colorinvertable": "true"
                },
                "plaintext": "Austin, Texas, United States"
            },
            "expressiontypes": {
                "@count": "1",
                "expressiontype": {
                    "@name": "Default"
                }
            }
        },
        {
            "@title": "Populations",
            "@scanner": "Data",
            "@id": "Population:CityData",
            "@position": "200",
            "@error": "false",
            "@numsubpods": "1",
            "@primary": "true",
            "subpod": {
                "@title": "",
                "microsources": {
                    "microsource": [
                        "CityData",
                        "MetropolitanAreaData",
                        "UrbanAreaData",
                        "USCensusData"
                    ]
                },
                "img": {
                    "@src": "https://www4f.wolframalpha.com/Calculate/MSP/MSP490513b76c1dif97ha1d000010aehi7aaeh14344?MSPStoreType=image/gif&s=44",
                    "@alt": "city population | 950715 people (country rank: 11th) (2017 estimate) urban area population | 901920 people (Austin (TX) urban area) (country rank: 40th) (2000 estimate) metro area population | 1.784 million people (Austin (TX) metro area) (country rank: 34th) (2011 estimate)",
                    "@title": "city population | 950715 people (country rank: 11th) (2017 estimate) urban area population | 901920 people (Austin (TX) urban area) (country rank: 40th) (2000 estimate) metro area population | 1.784 million people (Austin (TX) metro area) (country rank: 34th) (2011 estimate)",
                    "@width": "546",
                    "@height": "134",
                    "@type": "Grid",
                    "@themes": "1,2,3,4,5,6,7,8,9,10,11,12",
                    "@colorinvertable": "true"
                },
                "plaintext": "city population | 950715 people (country rank: 11th) (2017 estimate)\nurban area population | 901920 people (Austin (TX) urban area) (country rank: 40th) (2000 estimate)\nmetro area population | 1.784 million people (Austin (TX) metro area) (country rank: 34th) (2011 estimate)"
            },
            "expressiontypes": {
                "@count": "1",
                "expressiontype": {
                    "@name": "Grid"
                }
            },
            "states": {
                "@count": "1",
                "state": {
                    "@name": "Show history",
                    "@input": "Population:CityData__Show history"
                }
            }
        },
        {
            "@title": "Location",
            "@scanner": "Data",
            "@id": "Location:CityData",
            "@position": "300",
            "@error": "false",
            "@numsubpods": "2",
            "subpod": [
                {
                    "@title": "",
                    "microsources": {
                        "microsource": [
                            "CityData",
                            "USCountyData",
                            "USStateData"
                        ]
                    },
                    "img": {
                        "@src": "https://www4f.wolframalpha.com/Calculate/MSP/MSP490613b76c1dif97ha1d00001f28di3gg6cc0ga1?MSPStoreType=image/gif&s=44",
                        "@alt": "Travis County, Texas | Williamson County, Texas",
                        "@title": "Travis County, Texas | Williamson County, Texas",
                        "@width": "335",
                        "@height": "18",
                        "@type": "Grid",
                        "@themes": "1,2,3,4,5,6,7,8,9,10,11,12",
                        "@colorinvertable": "true"
                    },
                    "plaintext": "Travis County, Texas | Williamson County, Texas"
                },
                {
                    "@title": "",
                    "microsources": {
                        "microsource": [
                            "CityData",
                            "USCountyData",
                            "USStateData",
                            "CountryData"
                        ]
                    },
                    "datasources": {
                        "datasource": "CIAFactbook"
                    },
                    "img": {
                        "@src": "https://www4f.wolframalpha.com/Calculate/MSP/MSP490713b76c1dif97ha1d0000614c7258g44ae4i9?MSPStoreType=image/gif&s=44",
                        "@alt": "Location",
                        "@title": "",
                        "@width": "328",
                        "@height": "177",
                        "@type": "Default",
                        "@themes": "1,2,3,4,5,6,7,8,9,10,11,12",
                        "@colorinvertable": "true"
                    },
                    "plaintext": null
                }
            ],
            "expressiontypes": {
                "@count": "2",
                "expressiontype": [
                    {
                        "@name": "Default"
                    },
                    {
                        "@name": "Default"
                    }
                ]
            },
            "states": {
                "@count": "2",
                "state": [
                    {
                        "@name": "World map",
                        "@input": "Location:CityData__World map"
                    },
                    {
                        "@name": "Show coordinates",
                        "@input": "Location:CityData__Show coordinates"
                    }
                ]
            },
            "infos": {
                "@count": "1",
                "info": {
                    "link": {
                        "@url": "http://maps.google.com?ie=UTF8&z=12&t=k&ll=30.3072%2C-97.756&q=30.3072%20N%2C%2097.756%20W",
                        "@text": "Satellite image"
                    }
                }
            }
        },
        {
            "@title": "Local map",
            "@scanner": "Data",
            "@id": "Map:CityData",
            "@position": "400",
            "@error": "false",
            "@numsubpods": "1",
            "subpod": {
                "@title": "",
                "microsources": {
                    "microsource": [
                        "CityData",
                        "OpenStreetMap"
                    ]
                },
                "img": {
                    "@src": "https://www4f.wolframalpha.com/Calculate/MSP/MSP490813b76c1dif97ha1d00000chhi5i754heed83?MSPStoreType=image/gif&s=44",
                    "@alt": "Local map",
                    "@title": "",
                    "@width": "550",
                    "@height": "278",
                    "@type": "Default",
                    "@themes": "1,2,3,4,5,6,7,8,9,10,11,12",
                    "@colorinvertable": "false"
                },
                "plaintext": null
            },
            "expressiontypes": {
                "@count": "1",
                "expressiontype": {
                    "@name": "Default"
                }
            },
            "states": {
                "@count": "2",
                "statelist": {
                    "@count": "13",
                    "@value": "70 kilometers across",
                    "@delimiters": "",
                    "state": [
                        {
                            "@name": "9 kilometers across",
                            "@input": "Map:CityData__9 kilometers across"
                        },
                        {
                            "@name": "20 kilometers across",
                            "@input": "Map:CityData__20 kilometers across"
                        },
                        {
                            "@name": "40 kilometers across",
                            "@input": "Map:CityData__40 kilometers across"
                        },
                        {
                            "@name": "70 kilometers across",
                            "@input": "Map:CityData__70 kilometers across"
                        },
                        {
                            "@name": "150 kilometers across",
                            "@input": "Map:CityData__150 kilometers across"
                        },
                        {
                            "@name": "290 kilometers across",
                            "@input": "Map:CityData__290 kilometers across"
                        },
                        {
                            "@name": "580 kilometers across",
                            "@input": "Map:CityData__580 kilometers across"
                        },
                        {
                            "@name": "1200 kilometers across",
                            "@input": "Map:CityData__1200 kilometers across"
                        },
                        {
                            "@name": "2300 kilometers across",
                            "@input": "Map:CityData__2300 kilometers across"
                        },
                        {
                            "@name": "4600 kilometers across",
                            "@input": "Map:CityData__4600 kilometers across"
                        },
                        {
                            "@name": "9100 kilometers across",
                            "@input": "Map:CityData__9100 kilometers across"
                        },
                        {
                            "@name": "16000 kilometers across",
                            "@input": "Map:CityData__16000 kilometers across"
                        },
                        {
                            "@name": "30000 kilometers across",
                            "@input": "Map:CityData__30000 kilometers across"
                        }
                    ]
                },
                "state": {
                    "@name": "Non-metric",
                    "@input": "Map:CityData__Non-metric"
                }
            },
            "infos": {
                "@count": "1",
                "info": {
                    "link": {
                        "@url": "http://maps.google.com?ie=UTF8&z=12&t=k&ll=30.3072%2C-97.756&q=30.3072%20N%2C%2097.756%20W",
                        "@text": "Satellite image"
                    }
                }
            }
        },
        {
            "@title": "Administrative regions",
            "@scanner": "Data",
            "@id": "AdministrativeRegions:CityData",
            "@position": "500",
            "@error": "false",
            "@numsubpods": "1",
            "subpod": {
                "@title": "",
                "microsources": {
                    "microsource": [
                        "CityData",
                        "USCountyData"
                    ]
                },
                "img": {
                    "@src": "https://www4f.wolframalpha.com/Calculate/MSP/MSP490913b76c1dif97ha1d00001925gg3ih7fe2ibd?MSPStoreType=image/gif&s=44",
                    "@alt": "counties | Travis County (98.2% of city population) | Williamson County (1.8% of city population) state | Texas country | United States",
                    "@title": "counties | Travis County (98.2% of city population) | Williamson County (1.8% of city population) state | Texas country | United States",
                    "@width": "546",
                    "@height": "117",
                    "@type": "Grid",
                    "@themes": "1,2,3,4,5,6,7,8,9,10,11,12",
                    "@colorinvertable": "true"
                },
                "plaintext": "counties | Travis County (98.2% of city population) | Williamson County (1.8% of city population)\nstate | Texas\ncountry | United States"
            },
            "expressiontypes": {
                "@count": "1",
                "expressiontype": {
                    "@name": "Grid"
                }
            }
        },
        {
            "@title": "Current local time",
            "@scanner": "Data",
            "@id": "CurrentTime:CityData",
            "@position": "600",
            "@error": "false",
            "@numsubpods": "1",
            "subpod": {
                "@title": "",
                "microsources": {
                    "microsource": "CityData"
                },
                "img": {
                    "@src": "https://www4f.wolframalpha.com/Calculate/MSP/MSP491013b76c1dif97ha1d0000574a76i4b15g3icd?MSPStoreType=image/gif&s=44",
                    "@alt": "10:34 pm CST | Saturday, January 18, 2020",
                    "@title": "10:34 pm CST | Saturday, January 18, 2020",
                    "@width": "301",
                    "@height": "18",
                    "@type": "Grid",
                    "@themes": "1,2,3,4,5,6,7,8,9,10,11,12",
                    "@colorinvertable": "true"
                },
                "plaintext": "10:34 pm CST | Saturday, January 18, 2020"
            },
            "expressiontypes": {
                "@count": "1",
                "expressiontype": {
                    "@name": "Default"
                }
            }
        },
        {
            "@title": "Current weather",
            "@scanner": "Data",
            "@id": "WeatherPod:CityData",
            "@position": "700",
            "@error": "false",
            "@numsubpods": "1",
            "subpod": {
                "@title": "",
                "microsources": {
                    "microsource": [
                        "CityData",
                        "WeatherData"
                    ]
                },
                "img": {
                    "@src": "https://www4f.wolframalpha.com/Calculate/MSP/MSP491113b76c1dif97ha1d0000349a9gia9837gfh0?MSPStoreType=image/gif&s=44",
                    "@alt": "11 \u00b0C | relative humidity: 44% | clear",
                    "@title": "11 \u00b0C | relative humidity: 44% | clear",
                    "@width": "264",
                    "@height": "22",
                    "@type": "Grid",
                    "@themes": "1,2,3,4,5,6,7,8,9,10,11,12",
                    "@colorinvertable": "true"
                },
                "plaintext": "11 \u00b0C | relative humidity: 44% | clear"
            },
            "expressiontypes": {
                "@count": "1",
                "expressiontype": {
                    "@name": "Grid"
                }
            },
            "states": {
                "@count": "2",
                "state": [
                    {
                        "@name": "Show history",
                        "@input": "WeatherPod:CityData__Show history"
                    },
                    {
                        "@name": "Show non-metric",
                        "@input": "WeatherPod:CityData__Show non-metric"
                    }
                ]
            }
        },
        {
            "@title": "Demographics",
            "@scanner": "Data",
            "@id": "ACSPercentageEntrainments:ACSData",
            "@position": "800",
            "@error": "false",
            "@numsubpods": "1",
            "subpod": {
                "@title": "",
                "microsources": {
                    "microsource": "ACSData"
                },
                "datasources": {
                    "datasource": [
                        "CensusAmericanCommunitySurvey5YearsRace",
                        "CensusAmericanCommunitySurvey5YearsHispanicOrigin",
                        "CensusAmericanCommunitySurvey5YearsCitizenship"
                    ]
                },
                "img": {
                    "@src": "https://www4f.wolframalpha.com/Calculate/MSP/MSP491213b76c1dif97ha1d0000549ebi194i974bb7?MSPStoreType=image/gif&s=44",
                    "@alt": "race | white: 75% | black/African American: 7.6% | Asian: 7% | ... Hispanic origin | 34.5% US citizens | 87.4%",
                    "@title": "race | white: 75% | black/African American: 7.6% | Asian: 7% | ... Hispanic origin | 34.5% US citizens | 87.4%",
                    "@width": "546",
                    "@height": "117",
                    "@type": "Grid",
                    "@themes": "1,2,3,4,5,6,7,8,9,10,11,12",
                    "@colorinvertable": "true"
                },
                "plaintext": "race | white: 75% | black/African American: 7.6% | Asian: 7% | ...\nHispanic origin | 34.5%\nUS citizens | 87.4%"
            },
            "expressiontypes": {
                "@count": "1",
                "expressiontype": {
                    "@name": "Grid"
                }
            },
            "states": {
                "@count": "1",
                "state": {
                    "@name": "More",
                    "@input": "ACSPercentageEntrainments:ACSData__More"
                }
            }
        },
        {
            "@title": "Educational attainment",
            "@scanner": "Data",
            "@id": "ACSEducationEntrainments:ACSData",
            "@position": "900",
            "@error": "false",
            "@numsubpods": "1",
            "subpod": {
                "@title": "",
                "microsources": {
                    "microsource": "ACSData"
                },
                "datasources": {
                    "datasource": "CensusAmericanCommunitySurvey5YearsEducation"
                },
                "img": {
                    "@src": "https://www4f.wolframalpha.com/Calculate/MSP/MSP491313b76c1dif97ha1d00003061d57b6a174c2b?MSPStoreType=image/gif&s=44",
                    "@alt": "college degree and above | 54.2% (1.43 \u00d7 national average) high school diploma | 16.3% (0.586 \u00d7 national average) less than high school diploma | 11.5% (0.859 \u00d7 national average) (for population age 25 and older)",
                    "@title": "college degree and above | 54.2% (1.43 \u00d7 national average) high school diploma | 16.3% (0.586 \u00d7 national average) less than high school diploma | 11.5% (0.859 \u00d7 national average) (for population age 25 and older)",
                    "@width": "437",
                    "@height": "121",
                    "@type": "Grid",
                    "@themes": "1,2,3,4,5,6,7,8,9,10,11,12",
                    "@colorinvertable": "true"
                },
                "plaintext": "college degree and above | 54.2% (1.43 \u00d7 national average)\nhigh school diploma | 16.3% (0.586 \u00d7 national average)\nless than high school diploma | 11.5% (0.859 \u00d7 national average)\n(for population age 25 and older)"
            },
            "expressiontypes": {
                "@count": "1",
                "expressiontype": {
                    "@name": "Grid"
                }
            },
            "states": {
                "@count": "1",
                "state": {
                    "@name": "Show enrollment",
                    "@input": "ACSEducationEntrainments:ACSData__Show enrollment"
                }
            }
        },
        {
            "@title": "Income statistics",
            "@scanner": "Data",
            "@id": "ACSIncomeEntrainments:ACSData",
            "@position": "1000",
            "@error": "false",
            "@numsubpods": "1",
            "subpod": {
                "@title": "",
                "microsources": {
                    "microsource": "ACSData"
                },
                "datasources": {
                    "datasource": [
                        "CensusAmericanCommunitySurvey5YearsMedianIncome",
                        "CensusAmericanCommunitySurvey5YearsPerCapitaIncome",
                        "CensusAmericanCommunitySurvey5YearsPoverty"
                    ]
                },
                "img": {
                    "@src": "https://www4f.wolframalpha.com/Calculate/MSP/MSP491413b76c1dif97ha1d00004b8i39baifg85534?MSPStoreType=image/gif&s=44",
                    "@alt": "median household income | $63717 per year (US dollars per year) (1.15 \u00d7 national average) per capita income | $37888 per year per person (US dollars per year per person) (1.27 \u00d7 national average) population below poverty line | 15.4% (\u2248 national average)",
                    "@title": "median household income | $63717 per year (US dollars per year) (1.15 \u00d7 national average) per capita income | $37888 per year per person (US dollars per year per person) (1.27 \u00d7 national average) population below poverty line | 15.4% (\u2248 national average)",
                    "@width": "546",
                    "@height": "151",
                    "@type": "Grid",
                    "@themes": "1,2,3,4,5,6,7,8,9,10,11,12",
                    "@colorinvertable": "true"
                },
                "plaintext": "median household income | $63717 per year (US dollars per year) (1.15 \u00d7 national average)\nper capita income | $37888 per year per person (US dollars per year per person) (1.27 \u00d7 national average)\npopulation below poverty line | 15.4% (\u2248 national average)"
            },
            "expressiontypes": {
                "@count": "1",
                "expressiontype": {
                    "@name": "Grid"
                }
            },
            "states": {
                "@count": "1",
                "state": {
                    "@name": "Show distribution",
                    "@input": "ACSIncomeEntrainments:ACSData__Show distribution"
                }
            }
        },
        {
            "@title": "Economic properties",
            "@scanner": "Data",
            "@id": "EconomicProperties:CityData",
            "@position": "1100",
            "@error": "false",
            "@numsubpods": "1",
            "subpod": {
                "@title": "",
                "microsources": {
                    "microsource": [
                        "CityData",
                        "USEmploymentData",
                        "USHousingData",
                        "USTaxData"
                    ]
                },
                "datasources": {
                    "datasource": "RealtorsMetropolitanAreaMedianPrices"
                },
                "img": {
                    "@src": "https://www4f.wolframalpha.com/Calculate/MSP/MSP491513b76c1dif97ha1d000031ag0he8i7gg3g12?MSPStoreType=image/gif&s=44",
                    "@alt": "median home price | $222900 (Austin (TX) metro area) (annual change: +8.2%) (2013) unemployment rate | 2.4% (November 2019) total sales tax rate | 8.25% (2019 estimate)",
                    "@title": "median home price | $222900 (Austin (TX) metro area) (annual change: +8.2%) (2013) unemployment rate | 2.4% (November 2019) total sales tax rate | 8.25% (2019 estimate)",
                    "@width": "546",
                    "@height": "117",
                    "@type": "Grid",
                    "@themes": "1,2,3,4,5,6,7,8,9,10,11,12",
                    "@colorinvertable": "true"
                },
                "plaintext": "median home price | $222900 (Austin (TX) metro area) (annual change: +8.2%) (2013)\nunemployment rate | 2.4% (November 2019)\ntotal sales tax rate | 8.25% (2019 estimate)"
            },
            "expressiontypes": {
                "@count": "1",
                "expressiontype": {
                    "@name": "Grid"
                }
            }
        },
        {
            "@title": "Other indicators",
            "@scanner": "Data",
            "@id": "QualityOfLife:CityData",
            "@position": "1200",
            "@error": "false",
            "@numsubpods": "1",
            "subpod": {
                "@title": "",
                "microsources": {
                    "microsource": [
                        "CityData",
                        "CongestionData",
                        "CrimeData"
                    ]
                },
                "datasources": {
                    "datasource": [
                        "TexasTransportationInstituteCongestionDataForYourCityUrbanMobilityInformation",
                        "UnitedStatesDepartmentOfJusticeBureauOfJusticeStatisticsCrimeAndJusticeDataOnline"
                    ]
                },
                "img": {
                    "@src": "https://www4f.wolframalpha.com/Calculate/MSP/MSP491613b76c1dif97ha1d00003c671i0h9c9b8e13?MSPStoreType=image/gif&s=44",
                    "@alt": "total rate of violent crime | 1.1 \u00d7 national average (2017 estimate) total rate of property crime | 1.4 \u00d7 national average (2017 estimate) average daily traffic delay | 8.6 minutes per person per day",
                    "@title": "total rate of violent crime | 1.1 \u00d7 national average (2017 estimate) total rate of property crime | 1.4 \u00d7 national average (2017 estimate) average daily traffic delay | 8.6 minutes per person per day",
                    "@width": "475",
                    "@height": "100",
                    "@type": "Grid",
                    "@themes": "1,2,3,4,5,6,7,8,9,10,11,12",
                    "@colorinvertable": "true"
                },
                "plaintext": "total rate of violent crime | 1.1 \u00d7 national average (2017 estimate)\ntotal rate of property crime | 1.4 \u00d7 national average (2017 estimate)\naverage daily traffic delay | 8.6 minutes per person per day"
            },
            "expressiontypes": {
                "@count": "1",
                "expressiontype": {
                    "@name": "Grid"
                }
            }
        },
        {
            "@title": "Nearby cities",
            "@scanner": "Data",
            "@id": "CityHierarchyInfo:CityData",
            "@position": "1300",
            "@error": "false",
            "@numsubpods": "1",
            "subpod": {
                "@title": "",
                "microsources": {
                    "microsource": "CityData"
                },
                "img": {
                    "@src": "https://www4f.wolframalpha.com/Calculate/MSP/MSP491713b76c1dif97ha1d000065f0705efd1g6620?MSPStoreType=image/gif&s=44",
                    "@alt": "Round Rock, Texas | 25 km (kilometers) north-northeast | 106573 people San Antonio, Texas | 119 km (kilometers) southwest | 1.383 million people Houston, Texas | 236 km (kilometers) east-southeast | 2.161 million people (straight-line distances between city centers)",
                    "@title": "Round Rock, Texas | 25 km (kilometers) north-northeast | 106573 people San Antonio, Texas | 119 km (kilometers) southwest | 1.383 million people Houston, Texas | 236 km (kilometers) east-southeast | 2.161 million people (straight-line distances between city centers)",
                    "@width": "546",
                    "@height": "156",
                    "@type": "Grid",
                    "@themes": "1,2,3,4,5,6,7,8,9,10,11,12",
                    "@colorinvertable": "true"
                },
                "plaintext": "Round Rock, Texas | 25 km (kilometers) north-northeast | 106573 people\nSan Antonio, Texas | 119 km (kilometers) southwest | 1.383 million people\nHouston, Texas | 236 km (kilometers) east-southeast | 2.161 million people\n(straight-line distances between city centers)"
            },
            "expressiontypes": {
                "@count": "1",
                "expressiontype": {
                    "@name": "Grid"
                }
            },
            "states": {
                "@count": "2",
                "state": [
                    {
                        "@name": "Show non-metric",
                        "@input": "CityHierarchyInfo:CityData__Show non-metric"
                    },
                    {
                        "@name": "More",
                        "@input": "CityHierarchyInfo:CityData__More"
                    }
                ]
            }
        },
        {
            "@title": "Nearby airport",
            "@scanner": "Data",
            "@id": "AirportHierarchyInfo:CityData",
            "@position": "1400",
            "@error": "false",
            "@numsubpods": "1",
            "subpod": {
                "@title": "",
                "microsources": {
                    "microsource": "CityData"
                },
                "img": {
                    "@src": "https://www4f.wolframalpha.com/Calculate/MSP/MSP491813b76c1dif97ha1d0000170536475eab5604?MSPStoreType=image/gif&s=44",
                    "@alt": "Austin-Bergstrom International Airport | 15 km (kilometers) south-southeast (straight-line distances between city center and airport)",
                    "@title": "Austin-Bergstrom International Airport | 15 km (kilometers) south-southeast (straight-line distances between city center and airport)",
                    "@width": "538",
                    "@height": "58",
                    "@type": "Grid",
                    "@themes": "1,2,3,4,5,6,7,8,9,10,11,12",
                    "@colorinvertable": "true"
                },
                "plaintext": "Austin-Bergstrom International Airport | 15 km (kilometers) south-southeast\n(straight-line distances between city center and airport)"
            },
            "expressiontypes": {
                "@count": "1",
                "expressiontype": {
                    "@name": "Grid"
                }
            },
            "states": {
                "@count": "2",
                "state": [
                    {
                        "@name": "Show non-metric",
                        "@input": "AirportHierarchyInfo:CityData__Show non-metric"
                    },
                    {
                        "@name": "More",
                        "@input": "AirportHierarchyInfo:CityData__More"
                    }
                ]
            }
        },
        {
            "@title": "Nearby hospitals",
            "@scanner": "Data",
            "@id": "HospitalHierarchyInfo:CityData",
            "@position": "1500",
            "@error": "false",
            "@numsubpods": "1",
            "subpod": {
                "@title": "",
                "microsources": {
                    "microsource": "CityData"
                },
                "img": {
                    "@src": "https://www4f.wolframalpha.com/Calculate/MSP/MSP491913b76c1dif97ha1d0000519bgaig99e67e08?MSPStoreType=image/gif&s=44",
                    "@alt": "Seton Medical Center Austin | 1 km (kilometer) east-southeast St. David's Medical Center | 3 km (kilometers) southeast University Medical Center Brackenridge | 4 km (kilometers) south-southeast St. David's South Austin Hospital | 9 km (kilometers) south-southwest St. David's North Austin Center | 13 km (kilometers) north-northeast (straight-line distances between city center and hospital)",
                    "@title": "Seton Medical Center Austin | 1 km (kilometer) east-southeast St. David's Medical Center | 3 km (kilometers) southeast University Medical Center Brackenridge | 4 km (kilometers) south-southeast St. David's South Austin Hospital | 9 km (kilometers) south-southwest St. David's North Austin Center | 13 km (kilometers) north-northeast (straight-line distances between city center and hospital)",
                    "@width": "536",
                    "@height": "170",
                    "@type": "Grid",
                    "@themes": "1,2,3,4,5,6,7,8,9,10,11,12",
                    "@colorinvertable": "true"
                },
                "plaintext": "Seton Medical Center Austin | 1 km (kilometer) east-southeast\nSt. David's Medical Center | 3 km (kilometers) southeast\nUniversity Medical Center Brackenridge | 4 km (kilometers) south-southeast\nSt. David's South Austin Hospital | 9 km (kilometers) south-southwest\nSt. David's North Austin Center | 13 km (kilometers) north-northeast\n(straight-line distances between city center and hospital)"
            },
            "expressiontypes": {
                "@count": "1",
                "expressiontype": {
                    "@name": "Grid"
                }
            },
            "states": {
                "@count": "2",
                "state": [
                    {
                        "@name": "Show non-metric",
                        "@input": "HospitalHierarchyInfo:CityData__Show non-metric"
                    },
                    {
                        "@name": "More",
                        "@input": "HospitalHierarchyInfo:CityData__More"
                    }
                ]
            }
        },
        {
            "@title": "Notable company headquarters",
            "@scanner": "Data",
            "@id": "CompaniesInCity:CityData",
            "@position": "1600",
            "@error": "false",
            "@numsubpods": "1",
            "subpod": {
                "@title": "",
                "microsources": {
                    "microsource": "CityData"
                },
                "datasources": {
                    "datasource": [
                        "ForbesAmericasLargestPrivateCompanies",
                        "CrunchBase"
                    ]
                },
                "img": {
                    "@src": "https://www4f.wolframalpha.com/Calculate/MSP/MSP492013b76c1dif97ha1d000020dcb68heg335871?MSPStoreType=image/gif&s=44",
                    "@alt": "Dell | 111300 employees (Quarter 1 2013) | $56.62 billion per year (Quarter 3 2013) Whole Foods Market | 87000 employees (Quarter 3 2016) | $15.88 billion per year (Quarter 2 2017) Freescale Semiconductor | 18000 employees (2009) | $3.51 billion per year (2009) Cirrus | 1444 employees (Quarter 1 2017) | $1.557 billion per year (Quarter 4 2017) National Instruments | 7412 employees (Quarter 4 2017) | $1.289 billion per year (Quarter 4 2017)",
                    "@title": "Dell | 111300 employees (Quarter 1 2013) | $56.62 billion per year (Quarter 3 2013) Whole Foods Market | 87000 employees (Quarter 3 2016) | $15.88 billion per year (Quarter 2 2017) Freescale Semiconductor | 18000 employees (2009) | $3.51 billion per year (2009) Cirrus | 1444 employees (Quarter 1 2017) | $1.557 billion per year (Quarter 4 2017) National Instruments | 7412 employees (Quarter 4 2017) | $1.289 billion per year (Quarter 4 2017)",
                    "@width": "546",
                    "@height": "249",
                    "@type": "Grid",
                    "@themes": "1,2,3,4,5,6,7,8,9,10,11,12",
                    "@colorinvertable": "true"
                },
                "plaintext": "Dell | 111300 employees (Quarter 1 2013) | $56.62 billion per year (Quarter 3 2013)\nWhole Foods Market | 87000 employees (Quarter 3 2016) | $15.88 billion per year (Quarter 2 2017)\nFreescale Semiconductor | 18000 employees (2009) | $3.51 billion per year (2009)\nCirrus | 1444 employees (Quarter 1 2017) | $1.557 billion per year (Quarter 4 2017)\nNational Instruments | 7412 employees (Quarter 4 2017) | $1.289 billion per year (Quarter 4 2017)"
            },
            "expressiontypes": {
                "@count": "1",
                "expressiontype": {
                    "@name": "Grid"
                }
            },
            "states": {
                "@count": "1",
                "state": {
                    "@name": "More",
                    "@input": "CompaniesInCity:CityData__More"
                }
            }
        },
        {
            "@title": "Geographic properties",
            "@scanner": "Data",
            "@id": "GeographicProperties:CityData",
            "@position": "1700",
            "@error": "false",
            "@numsubpods": "1",
            "subpod": {
                "@title": "",
                "microsources": {
                    "microsource": "CityData"
                },
                "img": {
                    "@src": "https://www4f.wolframalpha.com/Calculate/MSP/MSP492113b76c1dif97ha1d00005c89d0h47c651888?MSPStoreType=image/gif&s=44",
                    "@alt": "elevation | 149 m area | 771.55 km^2 population density | 1232 people per square kilometer",
                    "@title": "elevation | 149 m area | 771.55 km^2 population density | 1232 people per square kilometer",
                    "@width": "386",
                    "@height": "100",
                    "@type": "Grid",
                    "@themes": "1,2,3,4,5,6,7,8,9,10,11,12",
                    "@colorinvertable": "true"
                },
                "plaintext": "elevation | 149 m\narea | 771.55 km^2\npopulation density | 1232 people per square kilometer"
            },
            "expressiontypes": {
                "@count": "1",
                "expressiontype": {
                    "@name": "Grid"
                }
            },
            "states": {
                "@count": "1",
                "state": {
                    "@name": "Show non-metric",
                    "@input": "GeographicProperties:CityData__Show non-metric"
                }
            },
            "infos": {
                "@count": "1",
                "info": {
                    "units": {
                        "@count": "2",
                        "unit": [
                            {
                                "@short": "km^2",
                                "@long": "square kilometers"
                            },
                            {
                                "@short": "m",
                                "@long": "meters"
                            }
                        ],
                        "img": {
                            "@src": "https://www4f.wolframalpha.com/Calculate/MSP/MSP492213b76c1dif97ha1d0000230h7dhggfce4545?MSPStoreType=image/gif&s=44",
                            "@width": "171",
                            "@height": "48"
                        }
                    }
                }
            }
        },
        {
            "@title": "Nearest sea",
            "@scanner": "Data",
            "@id": "OceansHierarchyInfo:CityData",
            "@position": "1800",
            "@error": "false",
            "@numsubpods": "1",
            "subpod": {
                "@title": "",
                "microsources": {
                    "microsource": "CityData"
                },
                "img": {
                    "@src": "https://www4f.wolframalpha.com/Calculate/MSP/MSP492313b76c1dif97ha1d00002609eg7934i2723c?MSPStoreType=image/gif&s=44",
                    "@alt": "Gulf of Mexico (207 km (kilometers) south-southeast)  (straight-line distance between city center and shore)",
                    "@title": "Gulf of Mexico (207 km (kilometers) south-southeast)  (straight-line distance between city center and shore)",
                    "@width": "350",
                    "@height": "41",
                    "@type": "Default",
                    "@themes": "1,2,3,4,5,6,7,8,9,10,11,12",
                    "@colorinvertable": "true"
                },
                "plaintext": "Gulf of Mexico (207 km (kilometers) south-southeast) \n(straight-line distance between city center and shore)"
            },
            "expressiontypes": {
                "@count": "1",
                "expressiontype": {
                    "@name": "Default"
                }
            },
            "states": {
                "@count": "2",
                "state": [
                    {
                        "@name": "Show map",
                        "@input": "OceansHierarchyInfo:CityData__Show map"
                    },
                    {
                        "@name": "Show non-metric",
                        "@input": "OceansHierarchyInfo:CityData__Show non-metric"
                    }
                ]
            }
        },
        {
            "@title": "Nicknames",
            "@scanner": "Data",
            "@id": "BasicInformation:CityData",
            "@position": "1900",
            "@error": "false",
            "@numsubpods": "1",
            "subpod": {
                "@title": "",
                "microsources": {
                    "microsource": "CityData"
                },
                "img": {
                    "@src": "https://www4f.wolframalpha.com/Calculate/MSP/MSP492413b76c1dif97ha1d00001cb5if96eih5b7a3?MSPStoreType=image/gif&s=44",
                    "@alt": "City of the Violet Crown | Live Music Capital of the World",
                    "@title": "City of the Violet Crown | Live Music Capital of the World",
                    "@width": "388",
                    "@height": "18",
                    "@type": "Grid",
                    "@themes": "1,2,3,4,5,6,7,8,9,10,11,12",
                    "@colorinvertable": "true"
                },
                "plaintext": "City of the Violet Crown | Live Music Capital of the World"
            },
            "expressiontypes": {
                "@count": "1",
                "expressiontype": {
                    "@name": "Grid"
                }
            }
        }
    ],
    "assumptions": {
        "@count": "2",
        "assumption": [
            {
                "@type": "Clash",
                "@word": "Austin",
                "@template": "Assuming \"${word}\" is ${desc1}. Use as ${desc2} instead",
                "@count": "3",
                "value": [
                    {
                        "@name": "City",
                        "@desc": "a city",
                        "@input": "*C.Austin-_*City-"
                    },
                    {
                        "@name": "GivenName",
                        "@desc": "a given name",
                        "@input": "*C.Austin-_*GivenName-"
                    },
                    {
                        "@name": "Surname",
                        "@desc": "a surname",
                        "@input": "*C.Austin-_*Surname-"
                    }
                ]
            },
            {
                "@type": "SubCategory",
                "@word": "Austin",
                "@template": "Assuming ${desc1}. Use ${desc2} instead",
                "@count": "5",
                "value": [
                    {
                        "@name": "{Austin, Texas, UnitedStates}",
                        "@desc": "Austin (Texas, USA)",
                        "@input": "*DPClash.CityE.Austin-_**Austin.Texas.UnitedStates--"
                    },
                    {
                        "@name": "{Austin, Minnesota, UnitedStates}",
                        "@desc": "Austin (Minnesota, USA)",
                        "@input": "*DPClash.CityE.Austin-_**Austin.Minnesota.UnitedStates--"
                    },
                    {
                        "@name": "{Austin, Indiana, UnitedStates}",
                        "@desc": "Austin (Indiana, USA)",
                        "@input": "*DPClash.CityE.Austin-_**Austin.Indiana.UnitedStates--"
                    },
                    {
                        "@name": "{Austin, Arkansas, UnitedStates}",
                        "@desc": "Austin (Arkansas, USA)",
                        "@input": "*DPClash.CityE.Austin-_**Austin.Arkansas.UnitedStates--"
                    },
                    {
                        "@name": "{Austin, Pennsylvania, UnitedStates}",
                        "@desc": "Austin (Pennsylvania, USA)",
                        "@input": "*DPClash.CityE.Austin-_**Austin.Pennsylvania.UnitedStates--"
                    }
                ]
            }
        ]
    },
    "userinfoused": {
        "@count": "1",
        "userinfo": {
            "@name": "Country"
        }
    },
    "sources": {
        "@count": "14",
        "source": [
            {
                "@url": "https://www4f.wolframalpha.com/sources/ACSDataSourceInformationNotes.html",
                "@text": "ACS data"
            },
            {
                "@url": "https://www4f.wolframalpha.com/sources/CityDataSourceInformationNotes.html",
                "@text": "City data"
            },
            {
                "@url": "https://www4f.wolframalpha.com/sources/CongestionDataSourceInformationNotes.html",
                "@text": "Congestion data"
            },
            {
                "@url": "https://www4f.wolframalpha.com/sources/CrimeDataSourceInformationNotes.html",
                "@text": "Crime data"
            },
            {
                "@url": "https://www4f.wolframalpha.com/sources/MetropolitanAreaDataSourceInformationNotes.html",
                "@text": "Metropolitan area data"
            },
            {
                "@url": "https://www4f.wolframalpha.com/sources/OpenStreetMapSourceInformationNotes.html",
                "@text": "Open street map"
            },
            {
                "@url": "https://www4f.wolframalpha.com/sources/UrbanAreaDataSourceInformationNotes.html",
                "@text": "Urban area data"
            },
            {
                "@url": "https://www4f.wolframalpha.com/sources/USCensusDataSourceInformationNotes.html",
                "@text": "US census data"
            },
            {
                "@url": "https://www4f.wolframalpha.com/sources/USCountyDataSourceInformationNotes.html",
                "@text": "US county data"
            },
            {
                "@url": "https://www4f.wolframalpha.com/sources/USEmploymentDataSourceInformationNotes.html",
                "@text": "US employment data"
            },
            {
                "@url": "https://www4f.wolframalpha.com/sources/USHousingDataSourceInformationNotes.html",
                "@text": "US housing data"
            },
            {
                "@url": "https://www4f.wolframalpha.com/sources/USStateDataSourceInformationNotes.html",
                "@text": "US state data"
            },
            {
                "@url": "https://www4f.wolframalpha.com/sources/USTaxDataSourceInformationNotes.html",
                "@text": "US tax data"
            },
            {
                "@url": "https://www4f.wolframalpha.com/sources/WeatherDataSourceInformationNotes.html",
                "@text": "Weather data"
            }
        ]
    }
}