{
    "@success": "true",
    "@error": "false",
    "@numpods": "14",
    "@datatypes": "AdministrativeDivision,City,NuclearReactor,Person,WeatherStation",
    "@timedout": "",
    "@timedoutpods": "",
    "@timing": "5.6770000000000005",
    "@parsetiming": "0.11900000000000001",
    "@parsetimedout": "false",
    "@recalculate": "",
    "@id": "MSP164215a1cde03e219bhb00001255ha5g91agbb2e",
    "@host": "https://www4f.wolframalpha.com",
    "@server": "49",
    "@related": "https://www4f.wolframalpha.com/api/v1/relatedQueries.jsp?id=MSPa164315a1cde03e219bhb00005hfh9af984i04gec8047663225140514531",
    "@version": "2.6",
    "pod": [
        {
            "@title": "Input interpretation",
            "@scanner": "Identity",
            "@id": "Input",
            "@position": "100",
            "@error": "false",
            "@numsubpods": "1",
            "subpod": {
                "@title": "",
                "img": {
                    "@src": "https://www4f.wolframalpha.com/Calculate/MSP/MSP164415a1cde03e219bhb00001764fb1b8h685h63?MSPStoreType=image/gif&s=49",
                    "@alt": "Bois-Bernard, Nord-Pas-de-Calais, France",
                    "@title": "Bois-Bernard, Nord-Pas-de-Calais, France",
                    "@width": "271",
                    "@height": "18",
                    "@type": "Default",
                    "@themes": "1,2,3,4,5,6,7,8,9,10,11,12",
                    "@colorinvertable": "true"
                },
                "plaintext": "Bois-Bernard, Nord-Pas-de-Calais, France"
            },
            "expressiontypes": {
                "@count": "1",
                "expressiontype": {
                    "@name": "Default"
                }
            }
        },
        {
            "@title": "Population",
            "@scanner": "Data",
            "@id": "Population:CityData",
            "@position": "200",
            "@error": "false",
            "@numsubpods": "1",
            "@primary": "true",
            "subpod": {
                "@title": "",
                "microsources": {
                    "microsource": [
                        "CityData",
                        "USCensusData"
                    ]
                },
                "img": {
                    "@src": "https://www4f.wolframalpha.com/Calculate/MSP/MSP164515a1cde03e219bhb000016eb3d4993933835?MSPStoreType=image/gif&s=49",
                    "@alt": "city population | 828 people (2015 estimate)",
                    "@title": "city population | 828 people (2015 estimate)",
                    "@width": "315",
                    "@height": "36",
                    "@type": "Grid",
                    "@themes": "1,2,3,4,5,6,7,8,9,10,11,12",
                    "@colorinvertable": "true"
                },
                "plaintext": "city population | 828 people (2015 estimate)"
            },
            "expressiontypes": {
                "@count": "1",
                "expressiontype": {
                    "@name": "Grid"
                }
            },
            "states": {
                "@count": "1",
                "state": {
                    "@name": "Show history",
                    "@input": "Population:CityData__Show history"
                }
            }
        },
        {
            "@title": "Location",
            "@scanner": "Data",
            "@id": "Location:CityData",
            "@position": "300",
            "@error": "false",
            "@numsubpods": "2",
            "subpod": [
                {
                    "@title": "",
                    "microsources": {
                        "microsource": [
                            "AdministrativeDivisionData",
                            "CityData"
                        ]
                    },
                    "img": {
                        "@src": "https://www4f.wolframalpha.com/Calculate/MSP/MSP164615a1cde03e219bhb00003i865684de7feaad?MSPStoreType=image/gif&s=49",
                        "@alt": "Nord-Pas-de-Calais, France",
                        "@title": "Nord-Pas-de-Calais, France",
                        "@width": "178",
                        "@height": "18",
                        "@type": "Default",
                        "@themes": "1,2,3,4,5,6,7,8,9,10,11,12",
                        "@colorinvertable": "true"
                    },
                    "plaintext": "Nord-Pas-de-Calais, France"
                },
                {
                    "@title": "",
                    "microsources": {
                        "microsource": [
                            "AdministrativeDivisionData",
                            "CityData",
                            "CountryData"
                        ]
                    },
                    "datasources": {
                        "datasource": "CIAFactbook"
                    },
                    "img": {
                        "@src": "https://www4f.wolframalpha.com/Calculate/MSP/MSP164715a1cde03e219bhb00000e44c0d129di93aa?MSPStoreType=image/gif&s=49",
                        "@alt": "Location",
                        "@title": "",
                        "@width": "328",
                        "@height": "299",
                        "@type": "Default",
                        "@themes": "1,2,3,4,5,6,7,8,9,10,11,12",
                        "@colorinvertable": "true"
                    },
                    "plaintext": null
                }
            ],
            "expressiontypes": {
                "@count": "2",
                "expressiontype": [
                    {
                        "@name": "Default"
                    },
                    {
                        "@name": "Default"
                    }
                ]
            },
            "states": {
                "@count": "2",
                "state": [
                    {
                        "@name": "World map",
                        "@input": "Location:CityData__World map"
                    },
                    {
                        "@name": "Show coordinates",
                        "@input": "Location:CityData__Show coordinates"
                    }
                ]
            },
            "infos": {
                "@count": "1",
                "info": {
                    "link": {
                        "@url": "http://maps.google.com?ie=UTF8&z=12&t=k&ll=50.38%2C2.92&q=50.38%20N%2C%202.92%20E",
                        "@text": "Satellite image"
                    }
                }
            }
        },
        {
            "@title": "Local map",
            "@scanner": "Data",
            "@id": "Map:CityData",
            "@position": "400",
            "@error": "false",
            "@numsubpods": "1",
            "subpod": {
                "@title": "",
                "microsources": {
                    "microsource": [
                        "CityData",
                        "OpenStreetMap"
                    ]
                },
                "img": {
                    "@src": "https://www4f.wolframalpha.com/Calculate/MSP/MSP164815a1cde03e219bhb000020ag6ce8ai1iefbe?MSPStoreType=image/gif&s=49",
                    "@alt": "Local map",
                    "@title": "",
                    "@width": "550",
                    "@height": "278",
                    "@type": "Default",
                    "@themes": "1,2,3,4,5,6,7,8,9,10,11,12",
                    "@colorinvertable": "false"
                },
                "plaintext": null
            },
            "expressiontypes": {
                "@count": "1",
                "expressiontype": {
                    "@name": "Default"
                }
            },
            "states": {
                "@count": "2",
                "statelist": {
                    "@count": "13",
                    "@value": "10 kilometers across",
                    "@delimiters": "",
                    "state": [
                        {
                            "@name": "7 kilometers across",
                            "@input": "Map:CityData__7 kilometers across"
                        },
                        {
                            "@name": "10 kilometers across",
                            "@input": "Map:CityData__10 kilometers across"
                        },
                        {
                            "@name": "30 kilometers across",
                            "@input": "Map:CityData__30 kilometers across"
                        },
                        {
                            "@name": "50 kilometers across",
                            "@input": "Map:CityData__50 kilometers across"
                        },
                        {
                            "@name": "110 kilometers across",
                            "@input": "Map:CityData__110 kilometers across"
                        },
                        {
                            "@name": "220 kilometers across",
                            "@input": "Map:CityData__220 kilometers across"
                        },
                        {
                            "@name": "440 kilometers across",
                            "@input": "Map:CityData__440 kilometers across"
                        },
                        {
                            "@name": "870 kilometers across",
                            "@input": "Map:CityData__870 kilometers across"
                        },
                        {
                            "@name": "1700 kilometers across",
                            "@input": "Map:CityData__1700 kilometers across"
                        },
                        {
                            "@name": "3400 kilometers across",
                            "@input": "Map:CityData__3400 kilometers across"
                        },
                        {
                            "@name": "6700 kilometers across",
                            "@input": "Map:CityData__6700 kilometers across"
                        },
                        {
                            "@name": "11000 kilometers across",
                            "@input": "Map:CityData__11000 kilometers across"
                        },
                        {
                            "@name": "21000 kilometers across",
                            "@input": "Map:CityData__21000 kilometers across"
                        }
                    ]
                },
                "state": {
                    "@name": "Non-metric",
                    "@input": "Map:CityData__Non-metric"
                }
            },
            "infos": {
                "@count": "1",
                "info": {
                    "link": {
                        "@url": "http://maps.google.com?ie=UTF8&z=12&t=k&ll=50.38%2C2.92&q=50.38%20N%2C%202.92%20E",
                        "@text": "Satellite image"
                    }
                }
            }
        },
        {
            "@title": "Administrative regions",
            "@scanner": "Data",
            "@id": "AdministrativeRegions:CityData",
            "@position": "500",
            "@error": "false",
            "@numsubpods": "1",
            "subpod": {
                "@title": "",
                "microsources": {
                    "microsource": "CityData"
                },
                "img": {
                    "@src": "https://www4f.wolframalpha.com/Calculate/MSP/MSP164915a1cde03e219bhb0000176fad7hi2a6cebh?MSPStoreType=image/gif&s=49",
                    "@alt": "region | Nord-Pas-de-Calais country | France",
                    "@title": "region | Nord-Pas-de-Calais country | France",
                    "@width": "225",
                    "@height": "68",
                    "@type": "Grid",
                    "@themes": "1,2,3,4,5,6,7,8,9,10,11,12",
                    "@colorinvertable": "true"
                },
                "plaintext": "region | Nord-Pas-de-Calais\ncountry | France"
            },
            "expressiontypes": {
                "@count": "1",
                "expressiontype": {
                    "@name": "Grid"
                }
            }
        },
        {
            "@title": "Current local time",
            "@scanner": "Data",
            "@id": "CurrentTime:CityData",
            "@position": "600",
            "@error": "false",
            "@numsubpods": "1",
            "subpod": {
                "@title": "",
                "microsources": {
                    "microsource": "CityData"
                },
                "img": {
                    "@src": "https://www4f.wolframalpha.com/Calculate/MSP/MSP165015a1cde03e219bhb000043b25gebb97echfc?MSPStoreType=image/gif&s=49",
                    "@alt": "5:34 am CET | Sunday, January 19, 2020",
                    "@title": "5:34 am CET | Sunday, January 19, 2020",
                    "@width": "283",
                    "@height": "18",
                    "@type": "Grid",
                    "@themes": "1,2,3,4,5,6,7,8,9,10,11,12",
                    "@colorinvertable": "true"
                },
                "plaintext": "5:34 am CET | Sunday, January 19, 2020"
            },
            "expressiontypes": {
                "@count": "1",
                "expressiontype": {
                    "@name": "Default"
                }
            }
        },
        {
            "@title": "Current weather",
            "@scanner": "Data",
            "@id": "WeatherPod:CityData",
            "@position": "700",
            "@error": "false",
            "@numsubpods": "1",
            "subpod": {
                "@title": "",
                "microsources": {
                    "microsource": [
                        "CityData",
                        "WeatherData"
                    ]
                },
                "img": {
                    "@src": "https://www4f.wolframalpha.com/Calculate/MSP/MSP165115a1cde03e219bhb00002geg5hbbhceh3237?MSPStoreType=image/gif&s=49",
                    "@alt": "2 \u00b0C (wind chill: 0 \u00b0C) | relative humidity: 93% | wind: 2 m/s | partly cloudy",
                    "@title": "2 \u00b0C (wind chill: 0 \u00b0C) | relative humidity: 93% | wind: 2 m/s | partly cloudy",
                    "@width": "527",
                    "@height": "22",
                    "@type": "Grid",
                    "@themes": "1,2,3,4,5,6,7,8,9,10,11,12",
                    "@colorinvertable": "true"
                },
                "plaintext": "2 \u00b0C (wind chill: 0 \u00b0C) | relative humidity: 93% | wind: 2 m/s | partly cloudy"
            },
            "expressiontypes": {
                "@count": "1",
                "expressiontype": {
                    "@name": "Grid"
                }
            },
            "states": {
                "@count": "2",
                "state": [
                    {
                        "@name": "Show history",
                        "@input": "WeatherPod:CityData__Show history"
                    },
                    {
                        "@name": "Show non-metric",
                        "@input": "WeatherPod:CityData__Show non-metric"
                    }
                ]
            }
        },
        {
            "@title": "Nearby cities",
            "@scanner": "Data",
            "@id": "CityHierarchyInfo:CityData",
            "@position": "800",
            "@error": "false",
            "@numsubpods": "1",
            "subpod": {
                "@title": "",
                "microsources": {
                    "microsource": "CityData"
                },
                "img": {
                    "@src": "https://www4f.wolframalpha.com/Calculate/MSP/MSP165215a1cde03e219bhb000062da56d4aead2h56?MSPStoreType=image/gif&s=49",
                    "@alt": "H\u00e9nin-Beaumont, Nord-Pas-de-Calais | 3 km (kilometers) north-northeast | 26031 people Lens, Nord-Pas-de-Calais | 9 km (kilometers) northwest | 36011 people Douai, Nord-Pas-de-Calais | 11 km (kilometers) east | 42621 people Lille, Nord-Pas-de-Calais | 31 km (kilometers) north-northeast | 227560 people Paris, Ile-de-France | 174 km (kilometers) south-southwest | 2.234 million people (straight-line distances between city centers)",
                    "@title": "H\u00e9nin-Beaumont, Nord-Pas-de-Calais | 3 km (kilometers) north-northeast | 26031 people Lens, Nord-Pas-de-Calais | 9 km (kilometers) northwest | 36011 people Douai, Nord-Pas-de-Calais | 11 km (kilometers) east | 42621 people Lille, Nord-Pas-de-Calais | 31 km (kilometers) north-northeast | 227560 people Paris, Ile-de-France | 174 km (kilometers) south-southwest | 2.234 million people (straight-line distances between city centers)",
                    "@width": "545",
                    "@height": "254",
                    "@type": "Grid",
                    "@themes": "1,2,3,4,5,6,7,8,9,10,11,12",
                    "@colorinvertable": "true"
                },
                "plaintext": "H\u00e9nin-Beaumont, Nord-Pas-de-Calais | 3 km (kilometers) north-northeast | 26031 people\nLens, Nord-Pas-de-Calais | 9 km (kilometers) northwest | 36011 people\nDouai, Nord-Pas-de-Calais | 11 km (kilometers) east | 42621 people\nLille, Nord-Pas-de-Calais | 31 km (kilometers) north-northeast | 227560 people\nParis, Ile-de-France | 174 km (kilometers) south-southwest | 2.234 million people\n(straight-line distances between city centers)"
            },
            "expressiontypes": {
                "@count": "1",
                "expressiontype": {
                    "@name": "Grid"
                }
            },
            "states": {
                "@count": "2",
                "state": [
                    {
                        "@name": "Show non-metric",
                        "@input": "CityHierarchyInfo:CityData__Show non-metric"
                    },
                    {
                        "@name": "More",
                        "@input": "CityHierarchyInfo:CityData__More"
                    }
                ]
            }
        },
        {
            "@title": "Nearby airports",
            "@scanner": "Data",
            "@id": "AirportHierarchyInfo:CityData",
            "@position": "900",
            "@error": "false",
            "@numsubpods": "1",
            "subpod": {
                "@title": "",
                "microsources": {
                    "microsource": "CityData"
                },
                "img": {
                    "@src": "https://www4f.wolframalpha.com/Calculate/MSP/MSP165315a1cde03e219bhb000020b60a6b4a7iddgb?MSPStoreType=image/gif&s=49",
                    "@alt": "Lille Lesquin International Airport | 24 km (kilometers) north-northeast Epinoy | 24 km (kilometers) southeast Merville Calonne Airport | 33 km (kilometers) northwest Valenciennes Denain Airport | 39 km (kilometers) east Bray | 48 km (kilometers) south-southwest (straight-line distances between city center and airport)",
                    "@title": "Lille Lesquin International Airport | 24 km (kilometers) north-northeast Epinoy | 24 km (kilometers) southeast Merville Calonne Airport | 33 km (kilometers) northwest Valenciennes Denain Airport | 39 km (kilometers) east Bray | 48 km (kilometers) south-southwest (straight-line distances between city center and airport)",
                    "@width": "505",
                    "@height": "170",
                    "@type": "Grid",
                    "@themes": "1,2,3,4,5,6,7,8,9,10,11,12",
                    "@colorinvertable": "true"
                },
                "plaintext": "Lille Lesquin International Airport | 24 km (kilometers) north-northeast\nEpinoy | 24 km (kilometers) southeast\nMerville Calonne Airport | 33 km (kilometers) northwest\nValenciennes Denain Airport | 39 km (kilometers) east\nBray | 48 km (kilometers) south-southwest\n(straight-line distances between city center and airport)"
            },
            "expressiontypes": {
                "@count": "1",
                "expressiontype": {
                    "@name": "Grid"
                }
            },
            "states": {
                "@count": "2",
                "state": [
                    {
                        "@name": "Show non-metric",
                        "@input": "AirportHierarchyInfo:CityData__Show non-metric"
                    },
                    {
                        "@name": "More",
                        "@input": "AirportHierarchyInfo:CityData__More"
                    }
                ]
            }
        },
        {
            "@title": "Geographic properties",
            "@scanner": "Data",
            "@id": "GeographicProperties:CityData",
            "@position": "1000",
            "@error": "false",
            "@numsubpods": "1",
            "subpod": {
                "@title": "",
                "microsources": {
                    "microsource": "CityData"
                },
                "img": {
                    "@src": "https://www4f.wolframalpha.com/Calculate/MSP/MSP165415a1cde03e219bhb00005b13egfh0e7g5b73?MSPStoreType=image/gif&s=49",
                    "@alt": "elevation | 64 m",
                    "@title": "elevation | 64 m",
                    "@width": "139",
                    "@height": "36",
                    "@type": "Grid",
                    "@themes": "1,2,3,4,5,6,7,8,9,10,11,12",
                    "@colorinvertable": "true"
                },
                "plaintext": "elevation | 64 m"
            },
            "expressiontypes": {
                "@count": "1",
                "expressiontype": {
                    "@name": "Grid"
                }
            },
            "states": {
                "@count": "1",
                "state": {
                    "@name": "Show non-metric",
                    "@input": "GeographicProperties:CityData__Show non-metric"
                }
            },
            "infos": {
                "@count": "1",
                "info": {
                    "units": {
                        "@count": "1",
                        "unit": {
                            "@short": "m",
                            "@long": "meters"
                        },
                        "img": {
                            "@src": "https://www4f.wolframalpha.com/Calculate/MSP/MSP165515a1cde03e219bhb000039dab8b9a22b630h?MSPStoreType=image/gif&s=49",
                            "@width": "96",
                            "@height": "26"
                        }
                    }
                }
            }
        },
        {
            "@title": "Nearby features",
            "@scanner": "Data",
            "@id": "FeaturesHierarchyInfo:CityData",
            "@position": "1100",
            "@error": "false",
            "@numsubpods": "1",
            "subpod": {
                "@title": "",
                "microsources": {
                    "microsource": [
                        "CityData",
                        "NuclearReactorData"
                    ]
                },
                "datasources": {
                    "datasource": "IAEAPowerReactorInformationSystem"
                },
                "img": {
                    "@src": "https://www4f.wolframalpha.com/Calculate/MSP/MSP165615a1cde03e219bhb0000343h7ffi43g14a9e?MSPStoreType=image/gif&s=49",
                    "@alt": "nuclear power site | Gravelines | 90 km (kilometers) northwest volcano | West Eifel Volcanic Field (600 meters) | 281 km (kilometers) east (straight-line distances between city center and feature coordinates)",
                    "@title": "nuclear power site | Gravelines | 90 km (kilometers) northwest volcano | West Eifel Volcanic Field (600 meters) | 281 km (kilometers) east (straight-line distances between city center and feature coordinates)",
                    "@width": "545",
                    "@height": "128",
                    "@type": "Grid",
                    "@themes": "1,2,3,4,5,6,7,8,9,10,11,12",
                    "@colorinvertable": "true"
                },
                "plaintext": "nuclear power site | Gravelines | 90 km (kilometers) northwest\nvolcano | West Eifel Volcanic Field (600 meters) | 281 km (kilometers) east\n(straight-line distances between city center and feature coordinates)"
            },
            "expressiontypes": {
                "@count": "1",
                "expressiontype": {
                    "@name": "Grid"
                }
            },
            "states": {
                "@count": "1",
                "state": {
                    "@name": "Show non-metric",
                    "@input": "FeaturesHierarchyInfo:CityData__Show non-metric"
                }
            }
        },
        {
            "@title": "Nearest sea",
            "@scanner": "Data",
            "@id": "OceansHierarchyInfo:CityData",
            "@position": "1200",
            "@error": "false",
            "@numsubpods": "1",
            "subpod": {
                "@title": "",
                "microsources": {
                    "microsource": "CityData"
                },
                "img": {
                    "@src": "https://www4f.wolframalpha.com/Calculate/MSP/MSP165715a1cde03e219bhb00000e648e7i856i0313?MSPStoreType=image/gif&s=49",
                    "@alt": "North Sea (83 km (kilometers) north-northwest)  (straight-line distance between city center and shore)",
                    "@title": "North Sea (83 km (kilometers) north-northwest)  (straight-line distance between city center and shore)",
                    "@width": "315",
                    "@height": "41",
                    "@type": "Default",
                    "@themes": "1,2,3,4,5,6,7,8,9,10,11,12",
                    "@colorinvertable": "true"
                },
                "plaintext": "North Sea (83 km (kilometers) north-northwest) \n(straight-line distance between city center and shore)"
            },
            "expressiontypes": {
                "@count": "1",
                "expressiontype": {
                    "@name": "Default"
                }
            },
            "states": {
                "@count": "3",
                "state": [
                    {
                        "@name": "Show map",
                        "@input": "OceansHierarchyInfo:CityData__Show map"
                    },
                    {
                        "@name": "Show non-metric",
                        "@input": "OceansHierarchyInfo:CityData__Show non-metric"
                    },
                    {
                        "@name": "More",
                        "@input": "OceansHierarchyInfo:CityData__More"
                    }
                ]
            }
        },
        {
            "@title": "Notable people born in Bois-Bernard",
            "@scanner": "Data",
            "@id": "NotablePeople:CityData",
            "@position": "1300",
            "@error": "false",
            "@numsubpods": "1",
            "subpod": {
                "@title": "",
                "microsources": {
                    "microsource": [
                        "CityData",
                        "PeopleData"
                    ]
                },
                "img": {
                    "@src": "https://www4f.wolframalpha.com/Calculate/MSP/MSP165815a1cde03e219bhb00000hgb69c1if3i3i5e?MSPStoreType=image/gif&s=49",
                    "@alt": "(none known)",
                    "@title": "(none known)",
                    "@width": "92",
                    "@height": "18",
                    "@type": "Default",
                    "@themes": "1,2,3,4,5,6,7,8,9,10,11,12",
                    "@colorinvertable": "true"
                },
                "plaintext": "(none known)"
            },
            "expressiontypes": {
                "@count": "1",
                "expressiontype": {
                    "@name": "Default"
                }
            },
            "states": {
                "@count": "2",
                "state": [
                    {
                        "@name": "Show dates",
                        "@input": "NotablePeople:CityData__Show dates"
                    },
                    {
                        "@name": "Show deaths",
                        "@input": "NotablePeople:CityData__Show deaths"
                    }
                ]
            }
        },
        {
            "@title": "Wikipedia page hits history",
            "@scanner": "Data",
            "@id": "PopularityPod:WikipediaStatsData",
            "@position": "1400",
            "@error": "false",
            "@numsubpods": "1",
            "subpod": {
                "@title": "",
                "img": {
                    "@src": "https://www4f.wolframalpha.com/Calculate/MSP/MSP165915a1cde03e219bhb00002gd726f2ed11c8fe?MSPStoreType=image/gif&s=49",
                    "@alt": "Wikipedia page hits history",
                    "@title": "",
                    "@width": "546",
                    "@height": "168",
                    "@type": "TimeSeriesPlot_1",
                    "@themes": "1,2,3,4,5,6,7,8,9,10,11,12",
                    "@colorinvertable": "true"
                },
                "plaintext": null
            },
            "expressiontypes": {
                "@count": "1",
                "expressiontype": {
                    "@name": "TimeSeriesPlot"
                }
            },
            "states": {
                "@count": "1",
                "state": {
                    "@name": "Log scale",
                    "@input": "PopularityPod:WikipediaStatsData__Log scale"
                }
            }
        }
    ],
    "assumptions": {
        "@count": "1",
        "assumption": {
            "@type": "SubCategory",
            "@word": "Boisbriand",
            "@template": "Assuming ${desc1}. Use ${desc2} instead",
            "@count": "3",
            "value": [
                {
                    "@name": "{BoisBernard, NordPasDeCalais, France}",
                    "@desc": "Bois\u2010Bernard (Nord\u2010Pas\u2010de\u2010Calais, France)",
                    "@input": "*DPClash.CityE.Boisbriand-_**BoisBernard.NordPasDeCalais.France--"
                },
                {
                    "@name": "{Boismorand, Centre, France}",
                    "@desc": "Boismorand (Centre\u2010Val de Loire, France)",
                    "@input": "*DPClash.CityE.Boisbriand-_**Boismorand.Centre.France--"
                },
                {
                    "@name": "{BoisDeGand, FrancheComte, France}",
                    "@desc": "Bois\u2010de\u2010Gand (Franche\u2010Comte, France)",
                    "@input": "*DPClash.CityE.Boisbriand-_**BoisDeGand.FrancheComte.France--"
                }
            ]
        }
    },
    "userinfoused": {
        "@count": "1",
        "userinfo": {
            "@name": "Country"
        }
    },
    "warnings": {
        "@count": "1",
        "spellcheck": {
            "@word": "Boisbriand",
            "@suggestion": "boisbernard",
            "@text": "Interpreting \"Boisbriand\" as \"boisbernard\""
        }
    },
    "sources": {
        "@count": "7",
        "source": [
            {
                "@url": "https://www4f.wolframalpha.com/sources/AdministrativeDivisionDataSourceInformationNotes.html",
                "@text": "Administrative division data"
            },
            {
                "@url": "https://www4f.wolframalpha.com/sources/CityDataSourceInformationNotes.html",
                "@text": "City data"
            },
            {
                "@url": "https://www4f.wolframalpha.com/sources/NuclearReactorDataSourceInformationNotes.html",
                "@text": "Nuclear reactor data"
            },
            {
                "@url": "https://www4f.wolframalpha.com/sources/OpenStreetMapSourceInformationNotes.html",
                "@text": "Open street map"
            },
            {
                "@url": "https://www4f.wolframalpha.com/sources/PeopleDataSourceInformationNotes.html",
                "@text": "People data"
            },
            {
                "@url": "https://www4f.wolframalpha.com/sources/USCensusDataSourceInformationNotes.html",
                "@text": "US census data"
            },
            {
                "@url": "https://www4f.wolframalpha.com/sources/WeatherDataSourceInformationNotes.html",
                "@text": "Weather data"
            }
        ]
    }
}