{
    "@success": "true",
    "@error": "false",
    "@numpods": "15",
    "@datatypes": "AdministrativeDivision,City,Person,WeatherStation",
    "@timedout": "",
    "@timedoutpods": "",
    "@timing": "7.066",
    "@parsetiming": "0.58",
    "@parsetimedout": "false",
    "@recalculate": "",
    "@id": "MSP33281730gd03e5e9cdg700001637a7gg17cc43bg",
    "@host": "https://www4f.wolframalpha.com",
    "@server": "53",
    "@related": "https://www4f.wolframalpha.com/api/v1/relatedQueries.jsp?id=MSPa33291730gd03e5e9cdg700004a0f3i9gg9fcf3d91494264905346578628",
    "@version": "2.6",
    "pod": [
        {
            "@title": "Input interpretation",
            "@scanner": "Identity",
            "@id": "Input",
            "@position": "100",
            "@error": "false",
            "@numsubpods": "1",
            "subpod": {
                "@title": "",
                "img": {
                    "@src": "https://www4f.wolframalpha.com/Calculate/MSP/MSP33301730gd03e5e9cdg700000cdc19f87bb7966i?MSPStoreType=image/gif&s=53",
                    "@alt": "Cornwall, Ontario",
                    "@title": "Cornwall, Ontario",
                    "@width": "120",
                    "@height": "18",
                    "@type": "Default",
                    "@themes": "1,2,3,4,5,6,7,8,9,10,11,12",
                    "@colorinvertable": "true"
                },
                "plaintext": "Cornwall, Ontario"
            },
            "expressiontypes": {
                "@count": "1",
                "expressiontype": {
                    "@name": "Default"
                }
            }
        },
        {
            "@title": "Population",
            "@scanner": "Data",
            "@id": "Population:CityData",
            "@position": "200",
            "@error": "false",
            "@numsubpods": "1",
            "@primary": "true",
            "subpod": {
                "@title": "",
                "microsources": {
                    "microsource": [
                        "CityData",
                        "USCensusData"
                    ]
                },
                "img": {
                    "@src": "https://www4f.wolframalpha.com/Calculate/MSP/MSP33311730gd03e5e9cdg700000d29gd9475dgd6a4?MSPStoreType=image/gif&s=53",
                    "@alt": "city population | 46876 people (country rank: 92nd) (2018 estimate)",
                    "@title": "city population | 46876 people (country rank: 92nd) (2018 estimate)",
                    "@width": "455",
                    "@height": "36",
                    "@type": "Grid",
                    "@themes": "1,2,3,4,5,6,7,8,9,10,11,12",
                    "@colorinvertable": "true"
                },
                "plaintext": "city population | 46876 people (country rank: 92nd) (2018 estimate)"
            },
            "expressiontypes": {
                "@count": "1",
                "expressiontype": {
                    "@name": "Grid"
                }
            },
            "states": {
                "@count": "1",
                "state": {
                    "@name": "Show history",
                    "@input": "Population:CityData__Show history"
                }
            }
        },
        {
            "@title": "Location",
            "@scanner": "Data",
            "@id": "Location:CityData",
            "@position": "300",
            "@error": "false",
            "@numsubpods": "2",
            "subpod": [
                {
                    "@title": "",
                    "microsources": {
                        "microsource": [
                            "AdministrativeDivisionData",
                            "CityData"
                        ]
                    },
                    "img": {
                        "@src": "https://www4f.wolframalpha.com/Calculate/MSP/MSP33321730gd03e5e9cdg700002efd92c6dgd7e897?MSPStoreType=image/gif&s=53",
                        "@alt": "Ontario, Canada",
                        "@title": "Ontario, Canada",
                        "@width": "109",
                        "@height": "18",
                        "@type": "Default",
                        "@themes": "1,2,3,4,5,6,7,8,9,10,11,12",
                        "@colorinvertable": "true"
                    },
                    "plaintext": "Ontario, Canada"
                },
                {
                    "@title": "",
                    "microsources": {
                        "microsource": [
                            "AdministrativeDivisionData",
                            "CityData",
                            "CountryData"
                        ]
                    },
                    "datasources": {
                        "datasource": "CIAFactbook"
                    },
                    "img": {
                        "@src": "https://www4f.wolframalpha.com/Calculate/MSP/MSP33331730gd03e5e9cdg700004ibbfcdd6ida7dai?MSPStoreType=image/gif&s=53",
                        "@alt": "Location",
                        "@title": "",
                        "@width": "328",
                        "@height": "214",
                        "@type": "Default",
                        "@themes": "1,2,3,4,5,6,7,8,9,10,11,12",
                        "@colorinvertable": "true"
                    },
                    "plaintext": null
                }
            ],
            "expressiontypes": {
                "@count": "2",
                "expressiontype": [
                    {
                        "@name": "Default"
                    },
                    {
                        "@name": "Default"
                    }
                ]
            },
            "states": {
                "@count": "2",
                "state": [
                    {
                        "@name": "World map",
                        "@input": "Location:CityData__World map"
                    },
                    {
                        "@name": "Show coordinates",
                        "@input": "Location:CityData__Show coordinates"
                    }
                ]
            },
            "infos": {
                "@count": "1",
                "info": {
                    "link": {
                        "@url": "http://maps.google.com?ie=UTF8&z=12&t=k&ll=45.03%2C-74.74&q=45.03%20N%2C%2074.74%20W",
                        "@text": "Satellite image"
                    }
                }
            }
        },
        {
            "@title": "Local map",
            "@scanner": "Data",
            "@id": "Map:CityData",
            "@position": "400",
            "@error": "false",
            "@numsubpods": "1",
            "subpod": {
                "@title": "",
                "microsources": {
                    "microsource": [
                        "CityData",
                        "OpenStreetMap"
                    ]
                },
                "img": {
                    "@src": "https://www4f.wolframalpha.com/Calculate/MSP/MSP33341730gd03e5e9cdg700001a9599h576992225?MSPStoreType=image/gif&s=53",
                    "@alt": "Local map",
                    "@title": "",
                    "@width": "550",
                    "@height": "278",
                    "@type": "Default",
                    "@themes": "1,2,3,4,5,6,7,8,9,10,11,12",
                    "@colorinvertable": "false"
                },
                "plaintext": null
            },
            "expressiontypes": {
                "@count": "1",
                "expressiontype": {
                    "@name": "Default"
                }
            },
            "states": {
                "@count": "2",
                "statelist": {
                    "@count": "13",
                    "@value": "30 kilometers across",
                    "@delimiters": "",
                    "state": [
                        {
                            "@name": "8 kilometers across",
                            "@input": "Map:CityData__8 kilometers across"
                        },
                        {
                            "@name": "20 kilometers across",
                            "@input": "Map:CityData__20 kilometers across"
                        },
                        {
                            "@name": "30 kilometers across",
                            "@input": "Map:CityData__30 kilometers across"
                        },
                        {
                            "@name": "60 kilometers across",
                            "@input": "Map:CityData__60 kilometers across"
                        },
                        {
                            "@name": "120 kilometers across",
                            "@input": "Map:CityData__120 kilometers across"
                        },
                        {
                            "@name": "240 kilometers across",
                            "@input": "Map:CityData__240 kilometers across"
                        },
                        {
                            "@name": "480 kilometers across",
                            "@input": "Map:CityData__480 kilometers across"
                        },
                        {
                            "@name": "960 kilometers across",
                            "@input": "Map:CityData__960 kilometers across"
                        },
                        {
                            "@name": "1900 kilometers across",
                            "@input": "Map:CityData__1900 kilometers across"
                        },
                        {
                            "@name": "3800 kilometers across",
                            "@input": "Map:CityData__3800 kilometers across"
                        },
                        {
                            "@name": "7400 kilometers across",
                            "@input": "Map:CityData__7400 kilometers across"
                        },
                        {
                            "@name": "12000 kilometers across",
                            "@input": "Map:CityData__12000 kilometers across"
                        },
                        {
                            "@name": "24000 kilometers across",
                            "@input": "Map:CityData__24000 kilometers across"
                        }
                    ]
                },
                "state": {
                    "@name": "Non-metric",
                    "@input": "Map:CityData__Non-metric"
                }
            },
            "infos": {
                "@count": "1",
                "info": {
                    "link": {
                        "@url": "http://maps.google.com?ie=UTF8&z=12&t=k&ll=45.03%2C-74.74&q=45.03%20N%2C%2074.74%20W",
                        "@text": "Satellite image"
                    }
                }
            }
        },
        {
            "@title": "Administrative regions",
            "@scanner": "Data",
            "@id": "AdministrativeRegions:CityData",
            "@position": "500",
            "@error": "false",
            "@numsubpods": "1",
            "subpod": {
                "@title": "",
                "microsources": {
                    "microsource": "CityData"
                },
                "img": {
                    "@src": "https://www4f.wolframalpha.com/Calculate/MSP/MSP33351730gd03e5e9cdg7000041ed0896gb61e8d1?MSPStoreType=image/gif&s=53",
                    "@alt": "region | Ontario country | Canada",
                    "@title": "region | Ontario country | Canada",
                    "@width": "151",
                    "@height": "68",
                    "@type": "Grid",
                    "@themes": "1,2,3,4,5,6,7,8,9,10,11,12",
                    "@colorinvertable": "true"
                },
                "plaintext": "region | Ontario\ncountry | Canada"
            },
            "expressiontypes": {
                "@count": "1",
                "expressiontype": {
                    "@name": "Grid"
                }
            }
        },
        {
            "@title": "Current local time",
            "@scanner": "Data",
            "@id": "CurrentTime:CityData",
            "@position": "600",
            "@error": "false",
            "@numsubpods": "1",
            "subpod": {
                "@title": "",
                "microsources": {
                    "microsource": "CityData"
                },
                "img": {
                    "@src": "https://www4f.wolframalpha.com/Calculate/MSP/MSP33361730gd03e5e9cdg700000h96d0584h7a33c8?MSPStoreType=image/gif&s=53",
                    "@alt": "11:35 pm EST | Saturday, January 18, 2020",
                    "@title": "11:35 pm EST | Saturday, January 18, 2020",
                    "@width": "301",
                    "@height": "18",
                    "@type": "Grid",
                    "@themes": "1,2,3,4,5,6,7,8,9,10,11,12",
                    "@colorinvertable": "true"
                },
                "plaintext": "11:35 pm EST | Saturday, January 18, 2020"
            },
            "expressiontypes": {
                "@count": "1",
                "expressiontype": {
                    "@name": "Default"
                }
            }
        },
        {
            "@title": "Current weather",
            "@scanner": "Data",
            "@id": "WeatherPod:CityData",
            "@position": "700",
            "@error": "false",
            "@numsubpods": "1",
            "subpod": {
                "@title": "",
                "microsources": {
                    "microsource": [
                        "CityData",
                        "WeatherData"
                    ]
                },
                "img": {
                    "@src": "https://www4f.wolframalpha.com/Calculate/MSP/MSP33371730gd03e5e9cdg7000058e8eiee9d67fa4b?MSPStoreType=image/gif&s=53",
                    "@alt": "-12 \u00b0C (wind chill: -21 \u00b0C) | relative humidity: 80% | wind: 7 m/s | snow, overcast",
                    "@title": "-12 \u00b0C (wind chill: -21 \u00b0C) | relative humidity: 80% | wind: 7 m/s | snow, overcast",
                    "@width": "516",
                    "@height": "39",
                    "@type": "Grid",
                    "@themes": "1,2,3,4,5,6,7,8,9,10,11,12",
                    "@colorinvertable": "true"
                },
                "plaintext": "-12 \u00b0C (wind chill: -21 \u00b0C) | relative humidity: 80% | wind: 7 m/s | snow, overcast"
            },
            "expressiontypes": {
                "@count": "1",
                "expressiontype": {
                    "@name": "Grid"
                }
            },
            "states": {
                "@count": "2",
                "state": [
                    {
                        "@name": "Show history",
                        "@input": "WeatherPod:CityData__Show history"
                    },
                    {
                        "@name": "Show non-metric",
                        "@input": "WeatherPod:CityData__Show non-metric"
                    }
                ]
            }
        },
        {
            "@title": "Nearby cities",
            "@scanner": "Data",
            "@id": "CityHierarchyInfo:CityData",
            "@position": "800",
            "@error": "false",
            "@numsubpods": "1",
            "subpod": {
                "@title": "",
                "microsources": {
                    "microsource": "CityData"
                },
                "img": {
                    "@src": "https://www4f.wolframalpha.com/Calculate/MSP/MSP33381730gd03e5e9cdg700000g3f4b33ia641hi6?MSPStoreType=image/gif&s=53",
                    "@alt": "Ottawa, Ontario | 88 km (kilometers) west-northwest | 883391 people Laval, Quebec | 100 km (kilometers) northeast | 368709 people Montreal, Quebec | 107 km (kilometers) east-northeast | 1.65 million people (straight-line distances between city centers)",
                    "@title": "Ottawa, Ontario | 88 km (kilometers) west-northwest | 883391 people Laval, Quebec | 100 km (kilometers) northeast | 368709 people Montreal, Quebec | 107 km (kilometers) east-northeast | 1.65 million people (straight-line distances between city centers)",
                    "@width": "530",
                    "@height": "114",
                    "@type": "Grid",
                    "@themes": "1,2,3,4,5,6,7,8,9,10,11,12",
                    "@colorinvertable": "true"
                },
                "plaintext": "Ottawa, Ontario | 88 km (kilometers) west-northwest | 883391 people\nLaval, Quebec | 100 km (kilometers) northeast | 368709 people\nMontreal, Quebec | 107 km (kilometers) east-northeast | 1.65 million people\n(straight-line distances between city centers)"
            },
            "expressiontypes": {
                "@count": "1",
                "expressiontype": {
                    "@name": "Grid"
                }
            },
            "states": {
                "@count": "2",
                "state": [
                    {
                        "@name": "Show non-metric",
                        "@input": "CityHierarchyInfo:CityData__Show non-metric"
                    },
                    {
                        "@name": "More",
                        "@input": "CityHierarchyInfo:CityData__More"
                    }
                ]
            }
        },
        {
            "@title": "Nearby airport",
            "@scanner": "Data",
            "@id": "AirportHierarchyInfo:CityData",
            "@position": "900",
            "@error": "false",
            "@numsubpods": "1",
            "subpod": {
                "@title": "",
                "microsources": {
                    "microsource": "CityData"
                },
                "img": {
                    "@src": "https://www4f.wolframalpha.com/Calculate/MSP/MSP33391730gd03e5e9cdg7000030ffa14b4136bfce?MSPStoreType=image/gif&s=53",
                    "@alt": "Massena International-Richards Field | 13 km (kilometers) southwest (straight-line distances between city center and airport)",
                    "@title": "Massena International-Richards Field | 13 km (kilometers) southwest (straight-line distances between city center and airport)",
                    "@width": "487",
                    "@height": "58",
                    "@type": "Grid",
                    "@themes": "1,2,3,4,5,6,7,8,9,10,11,12",
                    "@colorinvertable": "true"
                },
                "plaintext": "Massena International-Richards Field | 13 km (kilometers) southwest\n(straight-line distances between city center and airport)"
            },
            "expressiontypes": {
                "@count": "1",
                "expressiontype": {
                    "@name": "Grid"
                }
            },
            "states": {
                "@count": "2",
                "state": [
                    {
                        "@name": "Show non-metric",
                        "@input": "AirportHierarchyInfo:CityData__Show non-metric"
                    },
                    {
                        "@name": "More",
                        "@input": "AirportHierarchyInfo:CityData__More"
                    }
                ]
            }
        },
        {
            "@title": "Nearby hospital",
            "@scanner": "Data",
            "@id": "HospitalHierarchyInfo:CityData",
            "@position": "1000",
            "@error": "false",
            "@numsubpods": "1",
            "subpod": {
                "@title": "",
                "microsources": {
                    "microsource": "CityData"
                },
                "img": {
                    "@src": "https://www4f.wolframalpha.com/Calculate/MSP/MSP33401730gd03e5e9cdg700003g0b7abb75afai7a?MSPStoreType=image/gif&s=53",
                    "@alt": "Massena Memorial Hospital | 17 km (kilometers) southwest (straight-line distances between city center and hospital)",
                    "@title": "Massena Memorial Hospital | 17 km (kilometers) southwest (straight-line distances between city center and hospital)",
                    "@width": "422",
                    "@height": "58",
                    "@type": "Grid",
                    "@themes": "1,2,3,4,5,6,7,8,9,10,11,12",
                    "@colorinvertable": "true"
                },
                "plaintext": "Massena Memorial Hospital | 17 km (kilometers) southwest\n(straight-line distances between city center and hospital)"
            },
            "expressiontypes": {
                "@count": "1",
                "expressiontype": {
                    "@name": "Grid"
                }
            },
            "states": {
                "@count": "2",
                "state": [
                    {
                        "@name": "Show non-metric",
                        "@input": "HospitalHierarchyInfo:CityData__Show non-metric"
                    },
                    {
                        "@name": "More",
                        "@input": "HospitalHierarchyInfo:CityData__More"
                    }
                ]
            }
        },
        {
            "@title": "Geographic properties",
            "@scanner": "Data",
            "@id": "GeographicProperties:CityData",
            "@position": "1100",
            "@error": "false",
            "@numsubpods": "1",
            "subpod": {
                "@title": "",
                "microsources": {
                    "microsource": "CityData"
                },
                "img": {
                    "@src": "https://www4f.wolframalpha.com/Calculate/MSP/MSP33411730gd03e5e9cdg7000062185c1548d129ch?MSPStoreType=image/gif&s=53",
                    "@alt": "elevation | 56 m",
                    "@title": "elevation | 56 m",
                    "@width": "139",
                    "@height": "36",
                    "@type": "Grid",
                    "@themes": "1,2,3,4,5,6,7,8,9,10,11,12",
                    "@colorinvertable": "true"
                },
                "plaintext": "elevation | 56 m"
            },
            "expressiontypes": {
                "@count": "1",
                "expressiontype": {
                    "@name": "Grid"
                }
            },
            "states": {
                "@count": "1",
                "state": {
                    "@name": "Show non-metric",
                    "@input": "GeographicProperties:CityData__Show non-metric"
                }
            },
            "infos": {
                "@count": "1",
                "info": {
                    "units": {
                        "@count": "1",
                        "unit": {
                            "@short": "m",
                            "@long": "meters"
                        },
                        "img": {
                            "@src": "https://www4f.wolframalpha.com/Calculate/MSP/MSP33421730gd03e5e9cdg700004ihd43390h8fa9de?MSPStoreType=image/gif&s=53",
                            "@width": "96",
                            "@height": "26"
                        }
                    }
                }
            }
        },
        {
            "@title": "Nearby features",
            "@scanner": "Data",
            "@id": "FeaturesHierarchyInfo:CityData",
            "@position": "1200",
            "@error": "false",
            "@numsubpods": "1",
            "subpod": {
                "@title": "",
                "microsources": {
                    "microsource": "CityData"
                },
                "img": {
                    "@src": "https://www4f.wolframalpha.com/Calculate/MSP/MSP33431730gd03e5e9cdg700001c161b3cc41gc1eb?MSPStoreType=image/gif&s=53",
                    "@alt": "mountain | Algonquin Peak (1559 meters) | 115 km (kilometers) south-southeast mountain | Mount Marcy (1629 meters) | 121 km (kilometers) south-southeast mountain | Haystack (1512 meters) | 122 km (kilometers) south-southeast (straight-line distances between city center and feature coordinates)",
                    "@title": "mountain | Algonquin Peak (1559 meters) | 115 km (kilometers) south-southeast mountain | Mount Marcy (1629 meters) | 121 km (kilometers) south-southeast mountain | Haystack (1512 meters) | 122 km (kilometers) south-southeast (straight-line distances between city center and feature coordinates)",
                    "@width": "546",
                    "@height": "176",
                    "@type": "Grid",
                    "@themes": "1,2,3,4,5,6,7,8,9,10,11,12",
                    "@colorinvertable": "true"
                },
                "plaintext": "mountain | Algonquin Peak (1559 meters) | 115 km (kilometers) south-southeast\nmountain | Mount Marcy (1629 meters) | 121 km (kilometers) south-southeast\nmountain | Haystack (1512 meters) | 122 km (kilometers) south-southeast\n(straight-line distances between city center and feature coordinates)"
            },
            "expressiontypes": {
                "@count": "1",
                "expressiontype": {
                    "@name": "Grid"
                }
            },
            "states": {
                "@count": "2",
                "state": [
                    {
                        "@name": "Show non-metric",
                        "@input": "FeaturesHierarchyInfo:CityData__Show non-metric"
                    },
                    {
                        "@name": "More",
                        "@input": "FeaturesHierarchyInfo:CityData__More"
                    }
                ]
            }
        },
        {
            "@title": "Nearest sea",
            "@scanner": "Data",
            "@id": "OceansHierarchyInfo:CityData",
            "@position": "1300",
            "@error": "false",
            "@numsubpods": "1",
            "subpod": {
                "@title": "",
                "microsources": {
                    "microsource": "CityData"
                },
                "img": {
                    "@src": "https://www4f.wolframalpha.com/Calculate/MSP/MSP33441730gd03e5e9cdg700000gdcc06bb2gh7i87?MSPStoreType=image/gif&s=53",
                    "@alt": "Gulf of Saint Lawrence (328 km (kilometers) northeast)  (straight-line distance between city center and shore)",
                    "@title": "Gulf of Saint Lawrence (328 km (kilometers) northeast)  (straight-line distance between city center and shore)",
                    "@width": "363",
                    "@height": "41",
                    "@type": "Default",
                    "@themes": "1,2,3,4,5,6,7,8,9,10,11,12",
                    "@colorinvertable": "true"
                },
                "plaintext": "Gulf of Saint Lawrence (328 km (kilometers) northeast) \n(straight-line distance between city center and shore)"
            },
            "expressiontypes": {
                "@count": "1",
                "expressiontype": {
                    "@name": "Default"
                }
            },
            "states": {
                "@count": "3",
                "state": [
                    {
                        "@name": "Show map",
                        "@input": "OceansHierarchyInfo:CityData__Show map"
                    },
                    {
                        "@name": "Show non-metric",
                        "@input": "OceansHierarchyInfo:CityData__Show non-metric"
                    },
                    {
                        "@name": "More",
                        "@input": "OceansHierarchyInfo:CityData__More"
                    }
                ]
            }
        },
        {
            "@title": "Notable people born in Cornwall",
            "@scanner": "Data",
            "@id": "NotablePeople:CityData",
            "@position": "1400",
            "@error": "false",
            "@numsubpods": "1",
            "subpod": {
                "@title": "",
                "microsources": {
                    "microsource": [
                        "CityData",
                        "PeopleData"
                    ]
                },
                "img": {
                    "@src": "https://www4f.wolframalpha.com/Calculate/MSP/MSP33451730gd03e5e9cdg7000053690b74agb58cc3?MSPStoreType=image/gif&s=53",
                    "@alt": "Peter Gatien (businessperson) (1952) Malcolm Burn (record producer, etc.) (1960) Orlando Aloysius Battista (chemist, etc.) (1917) Albert Peter Lavigne (merchant) (1908) Arnold Neilson Smith (politician) (1889) Pierre Fitch (pornographic actor) (1981)",
                    "@title": "Peter Gatien (businessperson) (1952) Malcolm Burn (record producer, etc.) (1960) Orlando Aloysius Battista (chemist, etc.) (1917) Albert Peter Lavigne (merchant) (1908) Arnold Neilson Smith (politician) (1889) Pierre Fitch (pornographic actor) (1981)",
                    "@width": "311",
                    "@height": "114",
                    "@type": "Grid",
                    "@themes": "1,2,3,4,5,6,7,8,9,10,11,12",
                    "@colorinvertable": "true"
                },
                "plaintext": "Peter Gatien (businessperson) (1952)\nMalcolm Burn (record producer, etc.) (1960)\nOrlando Aloysius Battista (chemist, etc.) (1917)\nAlbert Peter Lavigne (merchant) (1908)\nArnold Neilson Smith (politician) (1889)\nPierre Fitch (pornographic actor) (1981)"
            },
            "expressiontypes": {
                "@count": "1",
                "expressiontype": {
                    "@name": "Default"
                }
            },
            "states": {
                "@count": "2",
                "state": [
                    {
                        "@name": "Show dates",
                        "@input": "NotablePeople:CityData__Show dates"
                    },
                    {
                        "@name": "Show deaths",
                        "@input": "NotablePeople:CityData__Show deaths"
                    }
                ]
            }
        },
        {
            "@title": "Wikipedia page hits history",
            "@scanner": "Data",
            "@id": "PopularityPod:WikipediaStatsData",
            "@position": "1500",
            "@error": "false",
            "@numsubpods": "1",
            "subpod": {
                "@title": "",
                "img": {
                    "@src": "https://www4f.wolframalpha.com/Calculate/MSP/MSP33461730gd03e5e9cdg7000064a470e0bd2h5537?MSPStoreType=image/gif&s=53",
                    "@alt": "Wikipedia page hits history",
                    "@title": "",
                    "@width": "546",
                    "@height": "167",
                    "@type": "TimeSeriesPlot_1",
                    "@themes": "1,2,3,4,5,6,7,8,9,10,11,12",
                    "@colorinvertable": "true"
                },
                "plaintext": null
            },
            "expressiontypes": {
                "@count": "1",
                "expressiontype": {
                    "@name": "TimeSeriesPlot"
                }
            },
            "states": {
                "@count": "1",
                "state": {
                    "@name": "Log scale",
                    "@input": "PopularityPod:WikipediaStatsData__Log scale"
                }
            }
        }
    ],
    "assumptions": {
        "@count": "2",
        "assumption": [
            {
                "@type": "MultiClash",
                "@word": "",
                "@template": "Assuming ${word1} is referring to ${desc1}. Use \"${word2}\" as ${desc2}.",
                "@count": "2",
                "value": [
                    {
                        "@name": "City",
                        "@word": "the input",
                        "@desc": "a city",
                        "@input": "*MC.%7E-_*City-"
                    },
                    {
                        "@name": "AdministrativeDivision",
                        "@word": "Cornwall",
                        "@desc": "an administrative division",
                        "@input": "*MC.%7E-_*AdministrativeDivision-"
                    }
                ]
            },
            {
                "@type": "SubCategory",
                "@word": "City of Cornwall",
                "@template": "Assuming ${desc1}. Use ${desc2} instead",
                "@count": "6",
                "value": [
                    {
                        "@name": "{Cornwall, Ontario, Canada}",
                        "@desc": "Cornwall (Ontario, Canada)",
                        "@input": "*DPClash.CityE.City+of+Cornwall-_**Cornwall.Ontario.Canada--"
                    },
                    {
                        "@name": "{Cornwall, NewYork, UnitedStates}",
                        "@desc": "Cornwall (New York, USA)",
                        "@input": "*DPClash.CityE.City+of+Cornwall-_**Cornwall.NewYork.UnitedStates--"
                    },
                    {
                        "@name": "{Cornwall, Pennsylvania, UnitedStates}",
                        "@desc": "Cornwall (Pennsylvania, USA)",
                        "@input": "*DPClash.CityE.City+of+Cornwall-_**Cornwall.Pennsylvania.UnitedStates--"
                    },
                    {
                        "@name": "{Cornwall, Vermont, UnitedStates}",
                        "@desc": "Cornwall (Vermont, USA)",
                        "@input": "*DPClash.CityE.City+of+Cornwall-_**Cornwall.Vermont.UnitedStates--"
                    },
                    {
                        "@name": "{Cornwall, PrinceEdwardIsland, Canada}",
                        "@desc": "Cornwall (Prince Edward Island, Canada)",
                        "@input": "*DPClash.CityE.City+of+Cornwall-_**Cornwall.PrinceEdwardIsland.Canada--"
                    },
                    {
                        "@name": "{Cornwall, Connecticut, UnitedStates}",
                        "@desc": "Cornwall (Connecticut, USA)",
                        "@input": "*DPClash.CityE.City+of+Cornwall-_**Cornwall.Connecticut.UnitedStates--"
                    }
                ]
            }
        ]
    },
    "userinfoused": {
        "@count": "1",
        "userinfo": {
            "@name": "Country"
        }
    },
    "sources": {
        "@count": "6",
        "source": [
            {
                "@url": "https://www4f.wolframalpha.com/sources/AdministrativeDivisionDataSourceInformationNotes.html",
                "@text": "Administrative division data"
            },
            {
                "@url": "https://www4f.wolframalpha.com/sources/CityDataSourceInformationNotes.html",
                "@text": "City data"
            },
            {
                "@url": "https://www4f.wolframalpha.com/sources/OpenStreetMapSourceInformationNotes.html",
                "@text": "Open street map"
            },
            {
                "@url": "https://www4f.wolframalpha.com/sources/PeopleDataSourceInformationNotes.html",
                "@text": "People data"
            },
            {
                "@url": "https://www4f.wolframalpha.com/sources/USCensusDataSourceInformationNotes.html",
                "@text": "US census data"
            },
            {
                "@url": "https://www4f.wolframalpha.com/sources/WeatherDataSourceInformationNotes.html",
                "@text": "Weather data"
            }
        ]
    }
}