{
    "@success": "true",
    "@error": "false",
    "@numpods": "18",
    "@datatypes": "ACS,City,Person,USCounty,USHousing,USState,USTax,WeatherStation",
    "@timedout": "",
    "@timedoutpods": "",
    "@timing": "7.718",
    "@parsetiming": "0.591",
    "@parsetimedout": "false",
    "@recalculate": "",
    "@id": "MSP94771h466745bd1c2g9000003534ab9h0a0a97h0",
    "@host": "https://www4f.wolframalpha.com",
    "@server": "48",
    "@related": "https://www4f.wolframalpha.com/api/v1/relatedQueries.jsp?id=MSPa94781h466745bd1c2g9000005h6g8i640g0567b18130123784979259853",
    "@version": "2.6",
    "pod": [
        {
            "@title": "Input interpretation",
            "@scanner": "Identity",
            "@id": "Input",
            "@position": "100",
            "@error": "false",
            "@numsubpods": "1",
            "subpod": {
                "@title": "",
                "img": {
                    "@src": "https://www4f.wolframalpha.com/Calculate/MSP/MSP94791h466745bd1c2g90000010hahae7ge4e65h5?MSPStoreType=image/gif&s=48",
                    "@alt": "Langford, South Dakota, United States",
                    "@title": "Langford, South Dakota, United States",
                    "@width": "252",
                    "@height": "18",
                    "@type": "Default",
                    "@themes": "1,2,3,4,5,6,7,8,9,10,11,12",
                    "@colorinvertable": "true"
                },
                "plaintext": "Langford, South Dakota, United States"
            },
            "expressiontypes": {
                "@count": "1",
                "expressiontype": {
                    "@name": "Default"
                }
            }
        },
        {
            "@title": "Population",
            "@scanner": "Data",
            "@id": "Population:CityData",
            "@position": "200",
            "@error": "false",
            "@numsubpods": "1",
            "@primary": "true",
            "subpod": {
                "@title": "",
                "microsources": {
                    "microsource": [
                        "CityData",
                        "USCensusData"
                    ]
                },
                "img": {
                    "@src": "https://www4f.wolframalpha.com/Calculate/MSP/MSP94801h466745bd1c2g900000130b3g6945ae23hb?MSPStoreType=image/gif&s=48",
                    "@alt": "city population | 319 people (2017 estimate)",
                    "@title": "city population | 319 people (2017 estimate)",
                    "@width": "297",
                    "@height": "36",
                    "@type": "Grid",
                    "@themes": "1,2,3,4,5,6,7,8,9,10,11,12",
                    "@colorinvertable": "true"
                },
                "plaintext": "city population | 319 people (2017 estimate)"
            },
            "expressiontypes": {
                "@count": "1",
                "expressiontype": {
                    "@name": "Grid"
                }
            },
            "states": {
                "@count": "1",
                "state": {
                    "@name": "Show history",
                    "@input": "Population:CityData__Show history"
                }
            }
        },
        {
            "@title": "Location",
            "@scanner": "Data",
            "@id": "Location:CityData",
            "@position": "300",
            "@error": "false",
            "@numsubpods": "2",
            "subpod": [
                {
                    "@title": "",
                    "microsources": {
                        "microsource": [
                            "CityData",
                            "USCountyData",
                            "USStateData"
                        ]
                    },
                    "img": {
                        "@src": "https://www4f.wolframalpha.com/Calculate/MSP/MSP94811h466745bd1c2g90000052ed23a6hh3edi4g?MSPStoreType=image/gif&s=48",
                        "@alt": "Marshall County, South Dakota",
                        "@title": "Marshall County, South Dakota",
                        "@width": "208",
                        "@height": "18",
                        "@type": "Default",
                        "@themes": "1,2,3,4,5,6,7,8,9,10,11,12",
                        "@colorinvertable": "true"
                    },
                    "plaintext": "Marshall County, South Dakota"
                },
                {
                    "@title": "",
                    "microsources": {
                        "microsource": [
                            "CityData",
                            "USCountyData",
                            "USStateData",
                            "CountryData"
                        ]
                    },
                    "datasources": {
                        "datasource": "CIAFactbook"
                    },
                    "img": {
                        "@src": "https://www4f.wolframalpha.com/Calculate/MSP/MSP94821h466745bd1c2g900000346fa599e5dadg4a?MSPStoreType=image/gif&s=48",
                        "@alt": "Location",
                        "@title": "",
                        "@width": "328",
                        "@height": "177",
                        "@type": "Default",
                        "@themes": "1,2,3,4,5,6,7,8,9,10,11,12",
                        "@colorinvertable": "true"
                    },
                    "plaintext": null
                }
            ],
            "expressiontypes": {
                "@count": "2",
                "expressiontype": [
                    {
                        "@name": "Default"
                    },
                    {
                        "@name": "Default"
                    }
                ]
            },
            "states": {
                "@count": "2",
                "state": [
                    {
                        "@name": "World map",
                        "@input": "Location:CityData__World map"
                    },
                    {
                        "@name": "Show coordinates",
                        "@input": "Location:CityData__Show coordinates"
                    }
                ]
            },
            "infos": {
                "@count": "1",
                "info": {
                    "link": {
                        "@url": "http://maps.google.com?ie=UTF8&z=12&t=k&ll=45.6024%2C-97.8302&q=45.6024%20N%2C%2097.8302%20W",
                        "@text": "Satellite image"
                    }
                }
            }
        },
        {
            "@title": "Local map",
            "@scanner": "Data",
            "@id": "Map:CityData",
            "@position": "400",
            "@error": "false",
            "@numsubpods": "1",
            "subpod": {
                "@title": "",
                "microsources": {
                    "microsource": [
                        "CityData",
                        "OpenStreetMap"
                    ]
                },
                "img": {
                    "@src": "https://www4f.wolframalpha.com/Calculate/MSP/MSP94831h466745bd1c2g9000000fc63dhf38d0defd?MSPStoreType=image/gif&s=48",
                    "@alt": "Local map",
                    "@title": "",
                    "@width": "550",
                    "@height": "278",
                    "@type": "Default",
                    "@themes": "1,2,3,4,5,6,7,8,9,10,11,12",
                    "@colorinvertable": "false"
                },
                "plaintext": null
            },
            "expressiontypes": {
                "@count": "1",
                "expressiontype": {
                    "@name": "Default"
                }
            },
            "states": {
                "@count": "2",
                "statelist": {
                    "@count": "13",
                    "@value": "10 kilometers across",
                    "@delimiters": "",
                    "state": [
                        {
                            "@name": "7 kilometers across",
                            "@input": "Map:CityData__7 kilometers across"
                        },
                        {
                            "@name": "10 kilometers across",
                            "@input": "Map:CityData__10 kilometers across"
                        },
                        {
                            "@name": "30 kilometers across",
                            "@input": "Map:CityData__30 kilometers across"
                        },
                        {
                            "@name": "60 kilometers across",
                            "@input": "Map:CityData__60 kilometers across"
                        },
                        {
                            "@name": "120 kilometers across",
                            "@input": "Map:CityData__120 kilometers across"
                        },
                        {
                            "@name": "240 kilometers across",
                            "@input": "Map:CityData__240 kilometers across"
                        },
                        {
                            "@name": "480 kilometers across",
                            "@input": "Map:CityData__480 kilometers across"
                        },
                        {
                            "@name": "950 kilometers across",
                            "@input": "Map:CityData__950 kilometers across"
                        },
                        {
                            "@name": "1900 kilometers across",
                            "@input": "Map:CityData__1900 kilometers across"
                        },
                        {
                            "@name": "3800 kilometers across",
                            "@input": "Map:CityData__3800 kilometers across"
                        },
                        {
                            "@name": "7300 kilometers across",
                            "@input": "Map:CityData__7300 kilometers across"
                        },
                        {
                            "@name": "12000 kilometers across",
                            "@input": "Map:CityData__12000 kilometers across"
                        },
                        {
                            "@name": "23000 kilometers across",
                            "@input": "Map:CityData__23000 kilometers across"
                        }
                    ]
                },
                "state": {
                    "@name": "Non-metric",
                    "@input": "Map:CityData__Non-metric"
                }
            },
            "infos": {
                "@count": "1",
                "info": {
                    "link": {
                        "@url": "http://maps.google.com?ie=UTF8&z=12&t=k&ll=45.6024%2C-97.8302&q=45.6024%20N%2C%2097.8302%20W",
                        "@text": "Satellite image"
                    }
                }
            }
        },
        {
            "@title": "Administrative regions",
            "@scanner": "Data",
            "@id": "AdministrativeRegions:CityData",
            "@position": "500",
            "@error": "false",
            "@numsubpods": "1",
            "subpod": {
                "@title": "",
                "microsources": {
                    "microsource": [
                        "CityData",
                        "USCountyData"
                    ]
                },
                "img": {
                    "@src": "https://www4f.wolframalpha.com/Calculate/MSP/MSP94841h466745bd1c2g9000002f434ec681g97d42?MSPStoreType=image/gif&s=48",
                    "@alt": "county | Marshall County state | South Dakota country | United States",
                    "@title": "county | Marshall County state | South Dakota country | United States",
                    "@width": "210",
                    "@height": "100",
                    "@type": "Grid",
                    "@themes": "1,2,3,4,5,6,7,8,9,10,11,12",
                    "@colorinvertable": "true"
                },
                "plaintext": "county | Marshall County\nstate | South Dakota\ncountry | United States"
            },
            "expressiontypes": {
                "@count": "1",
                "expressiontype": {
                    "@name": "Grid"
                }
            }
        },
        {
            "@title": "Current local time",
            "@scanner": "Data",
            "@id": "CurrentTime:CityData",
            "@position": "600",
            "@error": "false",
            "@numsubpods": "1",
            "subpod": {
                "@title": "",
                "microsources": {
                    "microsource": "CityData"
                },
                "img": {
                    "@src": "https://www4f.wolframalpha.com/Calculate/MSP/MSP94851h466745bd1c2g9000000i7gab1356917056?MSPStoreType=image/gif&s=48",
                    "@alt": "10:35 pm CST | Saturday, January 18, 2020",
                    "@title": "10:35 pm CST | Saturday, January 18, 2020",
                    "@width": "301",
                    "@height": "18",
                    "@type": "Grid",
                    "@themes": "1,2,3,4,5,6,7,8,9,10,11,12",
                    "@colorinvertable": "true"
                },
                "plaintext": "10:35 pm CST | Saturday, January 18, 2020"
            },
            "expressiontypes": {
                "@count": "1",
                "expressiontype": {
                    "@name": "Default"
                }
            }
        },
        {
            "@title": "Current weather",
            "@scanner": "Data",
            "@id": "WeatherPod:CityData",
            "@position": "700",
            "@error": "false",
            "@numsubpods": "1",
            "subpod": {
                "@title": "",
                "microsources": {
                    "microsource": [
                        "CityData",
                        "WeatherData"
                    ]
                },
                "img": {
                    "@src": "https://www4f.wolframalpha.com/Calculate/MSP/MSP94861h466745bd1c2g90000044b2aah5ah9hc514?MSPStoreType=image/gif&s=48",
                    "@alt": "-20 \u00b0C (wind chill: -33 \u00b0C) | relative humidity: 64% | wind: 9 m/s | clear",
                    "@title": "-20 \u00b0C (wind chill: -33 \u00b0C) | relative humidity: 64% | wind: 9 m/s | clear",
                    "@width": "503",
                    "@height": "22",
                    "@type": "Grid",
                    "@themes": "1,2,3,4,5,6,7,8,9,10,11,12",
                    "@colorinvertable": "true"
                },
                "plaintext": "-20 \u00b0C (wind chill: -33 \u00b0C) | relative humidity: 64% | wind: 9 m/s | clear"
            },
            "expressiontypes": {
                "@count": "1",
                "expressiontype": {
                    "@name": "Grid"
                }
            },
            "states": {
                "@count": "2",
                "state": [
                    {
                        "@name": "Show history",
                        "@input": "WeatherPod:CityData__Show history"
                    },
                    {
                        "@name": "Show non-metric",
                        "@input": "WeatherPod:CityData__Show non-metric"
                    }
                ]
            }
        },
        {
            "@title": "Demographics",
            "@scanner": "Data",
            "@id": "ACSPercentageEntrainments:ACSData",
            "@position": "800",
            "@error": "false",
            "@numsubpods": "1",
            "subpod": {
                "@title": "",
                "microsources": {
                    "microsource": "ACSData"
                },
                "datasources": {
                    "datasource": [
                        "CensusAmericanCommunitySurvey5YearsRace",
                        "CensusAmericanCommunitySurvey5YearsHispanicOrigin",
                        "CensusAmericanCommunitySurvey5YearsCitizenship"
                    ]
                },
                "img": {
                    "@src": "https://www4f.wolframalpha.com/Calculate/MSP/MSP94871h466745bd1c2g900000460b83dc8d61e358?MSPStoreType=image/gif&s=48",
                    "@alt": "race | white: 83.1% | American Indian/Alaska native: 16% | other: 0.7% | two or more races: 0.2% Hispanic origin | 1.6% US citizens | 99.5%",
                    "@title": "race | white: 83.1% | American Indian/Alaska native: 16% | other: 0.7% | two or more races: 0.2% Hispanic origin | 1.6% US citizens | 99.5%",
                    "@width": "546",
                    "@height": "117",
                    "@type": "Grid",
                    "@themes": "1,2,3,4,5,6,7,8,9,10,11,12",
                    "@colorinvertable": "true"
                },
                "plaintext": "race | white: 83.1% | American Indian/Alaska native: 16% | other: 0.7% | two or more races: 0.2%\nHispanic origin | 1.6%\nUS citizens | 99.5%"
            },
            "expressiontypes": {
                "@count": "1",
                "expressiontype": {
                    "@name": "Grid"
                }
            },
            "states": {
                "@count": "1",
                "state": {
                    "@name": "More",
                    "@input": "ACSPercentageEntrainments:ACSData__More"
                }
            }
        },
        {
            "@title": "Educational attainment",
            "@scanner": "Data",
            "@id": "ACSEducationEntrainments:ACSData",
            "@position": "900",
            "@error": "false",
            "@numsubpods": "1",
            "subpod": {
                "@title": "",
                "microsources": {
                    "microsource": "ACSData"
                },
                "datasources": {
                    "datasource": "CensusAmericanCommunitySurvey5YearsEducation"
                },
                "img": {
                    "@src": "https://www4f.wolframalpha.com/Calculate/MSP/MSP94881h466745bd1c2g90000061d7a7ie30d6h70c?MSPStoreType=image/gif&s=48",
                    "@alt": "college degree and above | 35.4% (\u2248 national average) high school diploma | 30.8% (\u2248 national average) less than high school diploma | 11% (\u2248 national average) (for population age 25 and older)",
                    "@title": "college degree and above | 35.4% (\u2248 national average) high school diploma | 30.8% (\u2248 national average) less than high school diploma | 11% (\u2248 national average) (for population age 25 and older)",
                    "@width": "387",
                    "@height": "121",
                    "@type": "Grid",
                    "@themes": "1,2,3,4,5,6,7,8,9,10,11,12",
                    "@colorinvertable": "true"
                },
                "plaintext": "college degree and above | 35.4% (\u2248 national average)\nhigh school diploma | 30.8% (\u2248 national average)\nless than high school diploma | 11% (\u2248 national average)\n(for population age 25 and older)"
            },
            "expressiontypes": {
                "@count": "1",
                "expressiontype": {
                    "@name": "Grid"
                }
            },
            "states": {
                "@count": "1",
                "state": {
                    "@name": "Show enrollment",
                    "@input": "ACSEducationEntrainments:ACSData__Show enrollment"
                }
            }
        },
        {
            "@title": "Income statistics",
            "@scanner": "Data",
            "@id": "ACSIncomeEntrainments:ACSData",
            "@position": "1000",
            "@error": "false",
            "@numsubpods": "1",
            "subpod": {
                "@title": "",
                "microsources": {
                    "microsource": "ACSData"
                },
                "datasources": {
                    "datasource": [
                        "CensusAmericanCommunitySurvey5YearsMedianIncome",
                        "CensusAmericanCommunitySurvey5YearsPerCapitaIncome",
                        "CensusAmericanCommunitySurvey5YearsPoverty"
                    ]
                },
                "img": {
                    "@src": "https://www4f.wolframalpha.com/Calculate/MSP/MSP94891h466745bd1c2g9000005635c0b2511806ai?MSPStoreType=image/gif&s=48",
                    "@alt": "median household income | $62692 per year (US dollars per year) (\u2248 national average) per capita income | $23347 per year per person (US dollars per year per person) (0.783 \u00d7 national average) population below poverty line | 18.3% (\u2248 national average)",
                    "@title": "median household income | $62692 per year (US dollars per year) (\u2248 national average) per capita income | $23347 per year per person (US dollars per year per person) (0.783 \u00d7 national average) population below poverty line | 18.3% (\u2248 national average)",
                    "@width": "546",
                    "@height": "151",
                    "@type": "Grid",
                    "@themes": "1,2,3,4,5,6,7,8,9,10,11,12",
                    "@colorinvertable": "true"
                },
                "plaintext": "median household income | $62692 per year (US dollars per year) (\u2248 national average)\nper capita income | $23347 per year per person (US dollars per year per person) (0.783 \u00d7 national average)\npopulation below poverty line | 18.3% (\u2248 national average)"
            },
            "expressiontypes": {
                "@count": "1",
                "expressiontype": {
                    "@name": "Grid"
                }
            },
            "states": {
                "@count": "1",
                "state": {
                    "@name": "Show distribution",
                    "@input": "ACSIncomeEntrainments:ACSData__Show distribution"
                }
            }
        },
        {
            "@title": "Economic properties",
            "@scanner": "Data",
            "@id": "EconomicProperties:CityData",
            "@position": "1100",
            "@error": "false",
            "@numsubpods": "1",
            "subpod": {
                "@title": "",
                "microsources": {
                    "microsource": [
                        "CityData",
                        "USEmploymentData",
                        "USHousingData",
                        "USTaxData"
                    ]
                },
                "datasources": {
                    "datasource": "RealtorsMetropolitanAreaMedianPrices"
                },
                "img": {
                    "@src": "https://www4f.wolframalpha.com/Calculate/MSP/MSP94901h466745bd1c2g9000000g0g9g59eb4giii4?MSPStoreType=image/gif&s=48",
                    "@alt": "total sales tax rate | 6.5% (2019 estimate)",
                    "@title": "total sales tax rate | 6.5% (2019 estimate)",
                    "@width": "285",
                    "@height": "36",
                    "@type": "Grid",
                    "@themes": "1,2,3,4,5,6,7,8,9,10,11,12",
                    "@colorinvertable": "true"
                },
                "plaintext": "total sales tax rate | 6.5% (2019 estimate)"
            },
            "expressiontypes": {
                "@count": "1",
                "expressiontype": {
                    "@name": "Grid"
                }
            }
        },
        {
            "@title": "Nearby cities",
            "@scanner": "Data",
            "@id": "CityHierarchyInfo:CityData",
            "@position": "1200",
            "@error": "false",
            "@numsubpods": "1",
            "subpod": {
                "@title": "",
                "microsources": {
                    "microsource": "CityData"
                },
                "img": {
                    "@src": "https://www4f.wolframalpha.com/Calculate/MSP/MSP94911h466745bd1c2g90000038bbgi199g143ig3?MSPStoreType=image/gif&s=48",
                    "@alt": "Aberdeen, South Dakota | 52 km (kilometers) west-southwest | 26791 people Fargo, North Dakota | 160 km (kilometers) north-northeast | 109779 people Minneapolis, Minnesota | 365 km (kilometers) east | 392880 people (straight-line distances between city centers)",
                    "@title": "Aberdeen, South Dakota | 52 km (kilometers) west-southwest | 26791 people Fargo, North Dakota | 160 km (kilometers) north-northeast | 109779 people Minneapolis, Minnesota | 365 km (kilometers) east | 392880 people (straight-line distances between city centers)",
                    "@width": "546",
                    "@height": "133",
                    "@type": "Grid",
                    "@themes": "1,2,3,4,5,6,7,8,9,10,11,12",
                    "@colorinvertable": "true"
                },
                "plaintext": "Aberdeen, South Dakota | 52 km (kilometers) west-southwest | 26791 people\nFargo, North Dakota | 160 km (kilometers) north-northeast | 109779 people\nMinneapolis, Minnesota | 365 km (kilometers) east | 392880 people\n(straight-line distances between city centers)"
            },
            "expressiontypes": {
                "@count": "1",
                "expressiontype": {
                    "@name": "Grid"
                }
            },
            "states": {
                "@count": "2",
                "state": [
                    {
                        "@name": "Show non-metric",
                        "@input": "CityHierarchyInfo:CityData__Show non-metric"
                    },
                    {
                        "@name": "More",
                        "@input": "CityHierarchyInfo:CityData__More"
                    }
                ]
            }
        },
        {
            "@title": "Nearby airports",
            "@scanner": "Data",
            "@id": "AirportHierarchyInfo:CityData",
            "@position": "1300",
            "@error": "false",
            "@numsubpods": "1",
            "subpod": {
                "@title": "",
                "microsources": {
                    "microsource": "CityData"
                },
                "img": {
                    "@src": "https://www4f.wolframalpha.com/Calculate/MSP/MSP94921h466745bd1c2g900000305g43ie619ce2h8?MSPStoreType=image/gif&s=48",
                    "@alt": "Britton Municipal Airport | 25 km (kilometers) north-northeast The Sigurd Anderson Airport | 42 km (kilometers) southeast Aberdeen Regional Airport | 49 km (kilometers) west-southwest Oakes Municipal Airport | 66 km (kilometers) north-northwest Gwinner-Roger Melroe Field Airport | 70 km (kilometers) north-northeast (straight-line distances between city center and airport)",
                    "@title": "Britton Municipal Airport | 25 km (kilometers) north-northeast The Sigurd Anderson Airport | 42 km (kilometers) southeast Aberdeen Regional Airport | 49 km (kilometers) west-southwest Oakes Municipal Airport | 66 km (kilometers) north-northwest Gwinner-Roger Melroe Field Airport | 70 km (kilometers) north-northeast (straight-line distances between city center and airport)",
                    "@width": "510",
                    "@height": "169",
                    "@type": "Grid",
                    "@themes": "1,2,3,4,5,6,7,8,9,10,11,12",
                    "@colorinvertable": "true"
                },
                "plaintext": "Britton Municipal Airport | 25 km (kilometers) north-northeast\nThe Sigurd Anderson Airport | 42 km (kilometers) southeast\nAberdeen Regional Airport | 49 km (kilometers) west-southwest\nOakes Municipal Airport | 66 km (kilometers) north-northwest\nGwinner-Roger Melroe Field Airport | 70 km (kilometers) north-northeast\n(straight-line distances between city center and airport)"
            },
            "expressiontypes": {
                "@count": "1",
                "expressiontype": {
                    "@name": "Grid"
                }
            },
            "states": {
                "@count": "2",
                "state": [
                    {
                        "@name": "Show non-metric",
                        "@input": "AirportHierarchyInfo:CityData__Show non-metric"
                    },
                    {
                        "@name": "More",
                        "@input": "AirportHierarchyInfo:CityData__More"
                    }
                ]
            }
        },
        {
            "@title": "Nearby hospitals",
            "@scanner": "Data",
            "@id": "HospitalHierarchyInfo:CityData",
            "@position": "1400",
            "@error": "false",
            "@numsubpods": "1",
            "subpod": {
                "@title": "",
                "microsources": {
                    "microsource": "CityData"
                },
                "img": {
                    "@src": "https://www4f.wolframalpha.com/Calculate/MSP/MSP94931h466745bd1c2g900000542gd1d7e3i9c3ab?MSPStoreType=image/gif&s=48",
                    "@alt": "Marshall County Healthcare Center | 22 km (kilometers) north-northeast Sanford Webster Medical Center | 38 km (kilometers) southeast Avera St. Luke's Hospital | 53 km (kilometers) west-southwest Coteau Des Prairies Hospital | 61 km (kilometers) east Oakes Community Hospital | 64 km (kilometers) north-northwest (straight-line distances between city center and hospital)",
                    "@title": "Marshall County Healthcare Center | 22 km (kilometers) north-northeast Sanford Webster Medical Center | 38 km (kilometers) southeast Avera St. Luke's Hospital | 53 km (kilometers) west-southwest Coteau Des Prairies Hospital | 61 km (kilometers) east Oakes Community Hospital | 64 km (kilometers) north-northwest (straight-line distances between city center and hospital)",
                    "@width": "503",
                    "@height": "169",
                    "@type": "Grid",
                    "@themes": "1,2,3,4,5,6,7,8,9,10,11,12",
                    "@colorinvertable": "true"
                },
                "plaintext": "Marshall County Healthcare Center | 22 km (kilometers) north-northeast\nSanford Webster Medical Center | 38 km (kilometers) southeast\nAvera St. Luke's Hospital | 53 km (kilometers) west-southwest\nCoteau Des Prairies Hospital | 61 km (kilometers) east\nOakes Community Hospital | 64 km (kilometers) north-northwest\n(straight-line distances between city center and hospital)"
            },
            "expressiontypes": {
                "@count": "1",
                "expressiontype": {
                    "@name": "Grid"
                }
            },
            "states": {
                "@count": "2",
                "state": [
                    {
                        "@name": "Show non-metric",
                        "@input": "HospitalHierarchyInfo:CityData__Show non-metric"
                    },
                    {
                        "@name": "More",
                        "@input": "HospitalHierarchyInfo:CityData__More"
                    }
                ]
            }
        },
        {
            "@title": "Geographic properties",
            "@scanner": "Data",
            "@id": "GeographicProperties:CityData",
            "@position": "1500",
            "@error": "false",
            "@numsubpods": "1",
            "subpod": {
                "@title": "",
                "microsources": {
                    "microsource": "CityData"
                },
                "img": {
                    "@src": "https://www4f.wolframalpha.com/Calculate/MSP/MSP94941h466745bd1c2g9000004034b56f5dd9f634?MSPStoreType=image/gif&s=48",
                    "@alt": "elevation | 418 m area | 0.79237 km^2 population density | 403 people per square kilometer",
                    "@title": "elevation | 418 m area | 0.79237 km^2 population density | 403 people per square kilometer",
                    "@width": "360",
                    "@height": "100",
                    "@type": "Grid",
                    "@themes": "1,2,3,4,5,6,7,8,9,10,11,12",
                    "@colorinvertable": "true"
                },
                "plaintext": "elevation | 418 m\narea | 0.79237 km^2\npopulation density | 403 people per square kilometer"
            },
            "expressiontypes": {
                "@count": "1",
                "expressiontype": {
                    "@name": "Grid"
                }
            },
            "states": {
                "@count": "1",
                "state": {
                    "@name": "Show non-metric",
                    "@input": "GeographicProperties:CityData__Show non-metric"
                }
            },
            "infos": {
                "@count": "1",
                "info": {
                    "units": {
                        "@count": "2",
                        "unit": [
                            {
                                "@short": "km^2",
                                "@long": "square kilometers"
                            },
                            {
                                "@short": "m",
                                "@long": "meters"
                            }
                        ],
                        "img": {
                            "@src": "https://www4f.wolframalpha.com/Calculate/MSP/MSP94951h466745bd1c2g9000002dga7ih53260gf7h?MSPStoreType=image/gif&s=48",
                            "@width": "152",
                            "@height": "48"
                        }
                    }
                }
            }
        },
        {
            "@title": "Nearest sea",
            "@scanner": "Data",
            "@id": "OceansHierarchyInfo:CityData",
            "@position": "1600",
            "@error": "false",
            "@numsubpods": "1",
            "subpod": {
                "@title": "",
                "microsources": {
                    "microsource": "CityData"
                },
                "img": {
                    "@src": "https://www4f.wolframalpha.com/Calculate/MSP/MSP94961h466745bd1c2g9000003e2daa8ighh72g94?MSPStoreType=image/gif&s=48",
                    "@alt": "Hudson Bay (1304 km (kilometers) north-northeast)  (straight-line distance between city center and shore)",
                    "@title": "Hudson Bay (1304 km (kilometers) north-northeast)  (straight-line distance between city center and shore)",
                    "@width": "331",
                    "@height": "40",
                    "@type": "Default",
                    "@themes": "1,2,3,4,5,6,7,8,9,10,11,12",
                    "@colorinvertable": "true"
                },
                "plaintext": "Hudson Bay (1304 km (kilometers) north-northeast) \n(straight-line distance between city center and shore)"
            },
            "expressiontypes": {
                "@count": "1",
                "expressiontype": {
                    "@name": "Default"
                }
            },
            "states": {
                "@count": "3",
                "state": [
                    {
                        "@name": "Show map",
                        "@input": "OceansHierarchyInfo:CityData__Show map"
                    },
                    {
                        "@name": "Show non-metric",
                        "@input": "OceansHierarchyInfo:CityData__Show non-metric"
                    },
                    {
                        "@name": "More",
                        "@input": "OceansHierarchyInfo:CityData__More"
                    }
                ]
            }
        },
        {
            "@title": "Notable people born in Langford",
            "@scanner": "Data",
            "@id": "NotablePeople:CityData",
            "@position": "1700",
            "@error": "false",
            "@numsubpods": "1",
            "subpod": {
                "@title": "",
                "microsources": {
                    "microsource": [
                        "CityData",
                        "PeopleData"
                    ]
                },
                "img": {
                    "@src": "https://www4f.wolframalpha.com/Calculate/MSP/MSP94971h466745bd1c2g9000004774c5g17i6a6cg4?MSPStoreType=image/gif&s=48",
                    "@alt": "(none known)",
                    "@title": "(none known)",
                    "@width": "92",
                    "@height": "18",
                    "@type": "Default",
                    "@themes": "1,2,3,4,5,6,7,8,9,10,11,12",
                    "@colorinvertable": "true"
                },
                "plaintext": "(none known)"
            },
            "expressiontypes": {
                "@count": "1",
                "expressiontype": {
                    "@name": "Default"
                }
            },
            "states": {
                "@count": "2",
                "state": [
                    {
                        "@name": "Show dates",
                        "@input": "NotablePeople:CityData__Show dates"
                    },
                    {
                        "@name": "Show deaths",
                        "@input": "NotablePeople:CityData__Show deaths"
                    }
                ]
            }
        },
        {
            "@title": "Wikipedia page hits history",
            "@scanner": "Data",
            "@id": "PopularityPod:WikipediaStatsData",
            "@position": "1800",
            "@error": "false",
            "@numsubpods": "1",
            "subpod": {
                "@title": "",
                "img": {
                    "@src": "https://www4f.wolframalpha.com/Calculate/MSP/MSP94981h466745bd1c2g900000404a2a3a4cgd0ch4?MSPStoreType=image/gif&s=48",
                    "@alt": "Wikipedia page hits history",
                    "@title": "",
                    "@width": "546",
                    "@height": "170",
                    "@type": "TimeSeriesPlot_1",
                    "@themes": "1,2,3,4,5,6,7,8,9,10,11,12",
                    "@colorinvertable": "true"
                },
                "plaintext": null
            },
            "expressiontypes": {
                "@count": "1",
                "expressiontype": {
                    "@name": "TimeSeriesPlot"
                }
            },
            "states": {
                "@count": "1",
                "state": {
                    "@name": "Log scale",
                    "@input": "PopularityPod:WikipediaStatsData__Log scale"
                }
            }
        }
    ],
    "userinfoused": {
        "@count": "1",
        "userinfo": {
            "@name": "Country"
        }
    },
    "sources": {
        "@count": "11",
        "source": [
            {
                "@url": "https://www4f.wolframalpha.com/sources/ACSDataSourceInformationNotes.html",
                "@text": "ACS data"
            },
            {
                "@url": "https://www4f.wolframalpha.com/sources/CityDataSourceInformationNotes.html",
                "@text": "City data"
            },
            {
                "@url": "https://www4f.wolframalpha.com/sources/OpenStreetMapSourceInformationNotes.html",
                "@text": "Open street map"
            },
            {
                "@url": "https://www4f.wolframalpha.com/sources/PeopleDataSourceInformationNotes.html",
                "@text": "People data"
            },
            {
                "@url": "https://www4f.wolframalpha.com/sources/USCensusDataSourceInformationNotes.html",
                "@text": "US census data"
            },
            {
                "@url": "https://www4f.wolframalpha.com/sources/USCountyDataSourceInformationNotes.html",
                "@text": "US county data"
            },
            {
                "@url": "https://www4f.wolframalpha.com/sources/USEmploymentDataSourceInformationNotes.html",
                "@text": "US employment data"
            },
            {
                "@url": "https://www4f.wolframalpha.com/sources/USHousingDataSourceInformationNotes.html",
                "@text": "US housing data"
            },
            {
                "@url": "https://www4f.wolframalpha.com/sources/USStateDataSourceInformationNotes.html",
                "@text": "US state data"
            },
            {
                "@url": "https://www4f.wolframalpha.com/sources/USTaxDataSourceInformationNotes.html",
                "@text": "US tax data"
            },
            {
                "@url": "https://www4f.wolframalpha.com/sources/WeatherDataSourceInformationNotes.html",
                "@text": "Weather data"
            }
        ]
    }
}