{
    "@success": "true",
    "@error": "false",
    "@numpods": "15",
    "@datatypes": "AdministrativeDivision,City,Person,WeatherStation",
    "@timedout": "",
    "@timedoutpods": "",
    "@timing": "7.009",
    "@parsetiming": "0.458",
    "@parsetimedout": "false",
    "@recalculate": "",
    "@id": "MSP94991h466745bd1c2g9000002hb24a41fhbch33c",
    "@host": "https://www4f.wolframalpha.com",
    "@server": "48",
    "@related": "https://www4f.wolframalpha.com/api/v1/relatedQueries.jsp?id=MSPa95001h466745bd1c2g90000057ie7bcc75b4i0gh8130123784979259853",
    "@version": "2.6",
    "pod": [
        {
            "@title": "Input interpretation",
            "@scanner": "Identity",
            "@id": "Input",
            "@position": "100",
            "@error": "false",
            "@numsubpods": "1",
            "subpod": {
                "@title": "",
                "img": {
                    "@src": "https://www4f.wolframalpha.com/Calculate/MSP/MSP95011h466745bd1c2g90000067gb49261221969e?MSPStoreType=image/gif&s=48",
                    "@alt": "Lethbridge, Alberta",
                    "@title": "Lethbridge, Alberta",
                    "@width": "125",
                    "@height": "18",
                    "@type": "Default",
                    "@themes": "1,2,3,4,5,6,7,8,9,10,11,12",
                    "@colorinvertable": "true"
                },
                "plaintext": "Lethbridge, Alberta"
            },
            "expressiontypes": {
                "@count": "1",
                "expressiontype": {
                    "@name": "Default"
                }
            }
        },
        {
            "@title": "Population",
            "@scanner": "Data",
            "@id": "Population:CityData",
            "@position": "200",
            "@error": "false",
            "@numsubpods": "1",
            "@primary": "true",
            "subpod": {
                "@title": "",
                "microsources": {
                    "microsource": [
                        "CityData",
                        "USCensusData"
                    ]
                },
                "img": {
                    "@src": "https://www4f.wolframalpha.com/Calculate/MSP/MSP95021h466745bd1c2g9000005icfefb02bhgfg86?MSPStoreType=image/gif&s=48",
                    "@alt": "city population | 83517 people (country rank: 56th) (2011 estimate)",
                    "@title": "city population | 83517 people (country rank: 56th) (2011 estimate)",
                    "@width": "421",
                    "@height": "36",
                    "@type": "Grid",
                    "@themes": "1,2,3,4,5,6,7,8,9,10,11,12",
                    "@colorinvertable": "true"
                },
                "plaintext": "city population | 83517 people (country rank: 56th) (2011 estimate)"
            },
            "expressiontypes": {
                "@count": "1",
                "expressiontype": {
                    "@name": "Grid"
                }
            },
            "states": {
                "@count": "1",
                "state": {
                    "@name": "Show history",
                    "@input": "Population:CityData__Show history"
                }
            }
        },
        {
            "@title": "Location",
            "@scanner": "Data",
            "@id": "Location:CityData",
            "@position": "300",
            "@error": "false",
            "@numsubpods": "2",
            "subpod": [
                {
                    "@title": "",
                    "microsources": {
                        "microsource": [
                            "AdministrativeDivisionData",
                            "CityData"
                        ]
                    },
                    "img": {
                        "@src": "https://www4f.wolframalpha.com/Calculate/MSP/MSP95031h466745bd1c2g9000003872ggf80idd69a4?MSPStoreType=image/gif&s=48",
                        "@alt": "Alberta, Canada",
                        "@title": "Alberta, Canada",
                        "@width": "106",
                        "@height": "18",
                        "@type": "Default",
                        "@themes": "1,2,3,4,5,6,7,8,9,10,11,12",
                        "@colorinvertable": "true"
                    },
                    "plaintext": "Alberta, Canada"
                },
                {
                    "@title": "",
                    "microsources": {
                        "microsource": [
                            "AdministrativeDivisionData",
                            "CityData",
                            "CountryData"
                        ]
                    },
                    "datasources": {
                        "datasource": "CIAFactbook"
                    },
                    "img": {
                        "@src": "https://www4f.wolframalpha.com/Calculate/MSP/MSP95041h466745bd1c2g9000000facibec6h7a974a?MSPStoreType=image/gif&s=48",
                        "@alt": "Location",
                        "@title": "",
                        "@width": "328",
                        "@height": "214",
                        "@type": "Default",
                        "@themes": "1,2,3,4,5,6,7,8,9,10,11,12",
                        "@colorinvertable": "true"
                    },
                    "plaintext": null
                }
            ],
            "expressiontypes": {
                "@count": "2",
                "expressiontype": [
                    {
                        "@name": "Default"
                    },
                    {
                        "@name": "Default"
                    }
                ]
            },
            "states": {
                "@count": "2",
                "state": [
                    {
                        "@name": "World map",
                        "@input": "Location:CityData__World map"
                    },
                    {
                        "@name": "Show coordinates",
                        "@input": "Location:CityData__Show coordinates"
                    }
                ]
            },
            "infos": {
                "@count": "1",
                "info": {
                    "link": {
                        "@url": "http://maps.google.com?ie=UTF8&z=12&t=k&ll=49.69%2C-112.83&q=49.69%20N%2C%20112.83%20W",
                        "@text": "Satellite image"
                    }
                }
            }
        },
        {
            "@title": "Local map",
            "@scanner": "Data",
            "@id": "Map:CityData",
            "@position": "400",
            "@error": "false",
            "@numsubpods": "1",
            "subpod": {
                "@title": "",
                "microsources": {
                    "microsource": [
                        "CityData",
                        "OpenStreetMap"
                    ]
                },
                "img": {
                    "@src": "https://www4f.wolframalpha.com/Calculate/MSP/MSP95051h466745bd1c2g90000066824g8fd5d9270a?MSPStoreType=image/gif&s=48",
                    "@alt": "Local map",
                    "@title": "",
                    "@width": "550",
                    "@height": "278",
                    "@type": "Default",
                    "@themes": "1,2,3,4,5,6,7,8,9,10,11,12",
                    "@colorinvertable": "false"
                },
                "plaintext": null
            },
            "expressiontypes": {
                "@count": "1",
                "expressiontype": {
                    "@name": "Default"
                }
            },
            "states": {
                "@count": "2",
                "statelist": {
                    "@count": "13",
                    "@value": "30 kilometers across",
                    "@delimiters": "",
                    "state": [
                        {
                            "@name": "7 kilometers across",
                            "@input": "Map:CityData__7 kilometers across"
                        },
                        {
                            "@name": "10 kilometers across",
                            "@input": "Map:CityData__10 kilometers across"
                        },
                        {
                            "@name": "30 kilometers across",
                            "@input": "Map:CityData__30 kilometers across"
                        },
                        {
                            "@name": "60 kilometers across",
                            "@input": "Map:CityData__60 kilometers across"
                        },
                        {
                            "@name": "110 kilometers across",
                            "@input": "Map:CityData__110 kilometers across"
                        },
                        {
                            "@name": "220 kilometers across",
                            "@input": "Map:CityData__220 kilometers across"
                        },
                        {
                            "@name": "440 kilometers across",
                            "@input": "Map:CityData__440 kilometers across"
                        },
                        {
                            "@name": "880 kilometers across",
                            "@input": "Map:CityData__880 kilometers across"
                        },
                        {
                            "@name": "1800 kilometers across",
                            "@input": "Map:CityData__1800 kilometers across"
                        },
                        {
                            "@name": "3500 kilometers across",
                            "@input": "Map:CityData__3500 kilometers across"
                        },
                        {
                            "@name": "6800 kilometers across",
                            "@input": "Map:CityData__6800 kilometers across"
                        },
                        {
                            "@name": "11000 kilometers across",
                            "@input": "Map:CityData__11000 kilometers across"
                        },
                        {
                            "@name": "21000 kilometers across",
                            "@input": "Map:CityData__21000 kilometers across"
                        }
                    ]
                },
                "state": {
                    "@name": "Non-metric",
                    "@input": "Map:CityData__Non-metric"
                }
            },
            "infos": {
                "@count": "1",
                "info": {
                    "link": {
                        "@url": "http://maps.google.com?ie=UTF8&z=12&t=k&ll=49.69%2C-112.83&q=49.69%20N%2C%20112.83%20W",
                        "@text": "Satellite image"
                    }
                }
            }
        },
        {
            "@title": "Administrative regions",
            "@scanner": "Data",
            "@id": "AdministrativeRegions:CityData",
            "@position": "500",
            "@error": "false",
            "@numsubpods": "1",
            "subpod": {
                "@title": "",
                "microsources": {
                    "microsource": "CityData"
                },
                "img": {
                    "@src": "https://www4f.wolframalpha.com/Calculate/MSP/MSP95061h466745bd1c2g9000003f06fg72a927ei41?MSPStoreType=image/gif&s=48",
                    "@alt": "region | Alberta country | Canada",
                    "@title": "region | Alberta country | Canada",
                    "@width": "150",
                    "@height": "68",
                    "@type": "Grid",
                    "@themes": "1,2,3,4,5,6,7,8,9,10,11,12",
                    "@colorinvertable": "true"
                },
                "plaintext": "region | Alberta\ncountry | Canada"
            },
            "expressiontypes": {
                "@count": "1",
                "expressiontype": {
                    "@name": "Grid"
                }
            }
        },
        {
            "@title": "Current local time",
            "@scanner": "Data",
            "@id": "CurrentTime:CityData",
            "@position": "600",
            "@error": "false",
            "@numsubpods": "1",
            "subpod": {
                "@title": "",
                "microsources": {
                    "microsource": "CityData"
                },
                "img": {
                    "@src": "https://www4f.wolframalpha.com/Calculate/MSP/MSP95071h466745bd1c2g900000320ci5bah2h0h359?MSPStoreType=image/gif&s=48",
                    "@alt": "9:36 pm MST | Saturday, January 18, 2020",
                    "@title": "9:36 pm MST | Saturday, January 18, 2020",
                    "@width": "297",
                    "@height": "18",
                    "@type": "Grid",
                    "@themes": "1,2,3,4,5,6,7,8,9,10,11,12",
                    "@colorinvertable": "true"
                },
                "plaintext": "9:36 pm MST | Saturday, January 18, 2020"
            },
            "expressiontypes": {
                "@count": "1",
                "expressiontype": {
                    "@name": "Default"
                }
            }
        },
        {
            "@title": "Current weather",
            "@scanner": "Data",
            "@id": "WeatherPod:CityData",
            "@position": "700",
            "@error": "false",
            "@numsubpods": "1",
            "subpod": {
                "@title": "",
                "microsources": {
                    "microsource": [
                        "CityData",
                        "WeatherData"
                    ]
                },
                "img": {
                    "@src": "https://www4f.wolframalpha.com/Calculate/MSP/MSP95081h466745bd1c2g9000003afadafccha980h8?MSPStoreType=image/gif&s=48",
                    "@alt": "-19 \u00b0C (wind chill: -25 \u00b0C) | relative humidity: 64% | wind: 2 m/s | overcast",
                    "@title": "-19 \u00b0C (wind chill: -25 \u00b0C) | relative humidity: 64% | wind: 2 m/s | overcast",
                    "@width": "525",
                    "@height": "22",
                    "@type": "Grid",
                    "@themes": "1,2,3,4,5,6,7,8,9,10,11,12",
                    "@colorinvertable": "true"
                },
                "plaintext": "-19 \u00b0C (wind chill: -25 \u00b0C) | relative humidity: 64% | wind: 2 m/s | overcast"
            },
            "expressiontypes": {
                "@count": "1",
                "expressiontype": {
                    "@name": "Grid"
                }
            },
            "states": {
                "@count": "2",
                "state": [
                    {
                        "@name": "Show history",
                        "@input": "WeatherPod:CityData__Show history"
                    },
                    {
                        "@name": "Show non-metric",
                        "@input": "WeatherPod:CityData__Show non-metric"
                    }
                ]
            }
        },
        {
            "@title": "Nearby cities",
            "@scanner": "Data",
            "@id": "CityHierarchyInfo:CityData",
            "@position": "800",
            "@error": "false",
            "@numsubpods": "1",
            "subpod": {
                "@title": "",
                "microsources": {
                    "microsource": "CityData"
                },
                "img": {
                    "@src": "https://www4f.wolframalpha.com/Calculate/MSP/MSP95091h466745bd1c2g90000054a3hgh9f4e14d65?MSPStoreType=image/gif&s=48",
                    "@alt": "Coaldale, Alberta | 16 km (kilometers) east-northeast | 6177 people Medicine Hat, Alberta | 159 km (kilometers) east-northeast | 62183 people Calgary, Alberta | 175 km (kilometers) north-northwest | 1.15 million people (straight-line distances between city centers)",
                    "@title": "Coaldale, Alberta | 16 km (kilometers) east-northeast | 6177 people Medicine Hat, Alberta | 159 km (kilometers) east-northeast | 62183 people Calgary, Alberta | 175 km (kilometers) north-northwest | 1.15 million people (straight-line distances between city centers)",
                    "@width": "546",
                    "@height": "133",
                    "@type": "Grid",
                    "@themes": "1,2,3,4,5,6,7,8,9,10,11,12",
                    "@colorinvertable": "true"
                },
                "plaintext": "Coaldale, Alberta | 16 km (kilometers) east-northeast | 6177 people\nMedicine Hat, Alberta | 159 km (kilometers) east-northeast | 62183 people\nCalgary, Alberta | 175 km (kilometers) north-northwest | 1.15 million people\n(straight-line distances between city centers)"
            },
            "expressiontypes": {
                "@count": "1",
                "expressiontype": {
                    "@name": "Grid"
                }
            },
            "states": {
                "@count": "2",
                "state": [
                    {
                        "@name": "Show non-metric",
                        "@input": "CityHierarchyInfo:CityData__Show non-metric"
                    },
                    {
                        "@name": "More",
                        "@input": "CityHierarchyInfo:CityData__More"
                    }
                ]
            }
        },
        {
            "@title": "Nearby airport",
            "@scanner": "Data",
            "@id": "AirportHierarchyInfo:CityData",
            "@position": "900",
            "@error": "false",
            "@numsubpods": "1",
            "subpod": {
                "@title": "",
                "microsources": {
                    "microsource": "CityData"
                },
                "img": {
                    "@src": "https://www4f.wolframalpha.com/Calculate/MSP/MSP95101h466745bd1c2g90000061c809h05g809ffa?MSPStoreType=image/gif&s=48",
                    "@alt": "Lethbridge Airport | 7 km (kilometers) south-southeast (straight-line distances between city center and airport)",
                    "@title": "Lethbridge Airport | 7 km (kilometers) south-southeast (straight-line distances between city center and airport)",
                    "@width": "379",
                    "@height": "57",
                    "@type": "Grid",
                    "@themes": "1,2,3,4,5,6,7,8,9,10,11,12",
                    "@colorinvertable": "true"
                },
                "plaintext": "Lethbridge Airport | 7 km (kilometers) south-southeast\n(straight-line distances between city center and airport)"
            },
            "expressiontypes": {
                "@count": "1",
                "expressiontype": {
                    "@name": "Grid"
                }
            },
            "states": {
                "@count": "2",
                "state": [
                    {
                        "@name": "Show non-metric",
                        "@input": "AirportHierarchyInfo:CityData__Show non-metric"
                    },
                    {
                        "@name": "More",
                        "@input": "AirportHierarchyInfo:CityData__More"
                    }
                ]
            }
        },
        {
            "@title": "Geographic properties",
            "@scanner": "Data",
            "@id": "GeographicProperties:CityData",
            "@position": "1000",
            "@error": "false",
            "@numsubpods": "1",
            "subpod": {
                "@title": "",
                "microsources": {
                    "microsource": "CityData"
                },
                "img": {
                    "@src": "https://www4f.wolframalpha.com/Calculate/MSP/MSP95111h466745bd1c2g90000012i37gccc83b6456?MSPStoreType=image/gif&s=48",
                    "@alt": "elevation | 906 m",
                    "@title": "elevation | 906 m",
                    "@width": "145",
                    "@height": "36",
                    "@type": "Grid",
                    "@themes": "1,2,3,4,5,6,7,8,9,10,11,12",
                    "@colorinvertable": "true"
                },
                "plaintext": "elevation | 906 m"
            },
            "expressiontypes": {
                "@count": "1",
                "expressiontype": {
                    "@name": "Grid"
                }
            },
            "states": {
                "@count": "1",
                "state": {
                    "@name": "Show non-metric",
                    "@input": "GeographicProperties:CityData__Show non-metric"
                }
            },
            "infos": {
                "@count": "1",
                "info": {
                    "units": {
                        "@count": "1",
                        "unit": {
                            "@short": "m",
                            "@long": "meters"
                        },
                        "img": {
                            "@src": "https://www4f.wolframalpha.com/Calculate/MSP/MSP95121h466745bd1c2g90000023h9abf0d198i88d?MSPStoreType=image/gif&s=48",
                            "@width": "87",
                            "@height": "26"
                        }
                    }
                }
            }
        },
        {
            "@title": "Nearby features",
            "@scanner": "Data",
            "@id": "FeaturesHierarchyInfo:CityData",
            "@position": "1100",
            "@error": "false",
            "@numsubpods": "1",
            "subpod": {
                "@title": "",
                "microsources": {
                    "microsource": "CityData"
                },
                "img": {
                    "@src": "https://www4f.wolframalpha.com/Calculate/MSP/MSP95131h466745bd1c2g90000022i2a768beh14740?MSPStoreType=image/gif&s=48",
                    "@alt": "mountain | Mount Cleveland (3194 meters) | 113 km (kilometers) southwest mountain | Mount Merritt (3049 meters) | 115 km (kilometers) southwest mountain | Mount Siyeh (3052 meters) | 124 km (kilometers) south-southwest waterfall | Avalanche Basin Falls (707 meters) | 135 km (kilometers) south-southwest waterfall | Harrison Basin Falls (707 meters) | 139 km (kilometers) south-southwest (straight-line distances between city center and feature coordinates)",
                    "@title": "mountain | Mount Cleveland (3194 meters) | 113 km (kilometers) southwest mountain | Mount Merritt (3049 meters) | 115 km (kilometers) southwest mountain | Mount Siyeh (3052 meters) | 124 km (kilometers) south-southwest waterfall | Avalanche Basin Falls (707 meters) | 135 km (kilometers) south-southwest waterfall | Harrison Basin Falls (707 meters) | 139 km (kilometers) south-southwest (straight-line distances between city center and feature coordinates)",
                    "@width": "546",
                    "@height": "231",
                    "@type": "Grid",
                    "@themes": "1,2,3,4,5,6,7,8,9,10,11,12",
                    "@colorinvertable": "true"
                },
                "plaintext": "mountain | Mount Cleveland (3194 meters) | 113 km (kilometers) southwest\nmountain | Mount Merritt (3049 meters) | 115 km (kilometers) southwest\nmountain | Mount Siyeh (3052 meters) | 124 km (kilometers) south-southwest\nwaterfall | Avalanche Basin Falls (707 meters) | 135 km (kilometers) south-southwest\nwaterfall | Harrison Basin Falls (707 meters) | 139 km (kilometers) south-southwest\n(straight-line distances between city center and feature coordinates)"
            },
            "expressiontypes": {
                "@count": "1",
                "expressiontype": {
                    "@name": "Grid"
                }
            },
            "states": {
                "@count": "2",
                "state": [
                    {
                        "@name": "Show non-metric",
                        "@input": "FeaturesHierarchyInfo:CityData__Show non-metric"
                    },
                    {
                        "@name": "More",
                        "@input": "FeaturesHierarchyInfo:CityData__More"
                    }
                ]
            }
        },
        {
            "@title": "Nearest sea",
            "@scanner": "Data",
            "@id": "OceansHierarchyInfo:CityData",
            "@position": "1200",
            "@error": "false",
            "@numsubpods": "1",
            "subpod": {
                "@title": "",
                "microsources": {
                    "microsource": "CityData"
                },
                "img": {
                    "@src": "https://www4f.wolframalpha.com/Calculate/MSP/MSP95141h466745bd1c2g9000002c91c57e2g8cc1d4?MSPStoreType=image/gif&s=48",
                    "@alt": "Coastal Waters Of Southeast Alaska and British Columbia (711 km (kilometers) west)  (straight-line distance between city center and shore)",
                    "@title": "Coastal Waters Of Southeast Alaska and British Columbia (711 km (kilometers) west)  (straight-line distance between city center and shore)",
                    "@width": "379",
                    "@height": "63",
                    "@type": "Default",
                    "@themes": "1,2,3,4,5,6,7,8,9,10,11,12",
                    "@colorinvertable": "true"
                },
                "plaintext": "Coastal Waters Of Southeast Alaska and British Columbia (711 km (kilometers) west) \n(straight-line distance between city center and shore)"
            },
            "expressiontypes": {
                "@count": "1",
                "expressiontype": {
                    "@name": "Default"
                }
            },
            "states": {
                "@count": "3",
                "state": [
                    {
                        "@name": "Show map",
                        "@input": "OceansHierarchyInfo:CityData__Show map"
                    },
                    {
                        "@name": "Show non-metric",
                        "@input": "OceansHierarchyInfo:CityData__Show non-metric"
                    },
                    {
                        "@name": "More",
                        "@input": "OceansHierarchyInfo:CityData__More"
                    }
                ]
            }
        },
        {
            "@title": "Nicknames",
            "@scanner": "Data",
            "@id": "BasicInformation:CityData",
            "@position": "1300",
            "@error": "false",
            "@numsubpods": "1",
            "subpod": {
                "@title": "",
                "microsources": {
                    "microsource": "CityData"
                },
                "img": {
                    "@src": "https://www4f.wolframalpha.com/Calculate/MSP/MSP95151h466745bd1c2g9000004be7b3hf7gd47hi0?MSPStoreType=image/gif&s=48",
                    "@alt": "L.A. | The Bridge",
                    "@title": "L.A. | The Bridge",
                    "@width": "121",
                    "@height": "18",
                    "@type": "Grid",
                    "@themes": "1,2,3,4,5,6,7,8,9,10,11,12",
                    "@colorinvertable": "true"
                },
                "plaintext": "L.A. | The Bridge"
            },
            "expressiontypes": {
                "@count": "1",
                "expressiontype": {
                    "@name": "Grid"
                }
            }
        },
        {
            "@title": "Notable people born in Lethbridge",
            "@scanner": "Data",
            "@id": "NotablePeople:CityData",
            "@position": "1400",
            "@error": "false",
            "@numsubpods": "1",
            "subpod": {
                "@title": "",
                "microsources": {
                    "microsource": [
                        "CityData",
                        "PeopleData"
                    ]
                },
                "img": {
                    "@src": "https://www4f.wolframalpha.com/Calculate/MSP/MSP95161h466745bd1c2g9000001ed78hf07g466d47?MSPStoreType=image/gif&s=48",
                    "@alt": "Conrad Bain (actor) (1923) Duncan Regehr (actor) (1952) Bonar Bain (actor) (1923) Bertram Brockhouse (physicist) (1918) David Bissett (athlete) (1979) Shayn Solberg (actor) (1984) Ernie Afaganis (broadcaster) (1933) Stacy Roest (hockey player) (1974) Ashley Steacy (rugby sevens player) (1987) Diane Stevenett (producer, etc.) (1954)",
                    "@title": "Conrad Bain (actor) (1923) Duncan Regehr (actor) (1952) Bonar Bain (actor) (1923) Bertram Brockhouse (physicist) (1918) David Bissett (athlete) (1979) Shayn Solberg (actor) (1984) Ernie Afaganis (broadcaster) (1933) Stacy Roest (hockey player) (1974) Ashley Steacy (rugby sevens player) (1987) Diane Stevenett (producer, etc.) (1954)",
                    "@width": "284",
                    "@height": "190",
                    "@type": "Grid",
                    "@themes": "1,2,3,4,5,6,7,8,9,10,11,12",
                    "@colorinvertable": "true"
                },
                "plaintext": "Conrad Bain (actor) (1923)\nDuncan Regehr (actor) (1952)\nBonar Bain (actor) (1923)\nBertram Brockhouse (physicist) (1918)\nDavid Bissett (athlete) (1979)\nShayn Solberg (actor) (1984)\nErnie Afaganis (broadcaster) (1933)\nStacy Roest (hockey player) (1974)\nAshley Steacy (rugby sevens player) (1987)\nDiane Stevenett (producer, etc.) (1954)"
            },
            "expressiontypes": {
                "@count": "1",
                "expressiontype": {
                    "@name": "Default"
                }
            },
            "states": {
                "@count": "2",
                "state": [
                    {
                        "@name": "Show dates",
                        "@input": "NotablePeople:CityData__Show dates"
                    },
                    {
                        "@name": "Show deaths",
                        "@input": "NotablePeople:CityData__Show deaths"
                    }
                ]
            }
        },
        {
            "@title": "Wikipedia page hits history",
            "@scanner": "Data",
            "@id": "PopularityPod:WikipediaStatsData",
            "@position": "1500",
            "@error": "false",
            "@numsubpods": "1",
            "subpod": {
                "@title": "",
                "img": {
                    "@src": "https://www4f.wolframalpha.com/Calculate/MSP/MSP95171h466745bd1c2g90000041b006a41b9h2692?MSPStoreType=image/gif&s=48",
                    "@alt": "Wikipedia page hits history",
                    "@title": "",
                    "@width": "546",
                    "@height": "166",
                    "@type": "TimeSeriesPlot_1",
                    "@themes": "1,2,3,4,5,6,7,8,9,10,11,12",
                    "@colorinvertable": "true"
                },
                "plaintext": null
            },
            "expressiontypes": {
                "@count": "1",
                "expressiontype": {
                    "@name": "TimeSeriesPlot"
                }
            },
            "states": {
                "@count": "1",
                "state": {
                    "@name": "Log scale",
                    "@input": "PopularityPod:WikipediaStatsData__Log scale"
                }
            }
        }
    ],
    "userinfoused": {
        "@count": "1",
        "userinfo": {
            "@name": "Country"
        }
    },
    "sources": {
        "@count": "6",
        "source": [
            {
                "@url": "https://www4f.wolframalpha.com/sources/AdministrativeDivisionDataSourceInformationNotes.html",
                "@text": "Administrative division data"
            },
            {
                "@url": "https://www4f.wolframalpha.com/sources/CityDataSourceInformationNotes.html",
                "@text": "City data"
            },
            {
                "@url": "https://www4f.wolframalpha.com/sources/OpenStreetMapSourceInformationNotes.html",
                "@text": "Open street map"
            },
            {
                "@url": "https://www4f.wolframalpha.com/sources/PeopleDataSourceInformationNotes.html",
                "@text": "People data"
            },
            {
                "@url": "https://www4f.wolframalpha.com/sources/USCensusDataSourceInformationNotes.html",
                "@text": "US census data"
            },
            {
                "@url": "https://www4f.wolframalpha.com/sources/WeatherDataSourceInformationNotes.html",
                "@text": "Weather data"
            }
        ]
    }
}