{
    "@success": "true",
    "@error": "false",
    "@numpods": "16",
    "@datatypes": "AdministrativeDivision,City,NuclearReactor,Person,WeatherStation",
    "@timedout": "",
    "@timedoutpods": "",
    "@timing": "7.093",
    "@parsetiming": "0.589",
    "@parsetimedout": "false",
    "@recalculate": "",
    "@id": "MSP95181h466745bd1c2g9000004a82d8ac89iabied",
    "@host": "https://www4f.wolframalpha.com",
    "@server": "48",
    "@related": "https://www4f.wolframalpha.com/api/v1/relatedQueries.jsp?id=MSPa95191h466745bd1c2g9000002777f6a08602b03b8130123784979259853",
    "@version": "2.6",
    "pod": [
        {
            "@title": "Input interpretation",
            "@scanner": "Identity",
            "@id": "Input",
            "@position": "100",
            "@error": "false",
            "@numsubpods": "1",
            "subpod": {
                "@title": "",
                "img": {
                    "@src": "https://www4f.wolframalpha.com/Calculate/MSP/MSP95201h466745bd1c2g9000005b80271g2dbc9b54?MSPStoreType=image/gif&s=48",
                    "@alt": "Markham, Ontario",
                    "@title": "Markham, Ontario",
                    "@width": "123",
                    "@height": "18",
                    "@type": "Default",
                    "@themes": "1,2,3,4,5,6,7,8,9,10,11,12",
                    "@colorinvertable": "true"
                },
                "plaintext": "Markham, Ontario"
            },
            "expressiontypes": {
                "@count": "1",
                "expressiontype": {
                    "@name": "Default"
                }
            }
        },
        {
            "@title": "Population",
            "@scanner": "Data",
            "@id": "Population:CityData",
            "@position": "200",
            "@error": "false",
            "@numsubpods": "1",
            "@primary": "true",
            "subpod": {
                "@title": "",
                "microsources": {
                    "microsource": [
                        "CityData",
                        "USCensusData"
                    ]
                },
                "img": {
                    "@src": "https://www4f.wolframalpha.com/Calculate/MSP/MSP95211h466745bd1c2g9000001920e823278ei1i1?MSPStoreType=image/gif&s=48",
                    "@alt": "city population | 328966 people (country rank: 15th) (2016 estimate)",
                    "@title": "city population | 328966 people (country rank: 15th) (2016 estimate)",
                    "@width": "429",
                    "@height": "36",
                    "@type": "Grid",
                    "@themes": "1,2,3,4,5,6,7,8,9,10,11,12",
                    "@colorinvertable": "true"
                },
                "plaintext": "city population | 328966 people (country rank: 15th) (2016 estimate)"
            },
            "expressiontypes": {
                "@count": "1",
                "expressiontype": {
                    "@name": "Grid"
                }
            },
            "states": {
                "@count": "1",
                "state": {
                    "@name": "Show history",
                    "@input": "Population:CityData__Show history"
                }
            }
        },
        {
            "@title": "Location",
            "@scanner": "Data",
            "@id": "Location:CityData",
            "@position": "300",
            "@error": "false",
            "@numsubpods": "2",
            "subpod": [
                {
                    "@title": "",
                    "microsources": {
                        "microsource": [
                            "AdministrativeDivisionData",
                            "CityData"
                        ]
                    },
                    "img": {
                        "@src": "https://www4f.wolframalpha.com/Calculate/MSP/MSP95221h466745bd1c2g9000004f78a15a3f8ig19c?MSPStoreType=image/gif&s=48",
                        "@alt": "Ontario, Canada",
                        "@title": "Ontario, Canada",
                        "@width": "109",
                        "@height": "18",
                        "@type": "Default",
                        "@themes": "1,2,3,4,5,6,7,8,9,10,11,12",
                        "@colorinvertable": "true"
                    },
                    "plaintext": "Ontario, Canada"
                },
                {
                    "@title": "",
                    "microsources": {
                        "microsource": [
                            "AdministrativeDivisionData",
                            "CityData",
                            "CountryData"
                        ]
                    },
                    "datasources": {
                        "datasource": "CIAFactbook"
                    },
                    "img": {
                        "@src": "https://www4f.wolframalpha.com/Calculate/MSP/MSP95231h466745bd1c2g9000002b4g0bhef2i0bfe4?MSPStoreType=image/gif&s=48",
                        "@alt": "Location",
                        "@title": "",
                        "@width": "328",
                        "@height": "214",
                        "@type": "Default",
                        "@themes": "1,2,3,4,5,6,7,8,9,10,11,12",
                        "@colorinvertable": "true"
                    },
                    "plaintext": null
                }
            ],
            "expressiontypes": {
                "@count": "2",
                "expressiontype": [
                    {
                        "@name": "Default"
                    },
                    {
                        "@name": "Default"
                    }
                ]
            },
            "states": {
                "@count": "2",
                "state": [
                    {
                        "@name": "World map",
                        "@input": "Location:CityData__World map"
                    },
                    {
                        "@name": "Show coordinates",
                        "@input": "Location:CityData__Show coordinates"
                    }
                ]
            },
            "infos": {
                "@count": "1",
                "info": {
                    "link": {
                        "@url": "http://maps.google.com?ie=UTF8&z=12&t=k&ll=43.8833%2C-79.25&q=43.8833%20N%2C%2079.25%20W",
                        "@text": "Satellite image"
                    }
                }
            }
        },
        {
            "@title": "Local map",
            "@scanner": "Data",
            "@id": "Map:CityData",
            "@position": "400",
            "@error": "false",
            "@numsubpods": "1",
            "subpod": {
                "@title": "",
                "microsources": {
                    "microsource": [
                        "CityData",
                        "OpenStreetMap"
                    ]
                },
                "img": {
                    "@src": "https://www4f.wolframalpha.com/Calculate/MSP/MSP95241h466745bd1c2g90000018cfbcaa83gbfaf4?MSPStoreType=image/gif&s=48",
                    "@alt": "Local map",
                    "@title": "",
                    "@width": "550",
                    "@height": "278",
                    "@type": "Default",
                    "@themes": "1,2,3,4,5,6,7,8,9,10,11,12",
                    "@colorinvertable": "false"
                },
                "plaintext": null
            },
            "expressiontypes": {
                "@count": "1",
                "expressiontype": {
                    "@name": "Default"
                }
            },
            "states": {
                "@count": "2",
                "statelist": {
                    "@count": "13",
                    "@value": "60 kilometers across",
                    "@delimiters": "",
                    "state": [
                        {
                            "@name": "8 kilometers across",
                            "@input": "Map:CityData__8 kilometers across"
                        },
                        {
                            "@name": "20 kilometers across",
                            "@input": "Map:CityData__20 kilometers across"
                        },
                        {
                            "@name": "30 kilometers across",
                            "@input": "Map:CityData__30 kilometers across"
                        },
                        {
                            "@name": "60 kilometers across",
                            "@input": "Map:CityData__60 kilometers across"
                        },
                        {
                            "@name": "120 kilometers across",
                            "@input": "Map:CityData__120 kilometers across"
                        },
                        {
                            "@name": "240 kilometers across",
                            "@input": "Map:CityData__240 kilometers across"
                        },
                        {
                            "@name": "490 kilometers across",
                            "@input": "Map:CityData__490 kilometers across"
                        },
                        {
                            "@name": "980 kilometers across",
                            "@input": "Map:CityData__980 kilometers across"
                        },
                        {
                            "@name": "2000 kilometers across",
                            "@input": "Map:CityData__2000 kilometers across"
                        },
                        {
                            "@name": "3900 kilometers across",
                            "@input": "Map:CityData__3900 kilometers across"
                        },
                        {
                            "@name": "7600 kilometers across",
                            "@input": "Map:CityData__7600 kilometers across"
                        },
                        {
                            "@name": "13000 kilometers across",
                            "@input": "Map:CityData__13000 kilometers across"
                        },
                        {
                            "@name": "24000 kilometers across",
                            "@input": "Map:CityData__24000 kilometers across"
                        }
                    ]
                },
                "state": {
                    "@name": "Non-metric",
                    "@input": "Map:CityData__Non-metric"
                }
            },
            "infos": {
                "@count": "1",
                "info": {
                    "link": {
                        "@url": "http://maps.google.com?ie=UTF8&z=12&t=k&ll=43.8833%2C-79.25&q=43.8833%20N%2C%2079.25%20W",
                        "@text": "Satellite image"
                    }
                }
            }
        },
        {
            "@title": "Administrative regions",
            "@scanner": "Data",
            "@id": "AdministrativeRegions:CityData",
            "@position": "500",
            "@error": "false",
            "@numsubpods": "1",
            "subpod": {
                "@title": "",
                "microsources": {
                    "microsource": "CityData"
                },
                "img": {
                    "@src": "https://www4f.wolframalpha.com/Calculate/MSP/MSP95251h466745bd1c2g9000001efc4fc362b4f0e1?MSPStoreType=image/gif&s=48",
                    "@alt": "region | Ontario country | Canada",
                    "@title": "region | Ontario country | Canada",
                    "@width": "151",
                    "@height": "68",
                    "@type": "Grid",
                    "@themes": "1,2,3,4,5,6,7,8,9,10,11,12",
                    "@colorinvertable": "true"
                },
                "plaintext": "region | Ontario\ncountry | Canada"
            },
            "expressiontypes": {
                "@count": "1",
                "expressiontype": {
                    "@name": "Grid"
                }
            }
        },
        {
            "@title": "Current local time",
            "@scanner": "Data",
            "@id": "CurrentTime:CityData",
            "@position": "600",
            "@error": "false",
            "@numsubpods": "1",
            "subpod": {
                "@title": "",
                "microsources": {
                    "microsource": "CityData"
                },
                "img": {
                    "@src": "https://www4f.wolframalpha.com/Calculate/MSP/MSP95261h466745bd1c2g9000002da606233i7dafcg?MSPStoreType=image/gif&s=48",
                    "@alt": "11:36 pm EST | Saturday, January 18, 2020",
                    "@title": "11:36 pm EST | Saturday, January 18, 2020",
                    "@width": "301",
                    "@height": "18",
                    "@type": "Grid",
                    "@themes": "1,2,3,4,5,6,7,8,9,10,11,12",
                    "@colorinvertable": "true"
                },
                "plaintext": "11:36 pm EST | Saturday, January 18, 2020"
            },
            "expressiontypes": {
                "@count": "1",
                "expressiontype": {
                    "@name": "Default"
                }
            }
        },
        {
            "@title": "Current weather",
            "@scanner": "Data",
            "@id": "WeatherPod:CityData",
            "@position": "700",
            "@error": "false",
            "@numsubpods": "1",
            "subpod": {
                "@title": "",
                "microsources": {
                    "microsource": [
                        "CityData",
                        "WeatherData"
                    ]
                },
                "img": {
                    "@src": "https://www4f.wolframalpha.com/Calculate/MSP/MSP95271h466745bd1c2g90000014bg2437a5g44b9f?MSPStoreType=image/gif&s=48",
                    "@alt": "-3 \u00b0C (wind chill: -6 \u00b0C) | relative humidity: 86% | wind: 2 m/s | partly cloudy",
                    "@title": "-3 \u00b0C (wind chill: -6 \u00b0C) | relative humidity: 86% | wind: 2 m/s | partly cloudy",
                    "@width": "543",
                    "@height": "22",
                    "@type": "Grid",
                    "@themes": "1,2,3,4,5,6,7,8,9,10,11,12",
                    "@colorinvertable": "true"
                },
                "plaintext": "-3 \u00b0C (wind chill: -6 \u00b0C) | relative humidity: 86% | wind: 2 m/s | partly cloudy"
            },
            "expressiontypes": {
                "@count": "1",
                "expressiontype": {
                    "@name": "Grid"
                }
            },
            "states": {
                "@count": "2",
                "state": [
                    {
                        "@name": "Show history",
                        "@input": "WeatherPod:CityData__Show history"
                    },
                    {
                        "@name": "Show non-metric",
                        "@input": "WeatherPod:CityData__Show non-metric"
                    }
                ]
            }
        },
        {
            "@title": "Nearby cities",
            "@scanner": "Data",
            "@id": "CityHierarchyInfo:CityData",
            "@position": "800",
            "@error": "false",
            "@numsubpods": "1",
            "subpod": {
                "@title": "",
                "microsources": {
                    "microsource": "CityData"
                },
                "img": {
                    "@src": "https://www4f.wolframalpha.com/Calculate/MSP/MSP95281h466745bd1c2g9000000cahab7460c83h00?MSPStoreType=image/gif&s=48",
                    "@alt": "Toronto, Ontario | 28 km (kilometers) south-southwest | 2.615 million people Mississauga, Ontario | 45 km (kilometers) southwest | 668549 people Brampton, Ontario | 47 km (kilometers) west-southwest | 433806 people (straight-line distances between city centers)",
                    "@title": "Toronto, Ontario | 28 km (kilometers) south-southwest | 2.615 million people Mississauga, Ontario | 45 km (kilometers) southwest | 668549 people Brampton, Ontario | 47 km (kilometers) west-southwest | 433806 people (straight-line distances between city centers)",
                    "@width": "546",
                    "@height": "113",
                    "@type": "Grid",
                    "@themes": "1,2,3,4,5,6,7,8,9,10,11,12",
                    "@colorinvertable": "true"
                },
                "plaintext": "Toronto, Ontario | 28 km (kilometers) south-southwest | 2.615 million people\nMississauga, Ontario | 45 km (kilometers) southwest | 668549 people\nBrampton, Ontario | 47 km (kilometers) west-southwest | 433806 people\n(straight-line distances between city centers)"
            },
            "expressiontypes": {
                "@count": "1",
                "expressiontype": {
                    "@name": "Grid"
                }
            },
            "states": {
                "@count": "2",
                "state": [
                    {
                        "@name": "Show non-metric",
                        "@input": "CityHierarchyInfo:CityData__Show non-metric"
                    },
                    {
                        "@name": "More",
                        "@input": "CityHierarchyInfo:CityData__More"
                    }
                ]
            }
        },
        {
            "@title": "Nearby airports",
            "@scanner": "Data",
            "@id": "AirportHierarchyInfo:CityData",
            "@position": "900",
            "@error": "false",
            "@numsubpods": "1",
            "subpod": {
                "@title": "",
                "microsources": {
                    "microsource": "CityData"
                },
                "img": {
                    "@src": "https://www4f.wolframalpha.com/Calculate/MSP/MSP95291h466745bd1c2g9000002g2higff3516ib71?MSPStoreType=image/gif&s=48",
                    "@alt": "Buttonville | 10 km (kilometers) west-southwest Downsview Airport | 23 km (kilometers) southwest Oshawa Airport | 29 km (kilometers) east Toronto City Centre Airport | 31 km (kilometers) south-southwest Toronto Pearson International Airport | 38 km (kilometers) southwest (straight-line distances between city center and airport)",
                    "@title": "Buttonville | 10 km (kilometers) west-southwest Downsview Airport | 23 km (kilometers) southwest Oshawa Airport | 29 km (kilometers) east Toronto City Centre Airport | 31 km (kilometers) south-southwest Toronto Pearson International Airport | 38 km (kilometers) southwest (straight-line distances between city center and airport)",
                    "@width": "523",
                    "@height": "169",
                    "@type": "Grid",
                    "@themes": "1,2,3,4,5,6,7,8,9,10,11,12",
                    "@colorinvertable": "true"
                },
                "plaintext": "Buttonville | 10 km (kilometers) west-southwest\nDownsview Airport | 23 km (kilometers) southwest\nOshawa Airport | 29 km (kilometers) east\nToronto City Centre Airport | 31 km (kilometers) south-southwest\nToronto Pearson International Airport | 38 km (kilometers) southwest\n(straight-line distances between city center and airport)"
            },
            "expressiontypes": {
                "@count": "1",
                "expressiontype": {
                    "@name": "Grid"
                }
            },
            "states": {
                "@count": "2",
                "state": [
                    {
                        "@name": "Show non-metric",
                        "@input": "AirportHierarchyInfo:CityData__Show non-metric"
                    },
                    {
                        "@name": "More",
                        "@input": "AirportHierarchyInfo:CityData__More"
                    }
                ]
            }
        },
        {
            "@title": "Nearby hospital",
            "@scanner": "Data",
            "@id": "HospitalHierarchyInfo:CityData",
            "@position": "1000",
            "@error": "false",
            "@numsubpods": "1",
            "subpod": {
                "@title": "",
                "microsources": {
                    "microsource": "CityData"
                },
                "img": {
                    "@src": "https://www4f.wolframalpha.com/Calculate/MSP/MSP95301h466745bd1c2g9000001c635cdgdf6hb4gg?MSPStoreType=image/gif&s=48",
                    "@alt": "Inter-Community Memorial Hospital, Inc. | 79 km (kilometers) south-southeast (straight-line distances between city center and hospital)",
                    "@title": "Inter-Community Memorial Hospital, Inc. | 79 km (kilometers) south-southeast (straight-line distances between city center and hospital)",
                    "@width": "545",
                    "@height": "57",
                    "@type": "Grid",
                    "@themes": "1,2,3,4,5,6,7,8,9,10,11,12",
                    "@colorinvertable": "true"
                },
                "plaintext": "Inter-Community Memorial Hospital, Inc. | 79 km (kilometers) south-southeast\n(straight-line distances between city center and hospital)"
            },
            "expressiontypes": {
                "@count": "1",
                "expressiontype": {
                    "@name": "Grid"
                }
            },
            "states": {
                "@count": "1",
                "state": {
                    "@name": "Show non-metric",
                    "@input": "HospitalHierarchyInfo:CityData__Show non-metric"
                }
            }
        },
        {
            "@title": "Notable company headquarters",
            "@scanner": "Data",
            "@id": "CompaniesInCity:CityData",
            "@position": "1100",
            "@error": "false",
            "@numsubpods": "1",
            "subpod": {
                "@title": "",
                "microsources": {
                    "microsource": "CityData"
                },
                "datasources": {
                    "datasource": [
                        "ForbesAmericasLargestPrivateCompanies",
                        "CrunchBase"
                    ]
                },
                "img": {
                    "@src": "https://www4f.wolframalpha.com/Calculate/MSP/MSP95311h466745bd1c2g9000001h0240724513bg11?MSPStoreType=image/gif&s=48",
                    "@alt": "EnerCare | 4702 employees (Quarter 4 2017) | $999.6 million per year (Quarter 4 2017) Semi-Tech Corporation | 100000 employees (Quarter 1 1997) | $803.5 million per year (Quarter 4 1997) Exco Technologies Ltd | 6609 employees (Quarter 3 2017) | $450.2 million per year (Quarter 4 2017) SMTC Corp | 1171 employees (Quarter 4 2017) | $139.2 million per year (Quarter 4 2017) People Corp | 660 employees (Quarter 3 2017) | $86.06 million per year (Quarter 4 2017)",
                    "@title": "EnerCare | 4702 employees (Quarter 4 2017) | $999.6 million per year (Quarter 4 2017) Semi-Tech Corporation | 100000 employees (Quarter 1 1997) | $803.5 million per year (Quarter 4 1997) Exco Technologies Ltd | 6609 employees (Quarter 3 2017) | $450.2 million per year (Quarter 4 2017) SMTC Corp | 1171 employees (Quarter 4 2017) | $139.2 million per year (Quarter 4 2017) People Corp | 660 employees (Quarter 3 2017) | $86.06 million per year (Quarter 4 2017)",
                    "@width": "546",
                    "@height": "249",
                    "@type": "Grid",
                    "@themes": "1,2,3,4,5,6,7,8,9,10,11,12",
                    "@colorinvertable": "true"
                },
                "plaintext": "EnerCare | 4702 employees (Quarter 4 2017) | $999.6 million per year (Quarter 4 2017)\nSemi-Tech Corporation | 100000 employees (Quarter 1 1997) | $803.5 million per year (Quarter 4 1997)\nExco Technologies Ltd | 6609 employees (Quarter 3 2017) | $450.2 million per year (Quarter 4 2017)\nSMTC Corp | 1171 employees (Quarter 4 2017) | $139.2 million per year (Quarter 4 2017)\nPeople Corp | 660 employees (Quarter 3 2017) | $86.06 million per year (Quarter 4 2017)"
            },
            "expressiontypes": {
                "@count": "1",
                "expressiontype": {
                    "@name": "Grid"
                }
            },
            "states": {
                "@count": "1",
                "state": {
                    "@name": "More",
                    "@input": "CompaniesInCity:CityData__More"
                }
            }
        },
        {
            "@title": "Nearby features",
            "@scanner": "Data",
            "@id": "FeaturesHierarchyInfo:CityData",
            "@position": "1200",
            "@error": "false",
            "@numsubpods": "1",
            "subpod": {
                "@title": "",
                "microsources": {
                    "microsource": [
                        "CityData",
                        "NuclearReactorData"
                    ]
                },
                "datasources": {
                    "datasource": "IAEAPowerReactorInformationSystem"
                },
                "img": {
                    "@src": "https://www4f.wolframalpha.com/Calculate/MSP/MSP95321h466745bd1c2g9000005ccdd598c6ge4a10?MSPStoreType=image/gif&s=48",
                    "@alt": "nuclear power site | Pickering | 16 km (kilometers) east-southeast waterfall | Niagara Falls (51 meters) | 90 km (kilometers) south (straight-line distances between city center and feature coordinates)",
                    "@title": "nuclear power site | Pickering | 16 km (kilometers) east-southeast waterfall | Niagara Falls (51 meters) | 90 km (kilometers) south (straight-line distances between city center and feature coordinates)",
                    "@width": "546",
                    "@height": "105",
                    "@type": "Grid",
                    "@themes": "1,2,3,4,5,6,7,8,9,10,11,12",
                    "@colorinvertable": "true"
                },
                "plaintext": "nuclear power site | Pickering | 16 km (kilometers) east-southeast\nwaterfall | Niagara Falls (51 meters) | 90 km (kilometers) south\n(straight-line distances between city center and feature coordinates)"
            },
            "expressiontypes": {
                "@count": "1",
                "expressiontype": {
                    "@name": "Grid"
                }
            },
            "states": {
                "@count": "2",
                "state": [
                    {
                        "@name": "Show non-metric",
                        "@input": "FeaturesHierarchyInfo:CityData__Show non-metric"
                    },
                    {
                        "@name": "More",
                        "@input": "FeaturesHierarchyInfo:CityData__More"
                    }
                ]
            }
        },
        {
            "@title": "Nearest sea",
            "@scanner": "Data",
            "@id": "OceansHierarchyInfo:CityData",
            "@position": "1300",
            "@error": "false",
            "@numsubpods": "1",
            "subpod": {
                "@title": "",
                "microsources": {
                    "microsource": "CityData"
                },
                "img": {
                    "@src": "https://www4f.wolframalpha.com/Calculate/MSP/MSP95331h466745bd1c2g90000032816807dd1c6bh8?MSPStoreType=image/gif&s=48",
                    "@alt": "Atlantic Ocean (521 km (kilometers) east-southeast)  (straight-line distance between city center and shore)",
                    "@title": "Atlantic Ocean (521 km (kilometers) east-southeast)  (straight-line distance between city center and shore)",
                    "@width": "330",
                    "@height": "40",
                    "@type": "Default",
                    "@themes": "1,2,3,4,5,6,7,8,9,10,11,12",
                    "@colorinvertable": "true"
                },
                "plaintext": "Atlantic Ocean (521 km (kilometers) east-southeast) \n(straight-line distance between city center and shore)"
            },
            "expressiontypes": {
                "@count": "1",
                "expressiontype": {
                    "@name": "Default"
                }
            },
            "states": {
                "@count": "3",
                "state": [
                    {
                        "@name": "Show map",
                        "@input": "OceansHierarchyInfo:CityData__Show map"
                    },
                    {
                        "@name": "Show non-metric",
                        "@input": "OceansHierarchyInfo:CityData__Show non-metric"
                    },
                    {
                        "@name": "More",
                        "@input": "OceansHierarchyInfo:CityData__More"
                    }
                ]
            }
        },
        {
            "@title": "Notable people born in Markham",
            "@scanner": "Data",
            "@id": "NotablePeople:CityData",
            "@position": "1400",
            "@error": "false",
            "@numsubpods": "1",
            "subpod": {
                "@title": "",
                "microsources": {
                    "microsource": [
                        "CityData",
                        "PeopleData"
                    ]
                },
                "img": {
                    "@src": "https://www4f.wolframalpha.com/Calculate/MSP/MSP95341h466745bd1c2g900000447bd1e344cc19b8?MSPStoreType=image/gif&s=48",
                    "@alt": "Steven Stamkos (athlete) (1990) Jeff Skinner (ice hockey player) (1992) Paula Brancati (actor) (1989) Justin Peroff (musician) (1977) William Frederick Crothers (athlete) (1940) Sarah Wells (athlete) (1989)",
                    "@title": "Steven Stamkos (athlete) (1990) Jeff Skinner (ice hockey player) (1992) Paula Brancati (actor) (1989) Justin Peroff (musician) (1977) William Frederick Crothers (athlete) (1940) Sarah Wells (athlete) (1989)",
                    "@width": "283",
                    "@height": "114",
                    "@type": "Grid",
                    "@themes": "1,2,3,4,5,6,7,8,9,10,11,12",
                    "@colorinvertable": "true"
                },
                "plaintext": "Steven Stamkos (athlete) (1990)\nJeff Skinner (ice hockey player) (1992)\nPaula Brancati (actor) (1989)\nJustin Peroff (musician) (1977)\nWilliam Frederick Crothers (athlete) (1940)\nSarah Wells (athlete) (1989)"
            },
            "expressiontypes": {
                "@count": "1",
                "expressiontype": {
                    "@name": "Default"
                }
            },
            "states": {
                "@count": "2",
                "state": [
                    {
                        "@name": "Show dates",
                        "@input": "NotablePeople:CityData__Show dates"
                    },
                    {
                        "@name": "Show deaths",
                        "@input": "NotablePeople:CityData__Show deaths"
                    }
                ]
            }
        },
        {
            "@title": "Founding date",
            "@scanner": "Data",
            "@id": "FoundingDates:CityData",
            "@position": "1500",
            "@error": "false",
            "@numsubpods": "1",
            "subpod": {
                "@title": "",
                "microsources": {
                    "microsource": "CityData"
                },
                "img": {
                    "@src": "https://www4f.wolframalpha.com/Calculate/MSP/MSP95351h466745bd1c2g900000149b784dh3g8i10d?MSPStoreType=image/gif&s=48",
                    "@alt": "1972 (48 years ago) (incorporation date)",
                    "@title": "1972 (48 years ago) (incorporation date)",
                    "@width": "257",
                    "@height": "18",
                    "@type": "Default",
                    "@themes": "1,2,3,4,5,6,7,8,9,10,11,12",
                    "@colorinvertable": "true"
                },
                "plaintext": "1972 (48 years ago) (incorporation date)"
            },
            "expressiontypes": {
                "@count": "1",
                "expressiontype": {
                    "@name": "Default"
                }
            },
            "states": {
                "@count": "1",
                "state": {
                    "@name": "More",
                    "@input": "FoundingDates:CityData__More"
                }
            }
        },
        {
            "@title": "Wikipedia page hits history",
            "@scanner": "Data",
            "@id": "PopularityPod:WikipediaStatsData",
            "@position": "1600",
            "@error": "false",
            "@numsubpods": "1",
            "subpod": {
                "@title": "",
                "img": {
                    "@src": "https://www4f.wolframalpha.com/Calculate/MSP/MSP95361h466745bd1c2g900000155d5f9i671ch595?MSPStoreType=image/gif&s=48",
                    "@alt": "Wikipedia page hits history",
                    "@title": "",
                    "@width": "546",
                    "@height": "166",
                    "@type": "TimeSeriesPlot_1",
                    "@themes": "1,2,3,4,5,6,7,8,9,10,11,12",
                    "@colorinvertable": "true"
                },
                "plaintext": null
            },
            "expressiontypes": {
                "@count": "1",
                "expressiontype": {
                    "@name": "TimeSeriesPlot"
                }
            },
            "states": {
                "@count": "1",
                "state": {
                    "@name": "Log scale",
                    "@input": "PopularityPod:WikipediaStatsData__Log scale"
                }
            }
        }
    ],
    "assumptions": {
        "@count": "2",
        "assumption": [
            {
                "@type": "MultiClash",
                "@word": "",
                "@template": "Assuming ${word1} is referring to ${desc1}. Use \"${word2}\" as ${desc2}. Use \"${word3}\" as ${desc3}.",
                "@count": "3",
                "value": [
                    {
                        "@name": "City",
                        "@word": "the input",
                        "@desc": "a city",
                        "@input": "*MC.%7E-_*City-"
                    },
                    {
                        "@name": "AdministrativeDivision",
                        "@word": "Markham",
                        "@desc": "an administrative division",
                        "@input": "*MC.%7E-_*AdministrativeDivision-"
                    },
                    {
                        "@name": "Neighborhood",
                        "@word": "Markham",
                        "@desc": "a neighborhood",
                        "@input": "*MC.%7E-_*Neighborhood-"
                    }
                ]
            },
            {
                "@type": "SubCategory",
                "@word": "City of Markham",
                "@template": "Assuming ${desc1}. Use ${desc2} instead",
                "@count": "4",
                "value": [
                    {
                        "@name": "{Markham, Ontario, Canada}",
                        "@desc": "Markham (Canada)",
                        "@input": "*DPClash.CityE.City+of+Markham-_**Markham.Ontario.Canada--"
                    },
                    {
                        "@name": "{Markham, Illinois, UnitedStates}",
                        "@desc": "Markham (Illinois, USA)",
                        "@input": "*DPClash.CityE.City+of+Markham-_**Markham.Illinois.UnitedStates--"
                    },
                    {
                        "@name": "{Markham, Texas, UnitedStates}",
                        "@desc": "Markham (Texas, USA)",
                        "@input": "*DPClash.CityE.City+of+Markham-_**Markham.Texas.UnitedStates--"
                    },
                    {
                        "@name": "{Markham, Washington, UnitedStates}",
                        "@desc": "Markham (Washington, USA)",
                        "@input": "*DPClash.CityE.City+of+Markham-_**Markham.Washington.UnitedStates--"
                    }
                ]
            }
        ]
    },
    "userinfoused": {
        "@count": "1",
        "userinfo": {
            "@name": "Country"
        }
    },
    "sources": {
        "@count": "7",
        "source": [
            {
                "@url": "https://www4f.wolframalpha.com/sources/AdministrativeDivisionDataSourceInformationNotes.html",
                "@text": "Administrative division data"
            },
            {
                "@url": "https://www4f.wolframalpha.com/sources/CityDataSourceInformationNotes.html",
                "@text": "City data"
            },
            {
                "@url": "https://www4f.wolframalpha.com/sources/NuclearReactorDataSourceInformationNotes.html",
                "@text": "Nuclear reactor data"
            },
            {
                "@url": "https://www4f.wolframalpha.com/sources/OpenStreetMapSourceInformationNotes.html",
                "@text": "Open street map"
            },
            {
                "@url": "https://www4f.wolframalpha.com/sources/PeopleDataSourceInformationNotes.html",
                "@text": "People data"
            },
            {
                "@url": "https://www4f.wolframalpha.com/sources/USCensusDataSourceInformationNotes.html",
                "@text": "US census data"
            },
            {
                "@url": "https://www4f.wolframalpha.com/sources/WeatherDataSourceInformationNotes.html",
                "@text": "Weather data"
            }
        ]
    }
}