{
    "@success": "true",
    "@error": "false",
    "@numpods": "14",
    "@datatypes": "AdministrativeDivision,City,NuclearReactor,Person,WeatherStation",
    "@timedout": "",
    "@timedoutpods": "",
    "@timing": "6.9750000000000005",
    "@parsetiming": "0.74",
    "@parsetimedout": "false",
    "@recalculate": "",
    "@id": "MSP1138243bd5c384d818da00005dai1cb8h8ifbgci",
    "@host": "https://www4f.wolframalpha.com",
    "@server": "51",
    "@related": "https://www4f.wolframalpha.com/api/v1/relatedQueries.jsp?id=MSPa1139243bd5c384d818da00004ica73ffi9ef1728306620017200445608",
    "@version": "2.6",
    "pod": [
        {
            "@title": "Input interpretation",
            "@scanner": "Identity",
            "@id": "Input",
            "@position": "100",
            "@error": "false",
            "@numsubpods": "1",
            "subpod": {
                "@title": "",
                "img": {
                    "@src": "https://www4f.wolframalpha.com/Calculate/MSP/MSP1140243bd5c384d818da00002ee67597h545i0a4?MSPStoreType=image/gif&s=51",
                    "@alt": "North Bay, Ontario",
                    "@title": "North Bay, Ontario",
                    "@width": "128",
                    "@height": "18",
                    "@type": "Default",
                    "@themes": "1,2,3,4,5,6,7,8,9,10,11,12",
                    "@colorinvertable": "true"
                },
                "plaintext": "North Bay, Ontario"
            },
            "expressiontypes": {
                "@count": "1",
                "expressiontype": {
                    "@name": "Default"
                }
            }
        },
        {
            "@title": "Population",
            "@scanner": "Data",
            "@id": "Population:CityData",
            "@position": "200",
            "@error": "false",
            "@numsubpods": "1",
            "@primary": "true",
            "subpod": {
                "@title": "",
                "microsources": {
                    "microsource": [
                        "CityData",
                        "USCensusData"
                    ]
                },
                "img": {
                    "@src": "https://www4f.wolframalpha.com/Calculate/MSP/MSP1141243bd5c384d818da000051gdd089i26fb453?MSPStoreType=image/gif&s=51",
                    "@alt": "city population | 51553 people (country rank: 85th) (2016 estimate)",
                    "@title": "city population | 51553 people (country rank: 85th) (2016 estimate)",
                    "@width": "452",
                    "@height": "36",
                    "@type": "Grid",
                    "@themes": "1,2,3,4,5,6,7,8,9,10,11,12",
                    "@colorinvertable": "true"
                },
                "plaintext": "city population | 51553 people (country rank: 85th) (2016 estimate)"
            },
            "expressiontypes": {
                "@count": "1",
                "expressiontype": {
                    "@name": "Grid"
                }
            },
            "states": {
                "@count": "1",
                "state": {
                    "@name": "Show history",
                    "@input": "Population:CityData__Show history"
                }
            }
        },
        {
            "@title": "Location",
            "@scanner": "Data",
            "@id": "Location:CityData",
            "@position": "300",
            "@error": "false",
            "@numsubpods": "2",
            "subpod": [
                {
                    "@title": "",
                    "microsources": {
                        "microsource": [
                            "AdministrativeDivisionData",
                            "CityData"
                        ]
                    },
                    "img": {
                        "@src": "https://www4f.wolframalpha.com/Calculate/MSP/MSP1142243bd5c384d818da00002ecc8c9d6a473023?MSPStoreType=image/gif&s=51",
                        "@alt": "Ontario, Canada",
                        "@title": "Ontario, Canada",
                        "@width": "109",
                        "@height": "18",
                        "@type": "Default",
                        "@themes": "1,2,3,4,5,6,7,8,9,10,11,12",
                        "@colorinvertable": "true"
                    },
                    "plaintext": "Ontario, Canada"
                },
                {
                    "@title": "",
                    "microsources": {
                        "microsource": [
                            "AdministrativeDivisionData",
                            "CityData",
                            "CountryData"
                        ]
                    },
                    "datasources": {
                        "datasource": "CIAFactbook"
                    },
                    "img": {
                        "@src": "https://www4f.wolframalpha.com/Calculate/MSP/MSP1143243bd5c384d818da00002c33f49g1072ce19?MSPStoreType=image/gif&s=51",
                        "@alt": "Location",
                        "@title": "",
                        "@width": "328",
                        "@height": "214",
                        "@type": "Default",
                        "@themes": "1,2,3,4,5,6,7,8,9,10,11,12",
                        "@colorinvertable": "true"
                    },
                    "plaintext": null
                }
            ],
            "expressiontypes": {
                "@count": "2",
                "expressiontype": [
                    {
                        "@name": "Default"
                    },
                    {
                        "@name": "Default"
                    }
                ]
            },
            "states": {
                "@count": "2",
                "state": [
                    {
                        "@name": "World map",
                        "@input": "Location:CityData__World map"
                    },
                    {
                        "@name": "Show coordinates",
                        "@input": "Location:CityData__Show coordinates"
                    }
                ]
            },
            "infos": {
                "@count": "1",
                "info": {
                    "link": {
                        "@url": "http://maps.google.com?ie=UTF8&z=12&t=k&ll=46.3%2C-79.45&q=46.3%20N%2C%2079.45%20W",
                        "@text": "Satellite image"
                    }
                }
            }
        },
        {
            "@title": "Local map",
            "@scanner": "Data",
            "@id": "Map:CityData",
            "@position": "400",
            "@error": "false",
            "@numsubpods": "1",
            "subpod": {
                "@title": "",
                "microsources": {
                    "microsource": [
                        "CityData",
                        "OpenStreetMap"
                    ]
                },
                "img": {
                    "@src": "https://www4f.wolframalpha.com/Calculate/MSP/MSP1144243bd5c384d818da00003h6f48b0679a0i08?MSPStoreType=image/gif&s=51",
                    "@alt": "Local map",
                    "@title": "",
                    "@width": "550",
                    "@height": "278",
                    "@type": "Default",
                    "@themes": "1,2,3,4,5,6,7,8,9,10,11,12",
                    "@colorinvertable": "false"
                },
                "plaintext": null
            },
            "expressiontypes": {
                "@count": "1",
                "expressiontype": {
                    "@name": "Default"
                }
            },
            "states": {
                "@count": "2",
                "statelist": {
                    "@count": "13",
                    "@value": "30 kilometers across",
                    "@delimiters": "",
                    "state": [
                        {
                            "@name": "7 kilometers across",
                            "@input": "Map:CityData__7 kilometers across"
                        },
                        {
                            "@name": "10 kilometers across",
                            "@input": "Map:CityData__10 kilometers across"
                        },
                        {
                            "@name": "30 kilometers across",
                            "@input": "Map:CityData__30 kilometers across"
                        },
                        {
                            "@name": "60 kilometers across",
                            "@input": "Map:CityData__60 kilometers across"
                        },
                        {
                            "@name": "120 kilometers across",
                            "@input": "Map:CityData__120 kilometers across"
                        },
                        {
                            "@name": "240 kilometers across",
                            "@input": "Map:CityData__240 kilometers across"
                        },
                        {
                            "@name": "470 kilometers across",
                            "@input": "Map:CityData__470 kilometers across"
                        },
                        {
                            "@name": "940 kilometers across",
                            "@input": "Map:CityData__940 kilometers across"
                        },
                        {
                            "@name": "1900 kilometers across",
                            "@input": "Map:CityData__1900 kilometers across"
                        },
                        {
                            "@name": "3700 kilometers across",
                            "@input": "Map:CityData__3700 kilometers across"
                        },
                        {
                            "@name": "7200 kilometers across",
                            "@input": "Map:CityData__7200 kilometers across"
                        },
                        {
                            "@name": "12000 kilometers across",
                            "@input": "Map:CityData__12000 kilometers across"
                        },
                        {
                            "@name": "23000 kilometers across",
                            "@input": "Map:CityData__23000 kilometers across"
                        }
                    ]
                },
                "state": {
                    "@name": "Non-metric",
                    "@input": "Map:CityData__Non-metric"
                }
            },
            "infos": {
                "@count": "1",
                "info": {
                    "link": {
                        "@url": "http://maps.google.com?ie=UTF8&z=12&t=k&ll=46.3%2C-79.45&q=46.3%20N%2C%2079.45%20W",
                        "@text": "Satellite image"
                    }
                }
            }
        },
        {
            "@title": "Administrative regions",
            "@scanner": "Data",
            "@id": "AdministrativeRegions:CityData",
            "@position": "500",
            "@error": "false",
            "@numsubpods": "1",
            "subpod": {
                "@title": "",
                "microsources": {
                    "microsource": "CityData"
                },
                "img": {
                    "@src": "https://www4f.wolframalpha.com/Calculate/MSP/MSP1145243bd5c384d818da00001596e2ibc86c8483?MSPStoreType=image/gif&s=51",
                    "@alt": "region | Ontario country | Canada",
                    "@title": "region | Ontario country | Canada",
                    "@width": "151",
                    "@height": "68",
                    "@type": "Grid",
                    "@themes": "1,2,3,4,5,6,7,8,9,10,11,12",
                    "@colorinvertable": "true"
                },
                "plaintext": "region | Ontario\ncountry | Canada"
            },
            "expressiontypes": {
                "@count": "1",
                "expressiontype": {
                    "@name": "Grid"
                }
            }
        },
        {
            "@title": "Current local time",
            "@scanner": "Data",
            "@id": "CurrentTime:CityData",
            "@position": "600",
            "@error": "false",
            "@numsubpods": "1",
            "subpod": {
                "@title": "",
                "microsources": {
                    "microsource": "CityData"
                },
                "img": {
                    "@src": "https://www4f.wolframalpha.com/Calculate/MSP/MSP1146243bd5c384d818da00002f60105a81bi0170?MSPStoreType=image/gif&s=51",
                    "@alt": "11:37 pm EST | Saturday, January 18, 2020",
                    "@title": "11:37 pm EST | Saturday, January 18, 2020",
                    "@width": "301",
                    "@height": "18",
                    "@type": "Grid",
                    "@themes": "1,2,3,4,5,6,7,8,9,10,11,12",
                    "@colorinvertable": "true"
                },
                "plaintext": "11:37 pm EST | Saturday, January 18, 2020"
            },
            "expressiontypes": {
                "@count": "1",
                "expressiontype": {
                    "@name": "Default"
                }
            }
        },
        {
            "@title": "Current weather",
            "@scanner": "Data",
            "@id": "WeatherPod:CityData",
            "@position": "700",
            "@error": "false",
            "@numsubpods": "1",
            "subpod": {
                "@title": "",
                "microsources": {
                    "microsource": [
                        "CityData",
                        "WeatherData"
                    ]
                },
                "img": {
                    "@src": "https://www4f.wolframalpha.com/Calculate/MSP/MSP1147243bd5c384d818da0000213a78a5ea93if82?MSPStoreType=image/gif&s=51",
                    "@alt": "-14 \u00b0C (wind chill: -23 \u00b0C) | relative humidity: 78% | wind: 6 m/s | snow, overcast",
                    "@title": "-14 \u00b0C (wind chill: -23 \u00b0C) | relative humidity: 78% | wind: 6 m/s | snow, overcast",
                    "@width": "516",
                    "@height": "39",
                    "@type": "Grid",
                    "@themes": "1,2,3,4,5,6,7,8,9,10,11,12",
                    "@colorinvertable": "true"
                },
                "plaintext": "-14 \u00b0C (wind chill: -23 \u00b0C) | relative humidity: 78% | wind: 6 m/s | snow, overcast"
            },
            "expressiontypes": {
                "@count": "1",
                "expressiontype": {
                    "@name": "Grid"
                }
            },
            "states": {
                "@count": "2",
                "state": [
                    {
                        "@name": "Show history",
                        "@input": "WeatherPod:CityData__Show history"
                    },
                    {
                        "@name": "Show non-metric",
                        "@input": "WeatherPod:CityData__Show non-metric"
                    }
                ]
            }
        },
        {
            "@title": "Nearby cities",
            "@scanner": "Data",
            "@id": "CityHierarchyInfo:CityData",
            "@position": "800",
            "@error": "false",
            "@numsubpods": "1",
            "subpod": {
                "@title": "",
                "microsources": {
                    "microsource": "CityData"
                },
                "img": {
                    "@src": "https://www4f.wolframalpha.com/Calculate/MSP/MSP1148243bd5c384d818da00004219b283h57bci3i?MSPStoreType=image/gif&s=51",
                    "@alt": "Sudbury, Ontario | 122 km (kilometers) west | 160274 people Toronto, Ontario | 295 km (kilometers) south | 2.615 million people Ottawa, Ontario | 306 km (kilometers) east-southeast | 883391 people (straight-line distances between city centers)",
                    "@title": "Sudbury, Ontario | 122 km (kilometers) west | 160274 people Toronto, Ontario | 295 km (kilometers) south | 2.615 million people Ottawa, Ontario | 306 km (kilometers) east-southeast | 883391 people (straight-line distances between city centers)",
                    "@width": "535",
                    "@height": "114",
                    "@type": "Grid",
                    "@themes": "1,2,3,4,5,6,7,8,9,10,11,12",
                    "@colorinvertable": "true"
                },
                "plaintext": "Sudbury, Ontario | 122 km (kilometers) west | 160274 people\nToronto, Ontario | 295 km (kilometers) south | 2.615 million people\nOttawa, Ontario | 306 km (kilometers) east-southeast | 883391 people\n(straight-line distances between city centers)"
            },
            "expressiontypes": {
                "@count": "1",
                "expressiontype": {
                    "@name": "Grid"
                }
            },
            "states": {
                "@count": "2",
                "state": [
                    {
                        "@name": "Show non-metric",
                        "@input": "CityHierarchyInfo:CityData__Show non-metric"
                    },
                    {
                        "@name": "More",
                        "@input": "CityHierarchyInfo:CityData__More"
                    }
                ]
            }
        },
        {
            "@title": "Nearby airport",
            "@scanner": "Data",
            "@id": "AirportHierarchyInfo:CityData",
            "@position": "900",
            "@error": "false",
            "@numsubpods": "1",
            "subpod": {
                "@title": "",
                "microsources": {
                    "microsource": "CityData"
                },
                "img": {
                    "@src": "https://www4f.wolframalpha.com/Calculate/MSP/MSP1149243bd5c384d818da000033897dc93569i9ce?MSPStoreType=image/gif&s=51",
                    "@alt": "North Bay Airport | 7 km (kilometers) north-northeast (straight-line distances between city center and airport)",
                    "@title": "North Bay Airport | 7 km (kilometers) north-northeast (straight-line distances between city center and airport)",
                    "@width": "388",
                    "@height": "58",
                    "@type": "Grid",
                    "@themes": "1,2,3,4,5,6,7,8,9,10,11,12",
                    "@colorinvertable": "true"
                },
                "plaintext": "North Bay Airport | 7 km (kilometers) north-northeast\n(straight-line distances between city center and airport)"
            },
            "expressiontypes": {
                "@count": "1",
                "expressiontype": {
                    "@name": "Grid"
                }
            },
            "states": {
                "@count": "1",
                "state": {
                    "@name": "Show non-metric",
                    "@input": "AirportHierarchyInfo:CityData__Show non-metric"
                }
            }
        },
        {
            "@title": "Geographic properties",
            "@scanner": "Data",
            "@id": "GeographicProperties:CityData",
            "@position": "1000",
            "@error": "false",
            "@numsubpods": "1",
            "subpod": {
                "@title": "",
                "microsources": {
                    "microsource": "CityData"
                },
                "img": {
                    "@src": "https://www4f.wolframalpha.com/Calculate/MSP/MSP1150243bd5c384d818da00002c2g85c7d77800be?MSPStoreType=image/gif&s=51",
                    "@alt": "elevation | 199 m",
                    "@title": "elevation | 199 m",
                    "@width": "147",
                    "@height": "36",
                    "@type": "Grid",
                    "@themes": "1,2,3,4,5,6,7,8,9,10,11,12",
                    "@colorinvertable": "true"
                },
                "plaintext": "elevation | 199 m"
            },
            "expressiontypes": {
                "@count": "1",
                "expressiontype": {
                    "@name": "Grid"
                }
            },
            "states": {
                "@count": "1",
                "state": {
                    "@name": "Show non-metric",
                    "@input": "GeographicProperties:CityData__Show non-metric"
                }
            },
            "infos": {
                "@count": "1",
                "info": {
                    "units": {
                        "@count": "1",
                        "unit": {
                            "@short": "m",
                            "@long": "meters"
                        },
                        "img": {
                            "@src": "https://www4f.wolframalpha.com/Calculate/MSP/MSP1151243bd5c384d818da000029h40378b07bei25?MSPStoreType=image/gif&s=51",
                            "@width": "96",
                            "@height": "26"
                        }
                    }
                }
            }
        },
        {
            "@title": "Nearby features",
            "@scanner": "Data",
            "@id": "FeaturesHierarchyInfo:CityData",
            "@position": "1100",
            "@error": "false",
            "@numsubpods": "1",
            "subpod": {
                "@title": "",
                "microsources": {
                    "microsource": [
                        "CityData",
                        "NuclearReactorData"
                    ]
                },
                "datasources": {
                    "datasource": "IAEAPowerReactorInformationSystem"
                },
                "img": {
                    "@src": "https://www4f.wolframalpha.com/Calculate/MSP/MSP1152243bd5c384d818da000061d4ae18hbb2551a?MSPStoreType=image/gif&s=51",
                    "@alt": "dam | DeCew Falls II (15 meters) | 25 km (kilometers) southeast nuclear power site | NPD (permanent shutdown) | 136 km (kilometers) east earth impact | Sudbury Crater (250 km (kilometers)) | 137 km (kilometers) west-northwest (straight-line distances between city center and feature coordinates)",
                    "@title": "dam | DeCew Falls II (15 meters) | 25 km (kilometers) southeast nuclear power site | NPD (permanent shutdown) | 136 km (kilometers) east earth impact | Sudbury Crater (250 km (kilometers)) | 137 km (kilometers) west-northwest (straight-line distances between city center and feature coordinates)",
                    "@width": "545",
                    "@height": "176",
                    "@type": "Grid",
                    "@themes": "1,2,3,4,5,6,7,8,9,10,11,12",
                    "@colorinvertable": "true"
                },
                "plaintext": "dam | DeCew Falls II (15 meters) | 25 km (kilometers) southeast\nnuclear power site | NPD (permanent shutdown) | 136 km (kilometers) east\nearth impact | Sudbury Crater (250 km (kilometers)) | 137 km (kilometers) west-northwest\n(straight-line distances between city center and feature coordinates)"
            },
            "expressiontypes": {
                "@count": "1",
                "expressiontype": {
                    "@name": "Grid"
                }
            },
            "states": {
                "@count": "2",
                "state": [
                    {
                        "@name": "Show non-metric",
                        "@input": "FeaturesHierarchyInfo:CityData__Show non-metric"
                    },
                    {
                        "@name": "More",
                        "@input": "FeaturesHierarchyInfo:CityData__More"
                    }
                ]
            }
        },
        {
            "@title": "Nearest sea",
            "@scanner": "Data",
            "@id": "OceansHierarchyInfo:CityData",
            "@position": "1200",
            "@error": "false",
            "@numsubpods": "1",
            "subpod": {
                "@title": "",
                "microsources": {
                    "microsource": "CityData"
                },
                "img": {
                    "@src": "https://www4f.wolframalpha.com/Calculate/MSP/MSP1153243bd5c384d818da000033g0h597b08704bf?MSPStoreType=image/gif&s=51",
                    "@alt": "Hudson Bay (493 km (kilometers) north)  (straight-line distance between city center and shore)",
                    "@title": "Hudson Bay (493 km (kilometers) north)  (straight-line distance between city center and shore)",
                    "@width": "301",
                    "@height": "41",
                    "@type": "Default",
                    "@themes": "1,2,3,4,5,6,7,8,9,10,11,12",
                    "@colorinvertable": "true"
                },
                "plaintext": "Hudson Bay (493 km (kilometers) north) \n(straight-line distance between city center and shore)"
            },
            "expressiontypes": {
                "@count": "1",
                "expressiontype": {
                    "@name": "Default"
                }
            },
            "states": {
                "@count": "3",
                "state": [
                    {
                        "@name": "Show map",
                        "@input": "OceansHierarchyInfo:CityData__Show map"
                    },
                    {
                        "@name": "Show non-metric",
                        "@input": "OceansHierarchyInfo:CityData__Show non-metric"
                    },
                    {
                        "@name": "More",
                        "@input": "OceansHierarchyInfo:CityData__More"
                    }
                ]
            }
        },
        {
            "@title": "Notable people born in North Bay",
            "@scanner": "Data",
            "@id": "NotablePeople:CityData",
            "@position": "1300",
            "@error": "false",
            "@numsubpods": "1",
            "subpod": {
                "@title": "",
                "microsources": {
                    "microsource": [
                        "CityData",
                        "PeopleData"
                    ]
                },
                "img": {
                    "@src": "https://www4f.wolframalpha.com/Calculate/MSP/MSP1154243bd5c384d818da00001bcag2i6g016b841?MSPStoreType=image/gif&s=51",
                    "@alt": "Gerald Bull (inventor) (1928) Scott Thompson (actor) (1959) Jason Kokrak (golfer) (1985) Anthony Rota (administrator, etc.) (1961) David Morland IV (golfer) (1969) Steve Omischl (athlete) (1978) Garnet Ault (athlete) (1905)",
                    "@title": "Gerald Bull (inventor) (1928) Scott Thompson (actor) (1959) Jason Kokrak (golfer) (1985) Anthony Rota (administrator, etc.) (1961) David Morland IV (golfer) (1969) Steve Omischl (athlete) (1978) Garnet Ault (athlete) (1905)",
                    "@width": "277",
                    "@height": "133",
                    "@type": "Grid",
                    "@themes": "1,2,3,4,5,6,7,8,9,10,11,12",
                    "@colorinvertable": "true"
                },
                "plaintext": "Gerald Bull (inventor) (1928)\nScott Thompson (actor) (1959)\nJason Kokrak (golfer) (1985)\nAnthony Rota (administrator, etc.) (1961)\nDavid Morland IV (golfer) (1969)\nSteve Omischl (athlete) (1978)\nGarnet Ault (athlete) (1905)"
            },
            "expressiontypes": {
                "@count": "1",
                "expressiontype": {
                    "@name": "Default"
                }
            },
            "states": {
                "@count": "2",
                "state": [
                    {
                        "@name": "Show dates",
                        "@input": "NotablePeople:CityData__Show dates"
                    },
                    {
                        "@name": "Show deaths",
                        "@input": "NotablePeople:CityData__Show deaths"
                    }
                ]
            }
        },
        {
            "@title": "Wikipedia page hits history",
            "@scanner": "Data",
            "@id": "PopularityPod:WikipediaStatsData",
            "@position": "1400",
            "@error": "false",
            "@numsubpods": "1",
            "subpod": {
                "@title": "",
                "img": {
                    "@src": "https://www4f.wolframalpha.com/Calculate/MSP/MSP1155243bd5c384d818da000052201g4cah0d50hg?MSPStoreType=image/gif&s=51",
                    "@alt": "Wikipedia page hits history",
                    "@title": "",
                    "@width": "546",
                    "@height": "168",
                    "@type": "TimeSeriesPlot_1",
                    "@themes": "1,2,3,4,5,6,7,8,9,10,11,12",
                    "@colorinvertable": "true"
                },
                "plaintext": null
            },
            "expressiontypes": {
                "@count": "1",
                "expressiontype": {
                    "@name": "TimeSeriesPlot"
                }
            },
            "states": {
                "@count": "1",
                "state": {
                    "@name": "Log scale",
                    "@input": "PopularityPod:WikipediaStatsData__Log scale"
                }
            }
        }
    ],
    "assumptions": {
        "@count": "1",
        "assumption": {
            "@type": "SubCategory",
            "@word": "City of North Bay",
            "@template": "Assuming ${desc1}. Use ${desc2} instead",
            "@count": "2",
            "value": [
                {
                    "@name": "{NorthBay, Ontario, Canada}",
                    "@desc": "North Bay (Canada)",
                    "@input": "*DPClash.CityE.City+of+North+Bay-_**NorthBay.Ontario.Canada--"
                },
                {
                    "@name": "{NorthBay, Wisconsin, UnitedStates}",
                    "@desc": "North Bay (United States)",
                    "@input": "*DPClash.CityE.City+of+North+Bay-_**NorthBay.Wisconsin.UnitedStates--"
                }
            ]
        }
    },
    "userinfoused": {
        "@count": "1",
        "userinfo": {
            "@name": "Country"
        }
    },
    "sources": {
        "@count": "7",
        "source": [
            {
                "@url": "https://www4f.wolframalpha.com/sources/AdministrativeDivisionDataSourceInformationNotes.html",
                "@text": "Administrative division data"
            },
            {
                "@url": "https://www4f.wolframalpha.com/sources/CityDataSourceInformationNotes.html",
                "@text": "City data"
            },
            {
                "@url": "https://www4f.wolframalpha.com/sources/NuclearReactorDataSourceInformationNotes.html",
                "@text": "Nuclear reactor data"
            },
            {
                "@url": "https://www4f.wolframalpha.com/sources/OpenStreetMapSourceInformationNotes.html",
                "@text": "Open street map"
            },
            {
                "@url": "https://www4f.wolframalpha.com/sources/PeopleDataSourceInformationNotes.html",
                "@text": "People data"
            },
            {
                "@url": "https://www4f.wolframalpha.com/sources/USCensusDataSourceInformationNotes.html",
                "@text": "US census data"
            },
            {
                "@url": "https://www4f.wolframalpha.com/sources/WeatherDataSourceInformationNotes.html",
                "@text": "Weather data"
            }
        ]
    }
}