{
    "@success": "true",
    "@error": "false",
    "@numpods": "15",
    "@datatypes": "AdministrativeDivision,City,Person,WeatherStation",
    "@timedout": "",
    "@timedoutpods": "",
    "@timing": "6.807",
    "@parsetiming": "0.64",
    "@parsetimedout": "false",
    "@recalculate": "",
    "@id": "MSP4277243bd0392458e1ah00004b9adh1hc31f8ad7",
    "@host": "https://www4f.wolframalpha.com",
    "@server": "51",
    "@related": "https://www4f.wolframalpha.com/api/v1/relatedQueries.jsp?id=MSPa4278243bd0392458e1ah00002ddi37b8fc6843hh306620017200445608",
    "@version": "2.6",
    "pod": [
        {
            "@title": "Input interpretation",
            "@scanner": "Identity",
            "@id": "Input",
            "@position": "100",
            "@error": "false",
            "@numsubpods": "1",
            "subpod": {
                "@title": "",
                "img": {
                    "@src": "https://www4f.wolframalpha.com/Calculate/MSP/MSP4279243bd0392458e1ah000065505gb0032g0613?MSPStoreType=image/gif&s=51",
                    "@alt": "North Vancouver, British Columbia",
                    "@title": "North Vancouver, British Columbia",
                    "@width": "232",
                    "@height": "18",
                    "@type": "Default",
                    "@themes": "1,2,3,4,5,6,7,8,9,10,11,12",
                    "@colorinvertable": "true"
                },
                "plaintext": "North Vancouver, British Columbia"
            },
            "expressiontypes": {
                "@count": "1",
                "expressiontype": {
                    "@name": "Default"
                }
            }
        },
        {
            "@title": "Population",
            "@scanner": "Data",
            "@id": "Population:CityData",
            "@position": "200",
            "@error": "false",
            "@numsubpods": "1",
            "@primary": "true",
            "subpod": {
                "@title": "",
                "microsources": {
                    "microsource": [
                        "CityData",
                        "USCensusData"
                    ]
                },
                "img": {
                    "@src": "https://www4f.wolframalpha.com/Calculate/MSP/MSP4280243bd0392458e1ah00003d455bbb902ff10b?MSPStoreType=image/gif&s=51",
                    "@alt": "city population | 48196 people (country rank: 91st) (2011 estimate)",
                    "@title": "city population | 48196 people (country rank: 91st) (2011 estimate)",
                    "@width": "451",
                    "@height": "36",
                    "@type": "Grid",
                    "@themes": "1,2,3,4,5,6,7,8,9,10,11,12",
                    "@colorinvertable": "true"
                },
                "plaintext": "city population | 48196 people (country rank: 91st) (2011 estimate)"
            },
            "expressiontypes": {
                "@count": "1",
                "expressiontype": {
                    "@name": "Grid"
                }
            },
            "states": {
                "@count": "1",
                "state": {
                    "@name": "Show history",
                    "@input": "Population:CityData__Show history"
                }
            }
        },
        {
            "@title": "Location",
            "@scanner": "Data",
            "@id": "Location:CityData",
            "@position": "300",
            "@error": "false",
            "@numsubpods": "2",
            "subpod": [
                {
                    "@title": "",
                    "microsources": {
                        "microsource": [
                            "AdministrativeDivisionData",
                            "CityData"
                        ]
                    },
                    "img": {
                        "@src": "https://www4f.wolframalpha.com/Calculate/MSP/MSP4281243bd0392458e1ah00005h3ha0c134a7ga21?MSPStoreType=image/gif&s=51",
                        "@alt": "British Columbia, Canada",
                        "@title": "British Columbia, Canada",
                        "@width": "168",
                        "@height": "18",
                        "@type": "Default",
                        "@themes": "1,2,3,4,5,6,7,8,9,10,11,12",
                        "@colorinvertable": "true"
                    },
                    "plaintext": "British Columbia, Canada"
                },
                {
                    "@title": "",
                    "microsources": {
                        "microsource": [
                            "AdministrativeDivisionData",
                            "CityData",
                            "CountryData"
                        ]
                    },
                    "datasources": {
                        "datasource": "CIAFactbook"
                    },
                    "img": {
                        "@src": "https://www4f.wolframalpha.com/Calculate/MSP/MSP4282243bd0392458e1ah00004e5dbhh60a2g8ea2?MSPStoreType=image/gif&s=51",
                        "@alt": "Location",
                        "@title": "",
                        "@width": "328",
                        "@height": "214",
                        "@type": "Default",
                        "@themes": "1,2,3,4,5,6,7,8,9,10,11,12",
                        "@colorinvertable": "true"
                    },
                    "plaintext": null
                }
            ],
            "expressiontypes": {
                "@count": "2",
                "expressiontype": [
                    {
                        "@name": "Default"
                    },
                    {
                        "@name": "Default"
                    }
                ]
            },
            "states": {
                "@count": "2",
                "state": [
                    {
                        "@name": "World map",
                        "@input": "Location:CityData__World map"
                    },
                    {
                        "@name": "Show coordinates",
                        "@input": "Location:CityData__Show coordinates"
                    }
                ]
            },
            "infos": {
                "@count": "1",
                "info": {
                    "link": {
                        "@url": "http://maps.google.com?ie=UTF8&z=12&t=k&ll=49.3164%2C-123.069&q=49.3164%20N%2C%20123.069%20W",
                        "@text": "Satellite image"
                    }
                }
            }
        },
        {
            "@title": "Local map",
            "@scanner": "Data",
            "@id": "Map:CityData",
            "@position": "400",
            "@error": "false",
            "@numsubpods": "1",
            "subpod": {
                "@title": "",
                "microsources": {
                    "microsource": [
                        "CityData",
                        "OpenStreetMap"
                    ]
                },
                "img": {
                    "@src": "https://www4f.wolframalpha.com/Calculate/MSP/MSP4283243bd0392458e1ah000061dhicci315b41dd?MSPStoreType=image/gif&s=51",
                    "@alt": "Local map",
                    "@title": "",
                    "@width": "550",
                    "@height": "278",
                    "@type": "Default",
                    "@themes": "1,2,3,4,5,6,7,8,9,10,11,12",
                    "@colorinvertable": "false"
                },
                "plaintext": null
            },
            "expressiontypes": {
                "@count": "1",
                "expressiontype": {
                    "@name": "Default"
                }
            },
            "states": {
                "@count": "2",
                "statelist": {
                    "@count": "13",
                    "@value": "30 kilometers across",
                    "@delimiters": "",
                    "state": [
                        {
                            "@name": "7 kilometers across",
                            "@input": "Map:CityData__7 kilometers across"
                        },
                        {
                            "@name": "10 kilometers across",
                            "@input": "Map:CityData__10 kilometers across"
                        },
                        {
                            "@name": "30 kilometers across",
                            "@input": "Map:CityData__30 kilometers across"
                        },
                        {
                            "@name": "60 kilometers across",
                            "@input": "Map:CityData__60 kilometers across"
                        },
                        {
                            "@name": "110 kilometers across",
                            "@input": "Map:CityData__110 kilometers across"
                        },
                        {
                            "@name": "220 kilometers across",
                            "@input": "Map:CityData__220 kilometers across"
                        },
                        {
                            "@name": "440 kilometers across",
                            "@input": "Map:CityData__440 kilometers across"
                        },
                        {
                            "@name": "890 kilometers across",
                            "@input": "Map:CityData__890 kilometers across"
                        },
                        {
                            "@name": "1800 kilometers across",
                            "@input": "Map:CityData__1800 kilometers across"
                        },
                        {
                            "@name": "3500 kilometers across",
                            "@input": "Map:CityData__3500 kilometers across"
                        },
                        {
                            "@name": "6800 kilometers across",
                            "@input": "Map:CityData__6800 kilometers across"
                        },
                        {
                            "@name": "11000 kilometers across",
                            "@input": "Map:CityData__11000 kilometers across"
                        },
                        {
                            "@name": "21000 kilometers across",
                            "@input": "Map:CityData__21000 kilometers across"
                        }
                    ]
                },
                "state": {
                    "@name": "Non-metric",
                    "@input": "Map:CityData__Non-metric"
                }
            },
            "infos": {
                "@count": "1",
                "info": {
                    "link": {
                        "@url": "http://maps.google.com?ie=UTF8&z=12&t=k&ll=49.3164%2C-123.069&q=49.3164%20N%2C%20123.069%20W",
                        "@text": "Satellite image"
                    }
                }
            }
        },
        {
            "@title": "Administrative regions",
            "@scanner": "Data",
            "@id": "AdministrativeRegions:CityData",
            "@position": "500",
            "@error": "false",
            "@numsubpods": "1",
            "subpod": {
                "@title": "",
                "microsources": {
                    "microsource": "CityData"
                },
                "img": {
                    "@src": "https://www4f.wolframalpha.com/Calculate/MSP/MSP4284243bd0392458e1ah000056e483890d8fgg4e?MSPStoreType=image/gif&s=51",
                    "@alt": "region | British Columbia country | Canada",
                    "@title": "region | British Columbia country | Canada",
                    "@width": "210",
                    "@height": "68",
                    "@type": "Grid",
                    "@themes": "1,2,3,4,5,6,7,8,9,10,11,12",
                    "@colorinvertable": "true"
                },
                "plaintext": "region | British Columbia\ncountry | Canada"
            },
            "expressiontypes": {
                "@count": "1",
                "expressiontype": {
                    "@name": "Grid"
                }
            }
        },
        {
            "@title": "Current local time",
            "@scanner": "Data",
            "@id": "CurrentTime:CityData",
            "@position": "600",
            "@error": "false",
            "@numsubpods": "1",
            "subpod": {
                "@title": "",
                "microsources": {
                    "microsource": "CityData"
                },
                "img": {
                    "@src": "https://www4f.wolframalpha.com/Calculate/MSP/MSP4285243bd0392458e1ah000017ie36i272c26848?MSPStoreType=image/gif&s=51",
                    "@alt": "8:37 pm PST | Saturday, January 18, 2020",
                    "@title": "8:37 pm PST | Saturday, January 18, 2020",
                    "@width": "292",
                    "@height": "18",
                    "@type": "Grid",
                    "@themes": "1,2,3,4,5,6,7,8,9,10,11,12",
                    "@colorinvertable": "true"
                },
                "plaintext": "8:37 pm PST | Saturday, January 18, 2020"
            },
            "expressiontypes": {
                "@count": "1",
                "expressiontype": {
                    "@name": "Default"
                }
            }
        },
        {
            "@title": "Current weather",
            "@scanner": "Data",
            "@id": "WeatherPod:CityData",
            "@position": "700",
            "@error": "false",
            "@numsubpods": "1",
            "subpod": {
                "@title": "",
                "microsources": {
                    "microsource": [
                        "CityData",
                        "WeatherData"
                    ]
                },
                "img": {
                    "@src": "https://www4f.wolframalpha.com/Calculate/MSP/MSP4286243bd0392458e1ah00004efeci7414ag533g?MSPStoreType=image/gif&s=51",
                    "@alt": "5 \u00b0C (wind chill: 4 \u00b0C) | relative humidity: 96% | wind: 2 m/s",
                    "@title": "5 \u00b0C (wind chill: 4 \u00b0C) | relative humidity: 96% | wind: 2 m/s",
                    "@width": "414",
                    "@height": "22",
                    "@type": "Grid",
                    "@themes": "1,2,3,4,5,6,7,8,9,10,11,12",
                    "@colorinvertable": "true"
                },
                "plaintext": "5 \u00b0C (wind chill: 4 \u00b0C) | relative humidity: 96% | wind: 2 m/s"
            },
            "expressiontypes": {
                "@count": "1",
                "expressiontype": {
                    "@name": "Grid"
                }
            },
            "states": {
                "@count": "2",
                "state": [
                    {
                        "@name": "Show history",
                        "@input": "WeatherPod:CityData__Show history"
                    },
                    {
                        "@name": "Show non-metric",
                        "@input": "WeatherPod:CityData__Show non-metric"
                    }
                ]
            }
        },
        {
            "@title": "Nearby cities",
            "@scanner": "Data",
            "@id": "CityHierarchyInfo:CityData",
            "@position": "800",
            "@error": "false",
            "@numsubpods": "1",
            "subpod": {
                "@title": "",
                "microsources": {
                    "microsource": "CityData"
                },
                "img": {
                    "@src": "https://www4f.wolframalpha.com/Calculate/MSP/MSP4287243bd0392458e1ah00005d15d772d4959dfc?MSPStoreType=image/gif&s=51",
                    "@alt": "Vancouver, British Columbia | 6 km (kilometers) southwest | 603502 people Burnaby, British Columbia | 13 km (kilometers) southeast | 202799 people Surrey, British Columbia | 22 km (kilometers) southeast | 394976 people (straight-line distances between city centers)",
                    "@title": "Vancouver, British Columbia | 6 km (kilometers) southwest | 603502 people Burnaby, British Columbia | 13 km (kilometers) southeast | 202799 people Surrey, British Columbia | 22 km (kilometers) southeast | 394976 people (straight-line distances between city centers)",
                    "@width": "539",
                    "@height": "114",
                    "@type": "Grid",
                    "@themes": "1,2,3,4,5,6,7,8,9,10,11,12",
                    "@colorinvertable": "true"
                },
                "plaintext": "Vancouver, British Columbia | 6 km (kilometers) southwest | 603502 people\nBurnaby, British Columbia | 13 km (kilometers) southeast | 202799 people\nSurrey, British Columbia | 22 km (kilometers) southeast | 394976 people\n(straight-line distances between city centers)"
            },
            "expressiontypes": {
                "@count": "1",
                "expressiontype": {
                    "@name": "Grid"
                }
            },
            "states": {
                "@count": "2",
                "state": [
                    {
                        "@name": "Show non-metric",
                        "@input": "CityHierarchyInfo:CityData__Show non-metric"
                    },
                    {
                        "@name": "More",
                        "@input": "CityHierarchyInfo:CityData__More"
                    }
                ]
            }
        },
        {
            "@title": "Nearby airport",
            "@scanner": "Data",
            "@id": "AirportHierarchyInfo:CityData",
            "@position": "900",
            "@error": "false",
            "@numsubpods": "1",
            "subpod": {
                "@title": "",
                "microsources": {
                    "microsource": "CityData"
                },
                "img": {
                    "@src": "https://www4f.wolframalpha.com/Calculate/MSP/MSP4288243bd0392458e1ah00003h91he416h3h47i9?MSPStoreType=image/gif&s=51",
                    "@alt": "Vancouver International Airport | 16 km (kilometers) south-southwest (straight-line distances between city center and airport)",
                    "@title": "Vancouver International Airport | 16 km (kilometers) south-southwest (straight-line distances between city center and airport)",
                    "@width": "493",
                    "@height": "58",
                    "@type": "Grid",
                    "@themes": "1,2,3,4,5,6,7,8,9,10,11,12",
                    "@colorinvertable": "true"
                },
                "plaintext": "Vancouver International Airport | 16 km (kilometers) south-southwest\n(straight-line distances between city center and airport)"
            },
            "expressiontypes": {
                "@count": "1",
                "expressiontype": {
                    "@name": "Grid"
                }
            },
            "states": {
                "@count": "2",
                "state": [
                    {
                        "@name": "Show non-metric",
                        "@input": "AirportHierarchyInfo:CityData__Show non-metric"
                    },
                    {
                        "@name": "More",
                        "@input": "AirportHierarchyInfo:CityData__More"
                    }
                ]
            }
        },
        {
            "@title": "Nearby hospital",
            "@scanner": "Data",
            "@id": "HospitalHierarchyInfo:CityData",
            "@position": "1000",
            "@error": "false",
            "@numsubpods": "1",
            "subpod": {
                "@title": "",
                "microsources": {
                    "microsource": "CityData"
                },
                "img": {
                    "@src": "https://www4f.wolframalpha.com/Calculate/MSP/MSP4289243bd0392458e1ah000018dd24cd47ffa76i?MSPStoreType=image/gif&s=51",
                    "@alt": "St. Josephs Hospital | 74 km (kilometers) southeast (straight-line distances between city center and hospital)",
                    "@title": "St. Josephs Hospital | 74 km (kilometers) southeast (straight-line distances between city center and hospital)",
                    "@width": "364",
                    "@height": "58",
                    "@type": "Grid",
                    "@themes": "1,2,3,4,5,6,7,8,9,10,11,12",
                    "@colorinvertable": "true"
                },
                "plaintext": "St. Josephs Hospital | 74 km (kilometers) southeast\n(straight-line distances between city center and hospital)"
            },
            "expressiontypes": {
                "@count": "1",
                "expressiontype": {
                    "@name": "Grid"
                }
            },
            "states": {
                "@count": "1",
                "state": {
                    "@name": "Show non-metric",
                    "@input": "HospitalHierarchyInfo:CityData__Show non-metric"
                }
            }
        },
        {
            "@title": "Geographic properties",
            "@scanner": "Data",
            "@id": "GeographicProperties:CityData",
            "@position": "1100",
            "@error": "false",
            "@numsubpods": "1",
            "subpod": {
                "@title": "",
                "microsources": {
                    "microsource": "CityData"
                },
                "img": {
                    "@src": "https://www4f.wolframalpha.com/Calculate/MSP/MSP4290243bd0392458e1ah00004h68585a30e1h945?MSPStoreType=image/gif&s=51",
                    "@alt": "elevation | 68 m",
                    "@title": "elevation | 68 m",
                    "@width": "139",
                    "@height": "36",
                    "@type": "Grid",
                    "@themes": "1,2,3,4,5,6,7,8,9,10,11,12",
                    "@colorinvertable": "true"
                },
                "plaintext": "elevation | 68 m"
            },
            "expressiontypes": {
                "@count": "1",
                "expressiontype": {
                    "@name": "Grid"
                }
            },
            "states": {
                "@count": "1",
                "state": {
                    "@name": "Show non-metric",
                    "@input": "GeographicProperties:CityData__Show non-metric"
                }
            },
            "infos": {
                "@count": "1",
                "info": {
                    "units": {
                        "@count": "1",
                        "unit": {
                            "@short": "m",
                            "@long": "meters"
                        },
                        "img": {
                            "@src": "https://www4f.wolframalpha.com/Calculate/MSP/MSP4291243bd0392458e1ah00002694c48g40add6ah?MSPStoreType=image/gif&s=51",
                            "@width": "96",
                            "@height": "26"
                        }
                    }
                }
            }
        },
        {
            "@title": "Nearby features",
            "@scanner": "Data",
            "@id": "FeaturesHierarchyInfo:CityData",
            "@position": "1200",
            "@error": "false",
            "@numsubpods": "1",
            "subpod": {
                "@title": "",
                "microsources": {
                    "microsource": "CityData"
                },
                "img": {
                    "@src": "https://www4f.wolframalpha.com/Calculate/MSP/MSP4292243bd0392458e1ah000032e07cf09i54h766?MSPStoreType=image/gif&s=51",
                    "@alt": "mountain | The Lions East Peak (1599 meters) | 16 km (kilometers) north-northwest mountain | Sky Pilot (2025 meters) | 36 km (kilometers) north volcano | Garibaldi (2678 meters) | 60 km (kilometers) north waterfall | Madden Falls (579 meters) | 66 km (kilometers) north-northwest dam | Comox Lake Dam (138 meters) | 151 km (kilometers) west-northwest (straight-line distances between city center and feature coordinates)",
                    "@title": "mountain | The Lions East Peak (1599 meters) | 16 km (kilometers) north-northwest mountain | Sky Pilot (2025 meters) | 36 km (kilometers) north volcano | Garibaldi (2678 meters) | 60 km (kilometers) north waterfall | Madden Falls (579 meters) | 66 km (kilometers) north-northwest dam | Comox Lake Dam (138 meters) | 151 km (kilometers) west-northwest (straight-line distances between city center and feature coordinates)",
                    "@width": "546",
                    "@height": "232",
                    "@type": "Grid",
                    "@themes": "1,2,3,4,5,6,7,8,9,10,11,12",
                    "@colorinvertable": "true"
                },
                "plaintext": "mountain | The Lions East Peak (1599 meters) | 16 km (kilometers) north-northwest\nmountain | Sky Pilot (2025 meters) | 36 km (kilometers) north\nvolcano | Garibaldi (2678 meters) | 60 km (kilometers) north\nwaterfall | Madden Falls (579 meters) | 66 km (kilometers) north-northwest\ndam | Comox Lake Dam (138 meters) | 151 km (kilometers) west-northwest\n(straight-line distances between city center and feature coordinates)"
            },
            "expressiontypes": {
                "@count": "1",
                "expressiontype": {
                    "@name": "Grid"
                }
            },
            "states": {
                "@count": "2",
                "state": [
                    {
                        "@name": "Show non-metric",
                        "@input": "FeaturesHierarchyInfo:CityData__Show non-metric"
                    },
                    {
                        "@name": "More",
                        "@input": "FeaturesHierarchyInfo:CityData__More"
                    }
                ]
            }
        },
        {
            "@title": "Nearest sea",
            "@scanner": "Data",
            "@id": "OceansHierarchyInfo:CityData",
            "@position": "1300",
            "@error": "false",
            "@numsubpods": "1",
            "subpod": {
                "@title": "",
                "microsources": {
                    "microsource": "CityData"
                },
                "img": {
                    "@src": "https://www4f.wolframalpha.com/Calculate/MSP/MSP4293243bd0392458e1ah00005a55af21fha9ga57?MSPStoreType=image/gif&s=51",
                    "@alt": "Coastal Waters Of Southeast Alaska and British Columbia (<5 km (kilometers))  (straight-line distance between city center and shore)",
                    "@title": "Coastal Waters Of Southeast Alaska and British Columbia (<5 km (kilometers))  (straight-line distance between city center and shore)",
                    "@width": "515",
                    "@height": "41",
                    "@type": "Default",
                    "@themes": "1,2,3,4,5,6,7,8,9,10,11,12",
                    "@colorinvertable": "true"
                },
                "plaintext": "Coastal Waters Of Southeast Alaska and British Columbia (<5 km (kilometers)) \n(straight-line distance between city center and shore)"
            },
            "expressiontypes": {
                "@count": "1",
                "expressiontype": {
                    "@name": "Default"
                }
            },
            "states": {
                "@count": "1",
                "state": {
                    "@name": "Show non-metric",
                    "@input": "OceansHierarchyInfo:CityData__Show non-metric"
                }
            }
        },
        {
            "@title": "Notable people born in North Vancouver",
            "@scanner": "Data",
            "@id": "NotablePeople:CityData",
            "@position": "1400",
            "@error": "false",
            "@numsubpods": "1",
            "subpod": {
                "@title": "",
                "microsources": {
                    "microsource": [
                        "CityData",
                        "PeopleData"
                    ]
                },
                "img": {
                    "@src": "https://www4f.wolframalpha.com/Calculate/MSP/MSP4294243bd0392458e1ah000017ife1i66744b20d?MSPStoreType=image/gif&s=51",
                    "@alt": "Robert Sacre (basketball player) (1989) Sean McColl (rock climber) (1987)",
                    "@title": "Robert Sacre (basketball player) (1989) Sean McColl (rock climber) (1987)",
                    "@width": "261",
                    "@height": "38",
                    "@type": "Grid",
                    "@themes": "1,2,3,4,5,6,7,8,9,10,11,12",
                    "@colorinvertable": "true"
                },
                "plaintext": "Robert Sacre (basketball player) (1989)\nSean McColl (rock climber) (1987)"
            },
            "expressiontypes": {
                "@count": "1",
                "expressiontype": {
                    "@name": "Default"
                }
            },
            "states": {
                "@count": "2",
                "state": [
                    {
                        "@name": "Show dates",
                        "@input": "NotablePeople:CityData__Show dates"
                    },
                    {
                        "@name": "Show deaths",
                        "@input": "NotablePeople:CityData__Show deaths"
                    }
                ]
            }
        },
        {
            "@title": "Wikipedia page hits history",
            "@scanner": "Data",
            "@id": "PopularityPod:WikipediaStatsData",
            "@position": "1500",
            "@error": "false",
            "@numsubpods": "1",
            "subpod": {
                "@title": "",
                "img": {
                    "@src": "https://www4f.wolframalpha.com/Calculate/MSP/MSP4295243bd0392458e1ah000049g702e0g04f96hg?MSPStoreType=image/gif&s=51",
                    "@alt": "Wikipedia page hits history",
                    "@title": "",
                    "@width": "546",
                    "@height": "168",
                    "@type": "TimeSeriesPlot_1",
                    "@themes": "1,2,3,4,5,6,7,8,9,10,11,12",
                    "@colorinvertable": "true"
                },
                "plaintext": null
            },
            "expressiontypes": {
                "@count": "1",
                "expressiontype": {
                    "@name": "TimeSeriesPlot"
                }
            },
            "states": {
                "@count": "1",
                "state": {
                    "@name": "Log scale",
                    "@input": "PopularityPod:WikipediaStatsData__Log scale"
                }
            }
        }
    ],
    "userinfoused": {
        "@count": "1",
        "userinfo": {
            "@name": "Country"
        }
    },
    "sources": {
        "@count": "6",
        "source": [
            {
                "@url": "https://www4f.wolframalpha.com/sources/AdministrativeDivisionDataSourceInformationNotes.html",
                "@text": "Administrative division data"
            },
            {
                "@url": "https://www4f.wolframalpha.com/sources/CityDataSourceInformationNotes.html",
                "@text": "City data"
            },
            {
                "@url": "https://www4f.wolframalpha.com/sources/OpenStreetMapSourceInformationNotes.html",
                "@text": "Open street map"
            },
            {
                "@url": "https://www4f.wolframalpha.com/sources/PeopleDataSourceInformationNotes.html",
                "@text": "People data"
            },
            {
                "@url": "https://www4f.wolframalpha.com/sources/USCensusDataSourceInformationNotes.html",
                "@text": "US census data"
            },
            {
                "@url": "https://www4f.wolframalpha.com/sources/WeatherDataSourceInformationNotes.html",
                "@text": "Weather data"
            }
        ]
    }
}