{
    "@success": "true",
    "@error": "false",
    "@numpods": "15",
    "@datatypes": "AdministrativeDivision,City,NuclearReactor,Person,WeatherStation",
    "@timedout": "",
    "@timedoutpods": "",
    "@timing": "6.307",
    "@parsetiming": "0.462",
    "@parsetimedout": "false",
    "@recalculate": "",
    "@id": "MSP1156243bd5c384d818da000010gfeb8995h5i20e",
    "@host": "https://www4f.wolframalpha.com",
    "@server": "51",
    "@related": "https://www4f.wolframalpha.com/api/v1/relatedQueries.jsp?id=MSPa1157243bd5c384d818da000038g3die765afc0gh306620017200445608",
    "@version": "2.6",
    "pod": [
        {
            "@title": "Input interpretation",
            "@scanner": "Identity",
            "@id": "Input",
            "@position": "100",
            "@error": "false",
            "@numsubpods": "1",
            "subpod": {
                "@title": "",
                "img": {
                    "@src": "https://www4f.wolframalpha.com/Calculate/MSP/MSP1158243bd5c384d818da00006063383038b19fd9?MSPStoreType=image/gif&s=51",
                    "@alt": "Oshawa, Ontario",
                    "@title": "Oshawa, Ontario",
                    "@width": "112",
                    "@height": "18",
                    "@type": "Default",
                    "@themes": "1,2,3,4,5,6,7,8,9,10,11,12",
                    "@colorinvertable": "true"
                },
                "plaintext": "Oshawa, Ontario"
            },
            "expressiontypes": {
                "@count": "1",
                "expressiontype": {
                    "@name": "Default"
                }
            }
        },
        {
            "@title": "Population",
            "@scanner": "Data",
            "@id": "Population:CityData",
            "@position": "200",
            "@error": "false",
            "@numsubpods": "1",
            "@primary": "true",
            "subpod": {
                "@title": "",
                "microsources": {
                    "microsource": [
                        "CityData",
                        "USCensusData"
                    ]
                },
                "img": {
                    "@src": "https://www4f.wolframalpha.com/Calculate/MSP/MSP1159243bd5c384d818da0000443d49hi7693a69h?MSPStoreType=image/gif&s=51",
                    "@alt": "city population | 149607 people (country rank: 32nd) (2011 estimate)",
                    "@title": "city population | 149607 people (country rank: 32nd) (2011 estimate)",
                    "@width": "463",
                    "@height": "36",
                    "@type": "Grid",
                    "@themes": "1,2,3,4,5,6,7,8,9,10,11,12",
                    "@colorinvertable": "true"
                },
                "plaintext": "city population | 149607 people (country rank: 32nd) (2011 estimate)"
            },
            "expressiontypes": {
                "@count": "1",
                "expressiontype": {
                    "@name": "Grid"
                }
            },
            "states": {
                "@count": "1",
                "state": {
                    "@name": "Show history",
                    "@input": "Population:CityData__Show history"
                }
            }
        },
        {
            "@title": "Location",
            "@scanner": "Data",
            "@id": "Location:CityData",
            "@position": "300",
            "@error": "false",
            "@numsubpods": "2",
            "subpod": [
                {
                    "@title": "",
                    "microsources": {
                        "microsource": [
                            "AdministrativeDivisionData",
                            "CityData"
                        ]
                    },
                    "img": {
                        "@src": "https://www4f.wolframalpha.com/Calculate/MSP/MSP1160243bd5c384d818da00004gg0427df531g161?MSPStoreType=image/gif&s=51",
                        "@alt": "Ontario, Canada",
                        "@title": "Ontario, Canada",
                        "@width": "109",
                        "@height": "18",
                        "@type": "Default",
                        "@themes": "1,2,3,4,5,6,7,8,9,10,11,12",
                        "@colorinvertable": "true"
                    },
                    "plaintext": "Ontario, Canada"
                },
                {
                    "@title": "",
                    "microsources": {
                        "microsource": [
                            "AdministrativeDivisionData",
                            "CityData",
                            "CountryData"
                        ]
                    },
                    "datasources": {
                        "datasource": "CIAFactbook"
                    },
                    "img": {
                        "@src": "https://www4f.wolframalpha.com/Calculate/MSP/MSP1161243bd5c384d818da000031iechb6096i8877?MSPStoreType=image/gif&s=51",
                        "@alt": "Location",
                        "@title": "",
                        "@width": "328",
                        "@height": "214",
                        "@type": "Default",
                        "@themes": "1,2,3,4,5,6,7,8,9,10,11,12",
                        "@colorinvertable": "true"
                    },
                    "plaintext": null
                }
            ],
            "expressiontypes": {
                "@count": "2",
                "expressiontype": [
                    {
                        "@name": "Default"
                    },
                    {
                        "@name": "Default"
                    }
                ]
            },
            "states": {
                "@count": "2",
                "state": [
                    {
                        "@name": "World map",
                        "@input": "Location:CityData__World map"
                    },
                    {
                        "@name": "Show coordinates",
                        "@input": "Location:CityData__Show coordinates"
                    }
                ]
            },
            "infos": {
                "@count": "1",
                "info": {
                    "link": {
                        "@url": "http://maps.google.com?ie=UTF8&z=12&t=k&ll=43.89%2C-78.86&q=43.89%20N%2C%2078.86%20W",
                        "@text": "Satellite image"
                    }
                }
            }
        },
        {
            "@title": "Local map",
            "@scanner": "Data",
            "@id": "Map:CityData",
            "@position": "400",
            "@error": "false",
            "@numsubpods": "1",
            "subpod": {
                "@title": "",
                "microsources": {
                    "microsource": [
                        "CityData",
                        "OpenStreetMap"
                    ]
                },
                "img": {
                    "@src": "https://www4f.wolframalpha.com/Calculate/MSP/MSP1162243bd5c384d818da00004aiiei5gah4383ia?MSPStoreType=image/gif&s=51",
                    "@alt": "Local map",
                    "@title": "",
                    "@width": "550",
                    "@height": "278",
                    "@type": "Default",
                    "@themes": "1,2,3,4,5,6,7,8,9,10,11,12",
                    "@colorinvertable": "false"
                },
                "plaintext": null
            },
            "expressiontypes": {
                "@count": "1",
                "expressiontype": {
                    "@name": "Default"
                }
            },
            "states": {
                "@count": "2",
                "statelist": {
                    "@count": "13",
                    "@value": "30 kilometers across",
                    "@delimiters": "",
                    "state": [
                        {
                            "@name": "8 kilometers across",
                            "@input": "Map:CityData__8 kilometers across"
                        },
                        {
                            "@name": "20 kilometers across",
                            "@input": "Map:CityData__20 kilometers across"
                        },
                        {
                            "@name": "30 kilometers across",
                            "@input": "Map:CityData__30 kilometers across"
                        },
                        {
                            "@name": "60 kilometers across",
                            "@input": "Map:CityData__60 kilometers across"
                        },
                        {
                            "@name": "120 kilometers across",
                            "@input": "Map:CityData__120 kilometers across"
                        },
                        {
                            "@name": "240 kilometers across",
                            "@input": "Map:CityData__240 kilometers across"
                        },
                        {
                            "@name": "490 kilometers across",
                            "@input": "Map:CityData__490 kilometers across"
                        },
                        {
                            "@name": "980 kilometers across",
                            "@input": "Map:CityData__980 kilometers across"
                        },
                        {
                            "@name": "2000 kilometers across",
                            "@input": "Map:CityData__2000 kilometers across"
                        },
                        {
                            "@name": "3900 kilometers across",
                            "@input": "Map:CityData__3900 kilometers across"
                        },
                        {
                            "@name": "7600 kilometers across",
                            "@input": "Map:CityData__7600 kilometers across"
                        },
                        {
                            "@name": "13000 kilometers across",
                            "@input": "Map:CityData__13000 kilometers across"
                        },
                        {
                            "@name": "24000 kilometers across",
                            "@input": "Map:CityData__24000 kilometers across"
                        }
                    ]
                },
                "state": {
                    "@name": "Non-metric",
                    "@input": "Map:CityData__Non-metric"
                }
            },
            "infos": {
                "@count": "1",
                "info": {
                    "link": {
                        "@url": "http://maps.google.com?ie=UTF8&z=12&t=k&ll=43.89%2C-78.86&q=43.89%20N%2C%2078.86%20W",
                        "@text": "Satellite image"
                    }
                }
            }
        },
        {
            "@title": "Administrative regions",
            "@scanner": "Data",
            "@id": "AdministrativeRegions:CityData",
            "@position": "500",
            "@error": "false",
            "@numsubpods": "1",
            "subpod": {
                "@title": "",
                "microsources": {
                    "microsource": "CityData"
                },
                "img": {
                    "@src": "https://www4f.wolframalpha.com/Calculate/MSP/MSP1163243bd5c384d818da000056a7223a93i6di21?MSPStoreType=image/gif&s=51",
                    "@alt": "region | Ontario country | Canada",
                    "@title": "region | Ontario country | Canada",
                    "@width": "151",
                    "@height": "68",
                    "@type": "Grid",
                    "@themes": "1,2,3,4,5,6,7,8,9,10,11,12",
                    "@colorinvertable": "true"
                },
                "plaintext": "region | Ontario\ncountry | Canada"
            },
            "expressiontypes": {
                "@count": "1",
                "expressiontype": {
                    "@name": "Grid"
                }
            }
        },
        {
            "@title": "Current local time",
            "@scanner": "Data",
            "@id": "CurrentTime:CityData",
            "@position": "600",
            "@error": "false",
            "@numsubpods": "1",
            "subpod": {
                "@title": "",
                "microsources": {
                    "microsource": "CityData"
                },
                "img": {
                    "@src": "https://www4f.wolframalpha.com/Calculate/MSP/MSP1164243bd5c384d818da000067h60caa01i39bdf?MSPStoreType=image/gif&s=51",
                    "@alt": "11:37 pm EST | Saturday, January 18, 2020",
                    "@title": "11:37 pm EST | Saturday, January 18, 2020",
                    "@width": "301",
                    "@height": "18",
                    "@type": "Grid",
                    "@themes": "1,2,3,4,5,6,7,8,9,10,11,12",
                    "@colorinvertable": "true"
                },
                "plaintext": "11:37 pm EST | Saturday, January 18, 2020"
            },
            "expressiontypes": {
                "@count": "1",
                "expressiontype": {
                    "@name": "Default"
                }
            }
        },
        {
            "@title": "Current weather",
            "@scanner": "Data",
            "@id": "WeatherPod:CityData",
            "@position": "700",
            "@error": "false",
            "@numsubpods": "1",
            "subpod": {
                "@title": "",
                "microsources": {
                    "microsource": [
                        "CityData",
                        "WeatherData"
                    ]
                },
                "img": {
                    "@src": "https://www4f.wolframalpha.com/Calculate/MSP/MSP1165243bd5c384d818da00005ha2c2ca2dc8b226?MSPStoreType=image/gif&s=51",
                    "@alt": "-3 \u00b0C (wind chill: -6 \u00b0C) | relative humidity: 86% | wind: 2 m/s | partly cloudy",
                    "@title": "-3 \u00b0C (wind chill: -6 \u00b0C) | relative humidity: 86% | wind: 2 m/s | partly cloudy",
                    "@width": "545",
                    "@height": "22",
                    "@type": "Grid",
                    "@themes": "1,2,3,4,5,6,7,8,9,10,11,12",
                    "@colorinvertable": "true"
                },
                "plaintext": "-3 \u00b0C (wind chill: -6 \u00b0C) | relative humidity: 86% | wind: 2 m/s | partly cloudy"
            },
            "expressiontypes": {
                "@count": "1",
                "expressiontype": {
                    "@name": "Grid"
                }
            },
            "states": {
                "@count": "2",
                "state": [
                    {
                        "@name": "Show history",
                        "@input": "WeatherPod:CityData__Show history"
                    },
                    {
                        "@name": "Show non-metric",
                        "@input": "WeatherPod:CityData__Show non-metric"
                    }
                ]
            }
        },
        {
            "@title": "Nearby cities",
            "@scanner": "Data",
            "@id": "CityHierarchyInfo:CityData",
            "@position": "800",
            "@error": "false",
            "@numsubpods": "1",
            "subpod": {
                "@title": "",
                "microsources": {
                    "microsource": "CityData"
                },
                "img": {
                    "@src": "https://www4f.wolframalpha.com/Calculate/MSP/MSP1166243bd5c384d818da00005h8fiegdc3eg1iah?MSPStoreType=image/gif&s=51",
                    "@alt": "Whitby, Ontario | 7 km (kilometers) west-northwest | 111184 people Toronto, Ontario | 50 km (kilometers) west-southwest | 2.615 million people Mississauga, Ontario | 71 km (kilometers) west-southwest | 668549 people (straight-line distances between city centers)",
                    "@title": "Whitby, Ontario | 7 km (kilometers) west-northwest | 111184 people Toronto, Ontario | 50 km (kilometers) west-southwest | 2.615 million people Mississauga, Ontario | 71 km (kilometers) west-southwest | 668549 people (straight-line distances between city centers)",
                    "@width": "546",
                    "@height": "176",
                    "@type": "Grid",
                    "@themes": "1,2,3,4,5,6,7,8,9,10,11,12",
                    "@colorinvertable": "true"
                },
                "plaintext": "Whitby, Ontario | 7 km (kilometers) west-northwest | 111184 people\nToronto, Ontario | 50 km (kilometers) west-southwest | 2.615 million people\nMississauga, Ontario | 71 km (kilometers) west-southwest | 668549 people\n(straight-line distances between city centers)"
            },
            "expressiontypes": {
                "@count": "1",
                "expressiontype": {
                    "@name": "Grid"
                }
            },
            "states": {
                "@count": "2",
                "state": [
                    {
                        "@name": "Show non-metric",
                        "@input": "CityHierarchyInfo:CityData__Show non-metric"
                    },
                    {
                        "@name": "More",
                        "@input": "CityHierarchyInfo:CityData__More"
                    }
                ]
            }
        },
        {
            "@title": "Nearby airports",
            "@scanner": "Data",
            "@id": "AirportHierarchyInfo:CityData",
            "@position": "900",
            "@error": "false",
            "@numsubpods": "1",
            "subpod": {
                "@title": "",
                "microsources": {
                    "microsource": "CityData"
                },
                "img": {
                    "@src": "https://www4f.wolframalpha.com/Calculate/MSP/MSP1167243bd5c384d818da000036i49a472d8f8f3c?MSPStoreType=image/gif&s=51",
                    "@alt": "Oshawa Airport | 5 km (kilometers) northwest Toronto Pearson International Airport | 66 km (kilometers) west-southwest (straight-line distances between city center and airport)",
                    "@title": "Oshawa Airport | 5 km (kilometers) northwest Toronto Pearson International Airport | 66 km (kilometers) west-southwest (straight-line distances between city center and airport)",
                    "@width": "525",
                    "@height": "86",
                    "@type": "Grid",
                    "@themes": "1,2,3,4,5,6,7,8,9,10,11,12",
                    "@colorinvertable": "true"
                },
                "plaintext": "Oshawa Airport | 5 km (kilometers) northwest\nToronto Pearson International Airport | 66 km (kilometers) west-southwest\n(straight-line distances between city center and airport)"
            },
            "expressiontypes": {
                "@count": "1",
                "expressiontype": {
                    "@name": "Grid"
                }
            },
            "states": {
                "@count": "2",
                "state": [
                    {
                        "@name": "Show non-metric",
                        "@input": "AirportHierarchyInfo:CityData__Show non-metric"
                    },
                    {
                        "@name": "More",
                        "@input": "AirportHierarchyInfo:CityData__More"
                    }
                ]
            }
        },
        {
            "@title": "Nearby hospital",
            "@scanner": "Data",
            "@id": "HospitalHierarchyInfo:CityData",
            "@position": "1000",
            "@error": "false",
            "@numsubpods": "1",
            "subpod": {
                "@title": "",
                "microsources": {
                    "microsource": "CityData"
                },
                "img": {
                    "@src": "https://www4f.wolframalpha.com/Calculate/MSP/MSP1168243bd5c384d818da0000356i9a82113a8d9i?MSPStoreType=image/gif&s=51",
                    "@alt": "Inter-Community Memorial Hospital, Inc. | 68 km (kilometers) south (straight-line distances between city center and hospital)",
                    "@title": "Inter-Community Memorial Hospital, Inc. | 68 km (kilometers) south (straight-line distances between city center and hospital)",
                    "@width": "487",
                    "@height": "58",
                    "@type": "Grid",
                    "@themes": "1,2,3,4,5,6,7,8,9,10,11,12",
                    "@colorinvertable": "true"
                },
                "plaintext": "Inter-Community Memorial Hospital, Inc. | 68 km (kilometers) south\n(straight-line distances between city center and hospital)"
            },
            "expressiontypes": {
                "@count": "1",
                "expressiontype": {
                    "@name": "Grid"
                }
            },
            "states": {
                "@count": "1",
                "state": {
                    "@name": "Show non-metric",
                    "@input": "HospitalHierarchyInfo:CityData__Show non-metric"
                }
            }
        },
        {
            "@title": "Geographic properties",
            "@scanner": "Data",
            "@id": "GeographicProperties:CityData",
            "@position": "1100",
            "@error": "false",
            "@numsubpods": "1",
            "subpod": {
                "@title": "",
                "microsources": {
                    "microsource": "CityData"
                },
                "img": {
                    "@src": "https://www4f.wolframalpha.com/Calculate/MSP/MSP1169243bd5c384d818da00005e60e9eh9agh7e0g?MSPStoreType=image/gif&s=51",
                    "@alt": "elevation | 103 m",
                    "@title": "elevation | 103 m",
                    "@width": "147",
                    "@height": "36",
                    "@type": "Grid",
                    "@themes": "1,2,3,4,5,6,7,8,9,10,11,12",
                    "@colorinvertable": "true"
                },
                "plaintext": "elevation | 103 m"
            },
            "expressiontypes": {
                "@count": "1",
                "expressiontype": {
                    "@name": "Grid"
                }
            },
            "states": {
                "@count": "1",
                "state": {
                    "@name": "Show non-metric",
                    "@input": "GeographicProperties:CityData__Show non-metric"
                }
            },
            "infos": {
                "@count": "1",
                "info": {
                    "units": {
                        "@count": "1",
                        "unit": {
                            "@short": "m",
                            "@long": "meters"
                        },
                        "img": {
                            "@src": "https://www4f.wolframalpha.com/Calculate/MSP/MSP1170243bd5c384d818da000029i071baf7h0g6hf?MSPStoreType=image/gif&s=51",
                            "@width": "96",
                            "@height": "26"
                        }
                    }
                }
            }
        },
        {
            "@title": "Nearby features",
            "@scanner": "Data",
            "@id": "FeaturesHierarchyInfo:CityData",
            "@position": "1200",
            "@error": "false",
            "@numsubpods": "1",
            "subpod": {
                "@title": "",
                "microsources": {
                    "microsource": [
                        "CityData",
                        "NuclearReactorData"
                    ]
                },
                "datasources": {
                    "datasource": "IAEAPowerReactorInformationSystem"
                },
                "img": {
                    "@src": "https://www4f.wolframalpha.com/Calculate/MSP/MSP1171243bd5c384d818da0000428f8i68230h54a5?MSPStoreType=image/gif&s=51",
                    "@alt": "nuclear power site | Darlington | 13 km (kilometers) east waterfall | Niagara Falls (51 meters) | 92 km (kilometers) south (straight-line distances between city center and feature coordinates)",
                    "@title": "nuclear power site | Darlington | 13 km (kilometers) east waterfall | Niagara Falls (51 meters) | 92 km (kilometers) south (straight-line distances between city center and feature coordinates)",
                    "@width": "517",
                    "@height": "86",
                    "@type": "Grid",
                    "@themes": "1,2,3,4,5,6,7,8,9,10,11,12",
                    "@colorinvertable": "true"
                },
                "plaintext": "nuclear power site | Darlington | 13 km (kilometers) east\nwaterfall | Niagara Falls (51 meters) | 92 km (kilometers) south\n(straight-line distances between city center and feature coordinates)"
            },
            "expressiontypes": {
                "@count": "1",
                "expressiontype": {
                    "@name": "Grid"
                }
            },
            "states": {
                "@count": "2",
                "state": [
                    {
                        "@name": "Show non-metric",
                        "@input": "FeaturesHierarchyInfo:CityData__Show non-metric"
                    },
                    {
                        "@name": "More",
                        "@input": "FeaturesHierarchyInfo:CityData__More"
                    }
                ]
            }
        },
        {
            "@title": "Nearest sea",
            "@scanner": "Data",
            "@id": "OceansHierarchyInfo:CityData",
            "@position": "1300",
            "@error": "false",
            "@numsubpods": "1",
            "subpod": {
                "@title": "",
                "microsources": {
                    "microsource": "CityData"
                },
                "img": {
                    "@src": "https://www4f.wolframalpha.com/Calculate/MSP/MSP1172243bd5c384d818da0000187554ii0d3afd0a?MSPStoreType=image/gif&s=51",
                    "@alt": "Atlantic Ocean (495 km (kilometers) southeast)  (straight-line distance between city center and shore)",
                    "@title": "Atlantic Ocean (495 km (kilometers) southeast)  (straight-line distance between city center and shore)",
                    "@width": "308",
                    "@height": "41",
                    "@type": "Default",
                    "@themes": "1,2,3,4,5,6,7,8,9,10,11,12",
                    "@colorinvertable": "true"
                },
                "plaintext": "Atlantic Ocean (495 km (kilometers) southeast) \n(straight-line distance between city center and shore)"
            },
            "expressiontypes": {
                "@count": "1",
                "expressiontype": {
                    "@name": "Default"
                }
            },
            "states": {
                "@count": "3",
                "state": [
                    {
                        "@name": "Show map",
                        "@input": "OceansHierarchyInfo:CityData__Show map"
                    },
                    {
                        "@name": "Show non-metric",
                        "@input": "OceansHierarchyInfo:CityData__Show non-metric"
                    },
                    {
                        "@name": "More",
                        "@input": "OceansHierarchyInfo:CityData__More"
                    }
                ]
            }
        },
        {
            "@title": "Notable people born in Oshawa",
            "@scanner": "Data",
            "@id": "NotablePeople:CityData",
            "@position": "1400",
            "@error": "false",
            "@numsubpods": "1",
            "subpod": {
                "@title": "",
                "microsources": {
                    "microsource": [
                        "CityData",
                        "PeopleData"
                    ]
                },
                "img": {
                    "@src": "https://www4f.wolframalpha.com/Calculate/MSP/MSP1173243bd5c384d818da000010gf1d811bg7d40c?MSPStoreType=image/gif&s=51",
                    "@alt": "A. J. Cook (actor) (1978) Jordan Todosey (actor) (1995) Shalom Harlow (model) (1973) Shawn Thornton (hockey player) (1977) Joe Nieuwendyk (hockey player, etc.) (1966) Albert W. Tucker (mathematician) (1905) Mars Bonfire (songwriter, etc.) (1943) Ed Broadbent (politician) (1936) Paul Ranger (hockey player) (1984) Jerry Edmonton (musician) (1946) ...",
                    "@title": "A. J. Cook (actor) (1978) Jordan Todosey (actor) (1995) Shalom Harlow (model) (1973) Shawn Thornton (hockey player) (1977) Joe Nieuwendyk (hockey player, etc.) (1966) Albert W. Tucker (mathematician) (1905) Mars Bonfire (songwriter, etc.) (1943) Ed Broadbent (politician) (1936) Paul Ranger (hockey player) (1984) Jerry Edmonton (musician) (1946) ...",
                    "@width": "296",
                    "@height": "209",
                    "@type": "Grid",
                    "@themes": "1,2,3,4,5,6,7,8,9,10,11,12",
                    "@colorinvertable": "true"
                },
                "plaintext": "A. J. Cook (actor) (1978)\nJordan Todosey (actor) (1995)\nShalom Harlow (model) (1973)\nShawn Thornton (hockey player) (1977)\nJoe Nieuwendyk (hockey player, etc.) (1966)\nAlbert W. Tucker (mathematician) (1905)\nMars Bonfire (songwriter, etc.) (1943)\nEd Broadbent (politician) (1936)\nPaul Ranger (hockey player) (1984)\nJerry Edmonton (musician) (1946)\n..."
            },
            "expressiontypes": {
                "@count": "1",
                "expressiontype": {
                    "@name": "Default"
                }
            },
            "states": {
                "@count": "3",
                "state": [
                    {
                        "@name": "More",
                        "@input": "NotablePeople:CityData__More"
                    },
                    {
                        "@name": "Show dates",
                        "@input": "NotablePeople:CityData__Show dates"
                    },
                    {
                        "@name": "Show deaths",
                        "@input": "NotablePeople:CityData__Show deaths"
                    }
                ]
            }
        },
        {
            "@title": "Wikipedia page hits history",
            "@scanner": "Data",
            "@id": "PopularityPod:WikipediaStatsData",
            "@position": "1500",
            "@error": "false",
            "@numsubpods": "1",
            "subpod": {
                "@title": "",
                "img": {
                    "@src": "https://www4f.wolframalpha.com/Calculate/MSP/MSP1174243bd5c384d818da000060ggffag12a4751g?MSPStoreType=image/gif&s=51",
                    "@alt": "Wikipedia page hits history",
                    "@title": "",
                    "@width": "546",
                    "@height": "166",
                    "@type": "TimeSeriesPlot_1",
                    "@themes": "1,2,3,4,5,6,7,8,9,10,11,12",
                    "@colorinvertable": "true"
                },
                "plaintext": null
            },
            "expressiontypes": {
                "@count": "1",
                "expressiontype": {
                    "@name": "TimeSeriesPlot"
                }
            },
            "states": {
                "@count": "1",
                "state": {
                    "@name": "Log scale",
                    "@input": "PopularityPod:WikipediaStatsData__Log scale"
                }
            }
        }
    ],
    "userinfoused": {
        "@count": "1",
        "userinfo": {
            "@name": "Country"
        }
    },
    "sources": {
        "@count": "7",
        "source": [
            {
                "@url": "https://www4f.wolframalpha.com/sources/AdministrativeDivisionDataSourceInformationNotes.html",
                "@text": "Administrative division data"
            },
            {
                "@url": "https://www4f.wolframalpha.com/sources/CityDataSourceInformationNotes.html",
                "@text": "City data"
            },
            {
                "@url": "https://www4f.wolframalpha.com/sources/NuclearReactorDataSourceInformationNotes.html",
                "@text": "Nuclear reactor data"
            },
            {
                "@url": "https://www4f.wolframalpha.com/sources/OpenStreetMapSourceInformationNotes.html",
                "@text": "Open street map"
            },
            {
                "@url": "https://www4f.wolframalpha.com/sources/PeopleDataSourceInformationNotes.html",
                "@text": "People data"
            },
            {
                "@url": "https://www4f.wolframalpha.com/sources/USCensusDataSourceInformationNotes.html",
                "@text": "US census data"
            },
            {
                "@url": "https://www4f.wolframalpha.com/sources/WeatherDataSourceInformationNotes.html",
                "@text": "Weather data"
            }
        ]
    }
}