{
    "@success": "true",
    "@error": "false",
    "@numpods": "17",
    "@datatypes": "AdministrativeDivision,City,MetropolitanArea,Person,WeatherStation",
    "@timedout": "",
    "@timedoutpods": "",
    "@timing": "7.11",
    "@parsetiming": "0.578",
    "@parsetimedout": "false",
    "@recalculate": "",
    "@id": "MSP633417c89ed22h54a8cf00006303d44ef80hg2a6",
    "@host": "https://www4f.wolframalpha.com",
    "@server": "31",
    "@related": "https://www4f.wolframalpha.com/api/v1/relatedQueries.jsp?id=MSPa633517c89ed22h54a8cf000035i8b7005cf82ice5323701595570290371",
    "@version": "2.6",
    "pod": [
        {
            "@title": "Input interpretation",
            "@scanner": "Identity",
            "@id": "Input",
            "@position": "100",
            "@error": "false",
            "@numsubpods": "1",
            "subpod": {
                "@title": "",
                "img": {
                    "@src": "https://www4f.wolframalpha.com/Calculate/MSP/MSP633617c89ed22h54a8cf00003e47879f8a8h0aed?MSPStoreType=image/gif&s=31",
                    "@alt": "Ottawa, Ontario",
                    "@title": "Ottawa, Ontario",
                    "@width": "108",
                    "@height": "18",
                    "@type": "Default",
                    "@themes": "1,2,3,4,5,6,7,8,9,10,11,12",
                    "@colorinvertable": "true"
                },
                "plaintext": "Ottawa, Ontario"
            },
            "expressiontypes": {
                "@count": "1",
                "expressiontype": {
                    "@name": "Default"
                }
            }
        },
        {
            "@title": "Populations",
            "@scanner": "Data",
            "@id": "Population:CityData",
            "@position": "200",
            "@error": "false",
            "@numsubpods": "1",
            "@primary": "true",
            "subpod": {
                "@title": "",
                "microsources": {
                    "microsource": [
                        "CityData",
                        "MetropolitanAreaData",
                        "USCensusData"
                    ]
                },
                "img": {
                    "@src": "https://www4f.wolframalpha.com/Calculate/MSP/MSP633717c89ed22h54a8cf00005f19f3i75fc32fh9?MSPStoreType=image/gif&s=31",
                    "@alt": "city population | 883391 people (country rank: 5th) (2011 estimate) metro area population | 1.153 million people (Ottawa metro area) (2007 estimate)",
                    "@title": "city population | 883391 people (country rank: 5th) (2011 estimate) metro area population | 1.153 million people (Ottawa metro area) (2007 estimate)",
                    "@width": "541",
                    "@height": "68",
                    "@type": "Grid",
                    "@themes": "1,2,3,4,5,6,7,8,9,10,11,12",
                    "@colorinvertable": "true"
                },
                "plaintext": "city population | 883391 people (country rank: 5th) (2011 estimate)\nmetro area population | 1.153 million people (Ottawa metro area) (2007 estimate)"
            },
            "expressiontypes": {
                "@count": "1",
                "expressiontype": {
                    "@name": "Grid"
                }
            },
            "states": {
                "@count": "1",
                "state": {
                    "@name": "Show history",
                    "@input": "Population:CityData__Show history"
                }
            }
        },
        {
            "@title": "Location",
            "@scanner": "Data",
            "@id": "Location:CityData",
            "@position": "300",
            "@error": "false",
            "@numsubpods": "2",
            "subpod": [
                {
                    "@title": "",
                    "microsources": {
                        "microsource": [
                            "AdministrativeDivisionData",
                            "CityData"
                        ]
                    },
                    "img": {
                        "@src": "https://www4f.wolframalpha.com/Calculate/MSP/MSP633817c89ed22h54a8cf00005ib215f30ice8801?MSPStoreType=image/gif&s=31",
                        "@alt": "Ontario, Canada",
                        "@title": "Ontario, Canada",
                        "@width": "109",
                        "@height": "18",
                        "@type": "Default",
                        "@themes": "1,2,3,4,5,6,7,8,9,10,11,12",
                        "@colorinvertable": "true"
                    },
                    "plaintext": "Ontario, Canada"
                },
                {
                    "@title": "",
                    "microsources": {
                        "microsource": [
                            "AdministrativeDivisionData",
                            "CityData",
                            "CountryData"
                        ]
                    },
                    "datasources": {
                        "datasource": "CIAFactbook"
                    },
                    "img": {
                        "@src": "https://www4f.wolframalpha.com/Calculate/MSP/MSP633917c89ed22h54a8cf0000337604gda280f2ig?MSPStoreType=image/gif&s=31",
                        "@alt": "Location",
                        "@title": "",
                        "@width": "328",
                        "@height": "214",
                        "@type": "Default",
                        "@themes": "1,2,3,4,5,6,7,8,9,10,11,12",
                        "@colorinvertable": "true"
                    },
                    "plaintext": null
                }
            ],
            "expressiontypes": {
                "@count": "2",
                "expressiontype": [
                    {
                        "@name": "Default"
                    },
                    {
                        "@name": "Default"
                    }
                ]
            },
            "states": {
                "@count": "2",
                "state": [
                    {
                        "@name": "World map",
                        "@input": "Location:CityData__World map"
                    },
                    {
                        "@name": "Show coordinates",
                        "@input": "Location:CityData__Show coordinates"
                    }
                ]
            },
            "infos": {
                "@count": "1",
                "info": {
                    "link": {
                        "@url": "http://maps.google.com?ie=UTF8&z=12&t=k&ll=45.42%2C-75.71&q=45.42%20N%2C%2075.71%20W",
                        "@text": "Satellite image"
                    }
                }
            }
        },
        {
            "@title": "Local map",
            "@scanner": "Data",
            "@id": "Map:CityData",
            "@position": "400",
            "@error": "false",
            "@numsubpods": "1",
            "subpod": {
                "@title": "",
                "microsources": {
                    "microsource": [
                        "CityData",
                        "OpenStreetMap"
                    ]
                },
                "img": {
                    "@src": "https://www4f.wolframalpha.com/Calculate/MSP/MSP634017c89ed22h54a8cf000025d88159ib617dhd?MSPStoreType=image/gif&s=31",
                    "@alt": "Local map",
                    "@title": "",
                    "@width": "550",
                    "@height": "278",
                    "@type": "Default",
                    "@themes": "1,2,3,4,5,6,7,8,9,10,11,12",
                    "@colorinvertable": "false"
                },
                "plaintext": null
            },
            "expressiontypes": {
                "@count": "1",
                "expressiontype": {
                    "@name": "Default"
                }
            },
            "states": {
                "@count": "2",
                "statelist": {
                    "@count": "13",
                    "@value": "120 kilometers across",
                    "@delimiters": "",
                    "state": [
                        {
                            "@name": "7 kilometers across",
                            "@input": "Map:CityData__7 kilometers across"
                        },
                        {
                            "@name": "10 kilometers across",
                            "@input": "Map:CityData__10 kilometers across"
                        },
                        {
                            "@name": "30 kilometers across",
                            "@input": "Map:CityData__30 kilometers across"
                        },
                        {
                            "@name": "60 kilometers across",
                            "@input": "Map:CityData__60 kilometers across"
                        },
                        {
                            "@name": "120 kilometers across",
                            "@input": "Map:CityData__120 kilometers across"
                        },
                        {
                            "@name": "240 kilometers across",
                            "@input": "Map:CityData__240 kilometers across"
                        },
                        {
                            "@name": "480 kilometers across",
                            "@input": "Map:CityData__480 kilometers across"
                        },
                        {
                            "@name": "950 kilometers across",
                            "@input": "Map:CityData__950 kilometers across"
                        },
                        {
                            "@name": "1900 kilometers across",
                            "@input": "Map:CityData__1900 kilometers across"
                        },
                        {
                            "@name": "3800 kilometers across",
                            "@input": "Map:CityData__3800 kilometers across"
                        },
                        {
                            "@name": "7400 kilometers across",
                            "@input": "Map:CityData__7400 kilometers across"
                        },
                        {
                            "@name": "12000 kilometers across",
                            "@input": "Map:CityData__12000 kilometers across"
                        },
                        {
                            "@name": "23000 kilometers across",
                            "@input": "Map:CityData__23000 kilometers across"
                        }
                    ]
                },
                "state": {
                    "@name": "Non-metric",
                    "@input": "Map:CityData__Non-metric"
                }
            },
            "infos": {
                "@count": "1",
                "info": {
                    "link": {
                        "@url": "http://maps.google.com?ie=UTF8&z=12&t=k&ll=45.42%2C-75.71&q=45.42%20N%2C%2075.71%20W",
                        "@text": "Satellite image"
                    }
                }
            }
        },
        {
            "@title": "Administrative regions",
            "@scanner": "Data",
            "@id": "AdministrativeRegions:CityData",
            "@position": "500",
            "@error": "false",
            "@numsubpods": "1",
            "subpod": {
                "@title": "",
                "microsources": {
                    "microsource": "CityData"
                },
                "img": {
                    "@src": "https://www4f.wolframalpha.com/Calculate/MSP/MSP634117c89ed22h54a8cf00005884cdgggf0e6235?MSPStoreType=image/gif&s=31",
                    "@alt": "region | Ontario country | Canada",
                    "@title": "region | Ontario country | Canada",
                    "@width": "151",
                    "@height": "68",
                    "@type": "Grid",
                    "@themes": "1,2,3,4,5,6,7,8,9,10,11,12",
                    "@colorinvertable": "true"
                },
                "plaintext": "region | Ontario\ncountry | Canada"
            },
            "expressiontypes": {
                "@count": "1",
                "expressiontype": {
                    "@name": "Grid"
                }
            }
        },
        {
            "@title": "Current local time",
            "@scanner": "Data",
            "@id": "CurrentTime:CityData",
            "@position": "600",
            "@error": "false",
            "@numsubpods": "1",
            "subpod": {
                "@title": "",
                "microsources": {
                    "microsource": "CityData"
                },
                "img": {
                    "@src": "https://www4f.wolframalpha.com/Calculate/MSP/MSP634217c89ed22h54a8cf00005i4h5cdgffai579g?MSPStoreType=image/gif&s=31",
                    "@alt": "11:37 pm EST | Saturday, January 18, 2020",
                    "@title": "11:37 pm EST | Saturday, January 18, 2020",
                    "@width": "301",
                    "@height": "18",
                    "@type": "Grid",
                    "@themes": "1,2,3,4,5,6,7,8,9,10,11,12",
                    "@colorinvertable": "true"
                },
                "plaintext": "11:37 pm EST | Saturday, January 18, 2020"
            },
            "expressiontypes": {
                "@count": "1",
                "expressiontype": {
                    "@name": "Default"
                }
            }
        },
        {
            "@title": "Current weather",
            "@scanner": "Data",
            "@id": "WeatherPod:CityData",
            "@position": "700",
            "@error": "false",
            "@numsubpods": "1",
            "subpod": {
                "@title": "",
                "microsources": {
                    "microsource": [
                        "CityData",
                        "WeatherData"
                    ]
                },
                "img": {
                    "@src": "https://www4f.wolframalpha.com/Calculate/MSP/MSP634317c89ed22h54a8cf0000297i73i5963a79b0?MSPStoreType=image/gif&s=31",
                    "@alt": "-15 \u00b0C | relative humidity: 85% | snow, overcast",
                    "@title": "-15 \u00b0C | relative humidity: 85% | snow, overcast",
                    "@width": "338",
                    "@height": "22",
                    "@type": "Grid",
                    "@themes": "1,2,3,4,5,6,7,8,9,10,11,12",
                    "@colorinvertable": "true"
                },
                "plaintext": "-15 \u00b0C | relative humidity: 85% | snow, overcast"
            },
            "expressiontypes": {
                "@count": "1",
                "expressiontype": {
                    "@name": "Grid"
                }
            },
            "states": {
                "@count": "2",
                "state": [
                    {
                        "@name": "Show history",
                        "@input": "WeatherPod:CityData__Show history"
                    },
                    {
                        "@name": "Show non-metric",
                        "@input": "WeatherPod:CityData__Show non-metric"
                    }
                ]
            }
        },
        {
            "@title": "Nearby cities",
            "@scanner": "Data",
            "@id": "CityHierarchyInfo:CityData",
            "@position": "800",
            "@error": "false",
            "@numsubpods": "1",
            "subpod": {
                "@title": "",
                "microsources": {
                    "microsource": "CityData"
                },
                "img": {
                    "@src": "https://www4f.wolframalpha.com/Calculate/MSP/MSP634417c89ed22h54a8cf00003153h90cb8hef1i9?MSPStoreType=image/gif&s=31",
                    "@alt": "Gatineau, Quebec | 9 km (kilometers) northeast | 265349 people Montreal, Quebec | 168 km (kilometers) east | 1.65 million people Toronto, Ontario | 352 km (kilometers) west-southwest | 2.615 million people (straight-line distances between city centers)",
                    "@title": "Gatineau, Quebec | 9 km (kilometers) northeast | 265349 people Montreal, Quebec | 168 km (kilometers) east | 1.65 million people Toronto, Ontario | 352 km (kilometers) west-southwest | 2.615 million people (straight-line distances between city centers)",
                    "@width": "546",
                    "@height": "114",
                    "@type": "Grid",
                    "@themes": "1,2,3,4,5,6,7,8,9,10,11,12",
                    "@colorinvertable": "true"
                },
                "plaintext": "Gatineau, Quebec | 9 km (kilometers) northeast | 265349 people\nMontreal, Quebec | 168 km (kilometers) east | 1.65 million people\nToronto, Ontario | 352 km (kilometers) west-southwest | 2.615 million people\n(straight-line distances between city centers)"
            },
            "expressiontypes": {
                "@count": "1",
                "expressiontype": {
                    "@name": "Grid"
                }
            },
            "states": {
                "@count": "2",
                "state": [
                    {
                        "@name": "Show non-metric",
                        "@input": "CityHierarchyInfo:CityData__Show non-metric"
                    },
                    {
                        "@name": "More",
                        "@input": "CityHierarchyInfo:CityData__More"
                    }
                ]
            }
        },
        {
            "@title": "Nearby airport",
            "@scanner": "Data",
            "@id": "AirportHierarchyInfo:CityData",
            "@position": "900",
            "@error": "false",
            "@numsubpods": "1",
            "subpod": {
                "@title": "",
                "microsources": {
                    "microsource": "CityData"
                },
                "img": {
                    "@src": "https://www4f.wolframalpha.com/Calculate/MSP/MSP634517c89ed22h54a8cf000019dg2bd479f84f13?MSPStoreType=image/gif&s=31",
                    "@alt": "Ottawa/Macdonald-Cartier International Airport | 11 km (kilometers) south-southeast (straight-line distances between city center and airport)",
                    "@title": "Ottawa/Macdonald-Cartier International Airport | 11 km (kilometers) south-southeast (straight-line distances between city center and airport)",
                    "@width": "546",
                    "@height": "78",
                    "@type": "Grid",
                    "@themes": "1,2,3,4,5,6,7,8,9,10,11,12",
                    "@colorinvertable": "true"
                },
                "plaintext": "Ottawa/Macdonald-Cartier International Airport | 11 km (kilometers) south-southeast\n(straight-line distances between city center and airport)"
            },
            "expressiontypes": {
                "@count": "1",
                "expressiontype": {
                    "@name": "Grid"
                }
            },
            "states": {
                "@count": "2",
                "state": [
                    {
                        "@name": "Show non-metric",
                        "@input": "AirportHierarchyInfo:CityData__Show non-metric"
                    },
                    {
                        "@name": "More",
                        "@input": "AirportHierarchyInfo:CityData__More"
                    }
                ]
            }
        },
        {
            "@title": "Notable company headquarters",
            "@scanner": "Data",
            "@id": "CompaniesInCity:CityData",
            "@position": "1000",
            "@error": "false",
            "@numsubpods": "1",
            "subpod": {
                "@title": "",
                "microsources": {
                    "microsource": "CityData"
                },
                "datasources": {
                    "datasource": [
                        "ForbesAmericasLargestPrivateCompanies",
                        "CrunchBase"
                    ]
                },
                "img": {
                    "@src": "https://www4f.wolframalpha.com/Calculate/MSP/MSP634617c89ed22h54a8cf0000415ce1ibd0cc07df?MSPStoreType=image/gif&s=31",
                    "@alt": "Zarlink Semiconductor, Inc. | 519 employees (Quarter 1 2011) | $227 million per year (Quarter 2 2011) Corel | 1040 employees (Quarter 4 2008) | $223.4 million per year (Quarter 3 2009) Espial Group | 174 employees (Quarter 4 2017) | $26.59 million per year (Quarter 4 2017)",
                    "@title": "Zarlink Semiconductor, Inc. | 519 employees (Quarter 1 2011) | $227 million per year (Quarter 2 2011) Corel | 1040 employees (Quarter 4 2008) | $223.4 million per year (Quarter 3 2009) Espial Group | 174 employees (Quarter 4 2017) | $26.59 million per year (Quarter 4 2017)",
                    "@width": "546",
                    "@height": "151",
                    "@type": "Grid",
                    "@themes": "1,2,3,4,5,6,7,8,9,10,11,12",
                    "@colorinvertable": "true"
                },
                "plaintext": "Zarlink Semiconductor, Inc. | 519 employees (Quarter 1 2011) | $227 million per year (Quarter 2 2011)\nCorel | 1040 employees (Quarter 4 2008) | $223.4 million per year (Quarter 3 2009)\nEspial Group | 174 employees (Quarter 4 2017) | $26.59 million per year (Quarter 4 2017)"
            },
            "expressiontypes": {
                "@count": "1",
                "expressiontype": {
                    "@name": "Grid"
                }
            }
        },
        {
            "@title": "Geographic properties",
            "@scanner": "Data",
            "@id": "GeographicProperties:CityData",
            "@position": "1100",
            "@error": "false",
            "@numsubpods": "1",
            "subpod": {
                "@title": "",
                "microsources": {
                    "microsource": "CityData"
                },
                "img": {
                    "@src": "https://www4f.wolframalpha.com/Calculate/MSP/MSP634717c89ed22h54a8cf00000i60egg7bfi9d912?MSPStoreType=image/gif&s=31",
                    "@alt": "elevation | 69 m",
                    "@title": "elevation | 69 m",
                    "@width": "139",
                    "@height": "36",
                    "@type": "Grid",
                    "@themes": "1,2,3,4,5,6,7,8,9,10,11,12",
                    "@colorinvertable": "true"
                },
                "plaintext": "elevation | 69 m"
            },
            "expressiontypes": {
                "@count": "1",
                "expressiontype": {
                    "@name": "Grid"
                }
            },
            "states": {
                "@count": "1",
                "state": {
                    "@name": "Show non-metric",
                    "@input": "GeographicProperties:CityData__Show non-metric"
                }
            },
            "infos": {
                "@count": "1",
                "info": {
                    "units": {
                        "@count": "1",
                        "unit": {
                            "@short": "m",
                            "@long": "meters"
                        },
                        "img": {
                            "@src": "https://www4f.wolframalpha.com/Calculate/MSP/MSP634817c89ed22h54a8cf000030g12f27f3hfi0gc?MSPStoreType=image/gif&s=31",
                            "@width": "96",
                            "@height": "26"
                        }
                    }
                }
            }
        },
        {
            "@title": "Nearby features",
            "@scanner": "Data",
            "@id": "FeaturesHierarchyInfo:CityData",
            "@position": "1200",
            "@error": "false",
            "@numsubpods": "1",
            "subpod": {
                "@title": "",
                "microsources": {
                    "microsource": "CityData"
                },
                "img": {
                    "@src": "https://www4f.wolframalpha.com/Calculate/MSP/MSP634917c89ed22h54a8cf00002aac3aae8fd06i08?MSPStoreType=image/gif&s=31",
                    "@alt": "mountain | Algonquin Peak (1559 meters) | 197 km (kilometers) southeast mountain | Mount Marcy (1629 meters) | 203 km (kilometers) southeast mountain | Haystack (1512 meters) | 205 km (kilometers) southeast (straight-line distances between city center and feature coordinates)",
                    "@title": "mountain | Algonquin Peak (1559 meters) | 197 km (kilometers) southeast mountain | Mount Marcy (1629 meters) | 203 km (kilometers) southeast mountain | Haystack (1512 meters) | 205 km (kilometers) southeast (straight-line distances between city center and feature coordinates)",
                    "@width": "525",
                    "@height": "114",
                    "@type": "Grid",
                    "@themes": "1,2,3,4,5,6,7,8,9,10,11,12",
                    "@colorinvertable": "true"
                },
                "plaintext": "mountain | Algonquin Peak (1559 meters) | 197 km (kilometers) southeast\nmountain | Mount Marcy (1629 meters) | 203 km (kilometers) southeast\nmountain | Haystack (1512 meters) | 205 km (kilometers) southeast\n(straight-line distances between city center and feature coordinates)"
            },
            "expressiontypes": {
                "@count": "1",
                "expressiontype": {
                    "@name": "Grid"
                }
            },
            "states": {
                "@count": "2",
                "state": [
                    {
                        "@name": "Show non-metric",
                        "@input": "FeaturesHierarchyInfo:CityData__Show non-metric"
                    },
                    {
                        "@name": "More",
                        "@input": "FeaturesHierarchyInfo:CityData__More"
                    }
                ]
            }
        },
        {
            "@title": "Nearest sea",
            "@scanner": "Data",
            "@id": "OceansHierarchyInfo:CityData",
            "@position": "1300",
            "@error": "false",
            "@numsubpods": "1",
            "subpod": {
                "@title": "",
                "microsources": {
                    "microsource": "CityData"
                },
                "img": {
                    "@src": "https://www4f.wolframalpha.com/Calculate/MSP/MSP635017c89ed22h54a8cf00001d35cfgaiiadfcab?MSPStoreType=image/gif&s=31",
                    "@alt": "Gulf of Saint Lawrence (371 km (kilometers) east-northeast)  (straight-line distance between city center and shore)",
                    "@title": "Gulf of Saint Lawrence (371 km (kilometers) east-northeast)  (straight-line distance between city center and shore)",
                    "@width": "394",
                    "@height": "41",
                    "@type": "Default",
                    "@themes": "1,2,3,4,5,6,7,8,9,10,11,12",
                    "@colorinvertable": "true"
                },
                "plaintext": "Gulf of Saint Lawrence (371 km (kilometers) east-northeast) \n(straight-line distance between city center and shore)"
            },
            "expressiontypes": {
                "@count": "1",
                "expressiontype": {
                    "@name": "Default"
                }
            },
            "states": {
                "@count": "3",
                "state": [
                    {
                        "@name": "Show map",
                        "@input": "OceansHierarchyInfo:CityData__Show map"
                    },
                    {
                        "@name": "Show non-metric",
                        "@input": "OceansHierarchyInfo:CityData__Show non-metric"
                    },
                    {
                        "@name": "More",
                        "@input": "OceansHierarchyInfo:CityData__More"
                    }
                ]
            }
        },
        {
            "@title": "Nicknames",
            "@scanner": "Data",
            "@id": "BasicInformation:CityData",
            "@position": "1400",
            "@error": "false",
            "@numsubpods": "1",
            "subpod": {
                "@title": "",
                "microsources": {
                    "microsource": "CityData"
                },
                "img": {
                    "@src": "https://www4f.wolframalpha.com/Calculate/MSP/MSP635117c89ed22h54a8cf000053973657d9h620i7?MSPStoreType=image/gif&s=31",
                    "@alt": "Silicon Valley of the North | Bytown",
                    "@title": "Silicon Valley of the North | Bytown",
                    "@width": "249",
                    "@height": "18",
                    "@type": "Grid",
                    "@themes": "1,2,3,4,5,6,7,8,9,10,11,12",
                    "@colorinvertable": "true"
                },
                "plaintext": "Silicon Valley of the North | Bytown"
            },
            "expressiontypes": {
                "@count": "1",
                "expressiontype": {
                    "@name": "Grid"
                }
            }
        },
        {
            "@title": "Notable people born in Ottawa",
            "@scanner": "Data",
            "@id": "NotablePeople:CityData",
            "@position": "1500",
            "@error": "false",
            "@numsubpods": "1",
            "subpod": {
                "@title": "",
                "microsources": {
                    "microsource": [
                        "CityData",
                        "PeopleData"
                    ]
                },
                "img": {
                    "@src": "https://www4f.wolframalpha.com/Calculate/MSP/MSP635217c89ed22h54a8cf0000293a46d81ie4edc9?MSPStoreType=image/gif&s=31",
                    "@alt": "Alanis Morissette (singer, etc.) (1974) Dan Aykroyd (actor) (1952) Sarah Chalke (actor) (1976) Jay Baruchel (actor) (1982) Justin Trudeau (politician, etc.) (1971) Sandra Oh (actor) (1971) Margaret Atwood (author) (1939) Paul Anka (singer/songwriter, etc.) (1941) Drew Seeley (singer) (1982) Lorne Greene (actor, etc.) (1915) ...",
                    "@title": "Alanis Morissette (singer, etc.) (1974) Dan Aykroyd (actor) (1952) Sarah Chalke (actor) (1976) Jay Baruchel (actor) (1982) Justin Trudeau (politician, etc.) (1971) Sandra Oh (actor) (1971) Margaret Atwood (author) (1939) Paul Anka (singer/songwriter, etc.) (1941) Drew Seeley (singer) (1982) Lorne Greene (actor, etc.) (1915) ...",
                    "@width": "280",
                    "@height": "209",
                    "@type": "Grid",
                    "@themes": "1,2,3,4,5,6,7,8,9,10,11,12",
                    "@colorinvertable": "true"
                },
                "plaintext": "Alanis Morissette (singer, etc.) (1974)\nDan Aykroyd (actor) (1952)\nSarah Chalke (actor) (1976)\nJay Baruchel (actor) (1982)\nJustin Trudeau (politician, etc.) (1971)\nSandra Oh (actor) (1971)\nMargaret Atwood (author) (1939)\nPaul Anka (singer/songwriter, etc.) (1941)\nDrew Seeley (singer) (1982)\nLorne Greene (actor, etc.) (1915)\n..."
            },
            "expressiontypes": {
                "@count": "1",
                "expressiontype": {
                    "@name": "Default"
                }
            },
            "states": {
                "@count": "3",
                "state": [
                    {
                        "@name": "More",
                        "@input": "NotablePeople:CityData__More"
                    },
                    {
                        "@name": "Show dates",
                        "@input": "NotablePeople:CityData__Show dates"
                    },
                    {
                        "@name": "Show deaths",
                        "@input": "NotablePeople:CityData__Show deaths"
                    }
                ]
            }
        },
        {
            "@title": "Founding date",
            "@scanner": "Data",
            "@id": "FoundingDates:CityData",
            "@position": "1600",
            "@error": "false",
            "@numsubpods": "1",
            "subpod": {
                "@title": "",
                "microsources": {
                    "microsource": "CityData"
                },
                "img": {
                    "@src": "https://www4f.wolframalpha.com/Calculate/MSP/MSP635317c89ed22h54a8cf000010g1dadic6800bd4?MSPStoreType=image/gif&s=31",
                    "@alt": "1855 (165 years ago) (incorporation date)",
                    "@title": "1855 (165 years ago) (incorporation date)",
                    "@width": "268",
                    "@height": "18",
                    "@type": "Default",
                    "@themes": "1,2,3,4,5,6,7,8,9,10,11,12",
                    "@colorinvertable": "true"
                },
                "plaintext": "1855 (165 years ago) (incorporation date)"
            },
            "expressiontypes": {
                "@count": "1",
                "expressiontype": {
                    "@name": "Default"
                }
            },
            "states": {
                "@count": "1",
                "state": {
                    "@name": "More",
                    "@input": "FoundingDates:CityData__More"
                }
            }
        },
        {
            "@title": "Wikipedia page hits history",
            "@scanner": "Data",
            "@id": "PopularityPod:WikipediaStatsData",
            "@position": "1700",
            "@error": "false",
            "@numsubpods": "1",
            "subpod": {
                "@title": "",
                "img": {
                    "@src": "https://www4f.wolframalpha.com/Calculate/MSP/MSP635417c89ed22h54a8cf00005ec7d47b29e4cf03?MSPStoreType=image/gif&s=31",
                    "@alt": "Wikipedia page hits history",
                    "@title": "",
                    "@width": "546",
                    "@height": "164",
                    "@type": "TimeSeriesPlot_1",
                    "@themes": "1,2,3,4,5,6,7,8,9,10,11,12",
                    "@colorinvertable": "true"
                },
                "plaintext": null
            },
            "expressiontypes": {
                "@count": "1",
                "expressiontype": {
                    "@name": "TimeSeriesPlot"
                }
            },
            "states": {
                "@count": "1",
                "state": {
                    "@name": "Log scale",
                    "@input": "PopularityPod:WikipediaStatsData__Log scale"
                }
            }
        }
    ],
    "assumptions": {
        "@count": "2",
        "assumption": [
            {
                "@type": "MultiClash",
                "@word": "",
                "@template": "Assuming ${word1} is referring to ${desc1}. Use \"${word2}\" as ${desc2}. Use \"${word3}\" as ${desc3}.",
                "@count": "3",
                "value": [
                    {
                        "@name": "City",
                        "@word": "the input",
                        "@desc": "a city",
                        "@input": "*MC.%7E-_*City-"
                    },
                    {
                        "@name": "AdministrativeDivision",
                        "@word": "Ottawa",
                        "@desc": "an administrative division",
                        "@input": "*MC.%7E-_*AdministrativeDivision-"
                    },
                    {
                        "@name": "Neighborhood",
                        "@word": "Ottawa",
                        "@desc": "a neighborhood",
                        "@input": "*MC.%7E-_*Neighborhood-"
                    }
                ]
            },
            {
                "@type": "SubCategory",
                "@word": "City of Ottawa",
                "@template": "Assuming ${desc1}. Use ${desc2} instead",
                "@count": "5",
                "value": [
                    {
                        "@name": "{Ottawa, Ontario, Canada}",
                        "@desc": "Ottawa (Canada)",
                        "@input": "*DPClash.CityE.City+of+Ottawa-_**Ottawa.Ontario.Canada--"
                    },
                    {
                        "@name": "{Ottawa, Illinois, UnitedStates}",
                        "@desc": "Ottawa (Illinois, USA)",
                        "@input": "*DPClash.CityE.City+of+Ottawa-_**Ottawa.Illinois.UnitedStates--"
                    },
                    {
                        "@name": "{Ottawa, Kansas, UnitedStates}",
                        "@desc": "Ottawa (Kansas, USA)",
                        "@input": "*DPClash.CityE.City+of+Ottawa-_**Ottawa.Kansas.UnitedStates--"
                    },
                    {
                        "@name": "{Ottawa, Ohio, UnitedStates}",
                        "@desc": "Ottawa (Ohio, USA)",
                        "@input": "*DPClash.CityE.City+of+Ottawa-_**Ottawa.Ohio.UnitedStates--"
                    },
                    {
                        "@name": "{Ottawa, Wisconsin, UnitedStates}",
                        "@desc": "Ottawa (Wisconsin, USA)",
                        "@input": "*DPClash.CityE.City+of+Ottawa-_**Ottawa.Wisconsin.UnitedStates--"
                    }
                ]
            }
        ]
    },
    "userinfoused": {
        "@count": "1",
        "userinfo": {
            "@name": "Country"
        }
    },
    "sources": {
        "@count": "7",
        "source": [
            {
                "@url": "https://www4f.wolframalpha.com/sources/AdministrativeDivisionDataSourceInformationNotes.html",
                "@text": "Administrative division data"
            },
            {
                "@url": "https://www4f.wolframalpha.com/sources/CityDataSourceInformationNotes.html",
                "@text": "City data"
            },
            {
                "@url": "https://www4f.wolframalpha.com/sources/MetropolitanAreaDataSourceInformationNotes.html",
                "@text": "Metropolitan area data"
            },
            {
                "@url": "https://www4f.wolframalpha.com/sources/OpenStreetMapSourceInformationNotes.html",
                "@text": "Open street map"
            },
            {
                "@url": "https://www4f.wolframalpha.com/sources/PeopleDataSourceInformationNotes.html",
                "@text": "People data"
            },
            {
                "@url": "https://www4f.wolframalpha.com/sources/USCensusDataSourceInformationNotes.html",
                "@text": "US census data"
            },
            {
                "@url": "https://www4f.wolframalpha.com/sources/WeatherDataSourceInformationNotes.html",
                "@text": "Weather data"
            }
        ]
    }
}