{
    "@success": "true",
    "@error": "false",
    "@numpods": "14",
    "@datatypes": "AdministrativeDivision,City,Person,WeatherStation",
    "@timedout": "",
    "@timedoutpods": "",
    "@timing": "6.59",
    "@parsetiming": "0.481",
    "@parsetimedout": "false",
    "@recalculate": "",
    "@id": "MSP65581f9b2c2e57iacae700000d31di49i7i39ac6",
    "@host": "https://www4f.wolframalpha.com",
    "@server": "50",
    "@related": "https://www4f.wolframalpha.com/api/v1/relatedQueries.jsp?id=MSPa65591f9b2c2e57iacae7000053ad036i8h10c5dg1047509949900532972",
    "@version": "2.6",
    "pod": [
        {
            "@title": "Input interpretation",
            "@scanner": "Identity",
            "@id": "Input",
            "@position": "100",
            "@error": "false",
            "@numsubpods": "1",
            "subpod": {
                "@title": "",
                "img": {
                    "@src": "https://www4f.wolframalpha.com/Calculate/MSP/MSP65601f9b2c2e57iacae700004di1d2460dageca2?MSPStoreType=image/gif&s=50",
                    "@alt": "Port Alberni, British Columbia",
                    "@title": "Port Alberni, British Columbia",
                    "@width": "197",
                    "@height": "18",
                    "@type": "Default",
                    "@themes": "1,2,3,4,5,6,7,8,9,10,11,12",
                    "@colorinvertable": "true"
                },
                "plaintext": "Port Alberni, British Columbia"
            },
            "expressiontypes": {
                "@count": "1",
                "expressiontype": {
                    "@name": "Default"
                }
            }
        },
        {
            "@title": "Population",
            "@scanner": "Data",
            "@id": "Population:CityData",
            "@position": "200",
            "@error": "false",
            "@numsubpods": "1",
            "@primary": "true",
            "subpod": {
                "@title": "",
                "microsources": {
                    "microsource": [
                        "CityData",
                        "USCensusData"
                    ]
                },
                "img": {
                    "@src": "https://www4f.wolframalpha.com/Calculate/MSP/MSP65611f9b2c2e57iacae700005g52a5bgiag1ed6e?MSPStoreType=image/gif&s=50",
                    "@alt": "city population | 17743 people (country rank: \u2248168th) (2011 estimate)",
                    "@title": "city population | 17743 people (country rank: \u2248168th) (2011 estimate)",
                    "@width": "471",
                    "@height": "36",
                    "@type": "Grid",
                    "@themes": "1,2,3,4,5,6,7,8,9,10,11,12",
                    "@colorinvertable": "true"
                },
                "plaintext": "city population | 17743 people (country rank: \u2248168th) (2011 estimate)"
            },
            "expressiontypes": {
                "@count": "1",
                "expressiontype": {
                    "@name": "Grid"
                }
            },
            "states": {
                "@count": "1",
                "state": {
                    "@name": "Show history",
                    "@input": "Population:CityData__Show history"
                }
            }
        },
        {
            "@title": "Location",
            "@scanner": "Data",
            "@id": "Location:CityData",
            "@position": "300",
            "@error": "false",
            "@numsubpods": "2",
            "subpod": [
                {
                    "@title": "",
                    "microsources": {
                        "microsource": [
                            "AdministrativeDivisionData",
                            "CityData"
                        ]
                    },
                    "img": {
                        "@src": "https://www4f.wolframalpha.com/Calculate/MSP/MSP65621f9b2c2e57iacae700003i8b4gi9f4h4efc8?MSPStoreType=image/gif&s=50",
                        "@alt": "British Columbia, Canada",
                        "@title": "British Columbia, Canada",
                        "@width": "168",
                        "@height": "18",
                        "@type": "Default",
                        "@themes": "1,2,3,4,5,6,7,8,9,10,11,12",
                        "@colorinvertable": "true"
                    },
                    "plaintext": "British Columbia, Canada"
                },
                {
                    "@title": "",
                    "microsources": {
                        "microsource": [
                            "AdministrativeDivisionData",
                            "CityData",
                            "CountryData"
                        ]
                    },
                    "datasources": {
                        "datasource": "CIAFactbook"
                    },
                    "img": {
                        "@src": "https://www4f.wolframalpha.com/Calculate/MSP/MSP65631f9b2c2e57iacae7000054i5bh239bb9i09g?MSPStoreType=image/gif&s=50",
                        "@alt": "Location",
                        "@title": "",
                        "@width": "328",
                        "@height": "214",
                        "@type": "Default",
                        "@themes": "1,2,3,4,5,6,7,8,9,10,11,12",
                        "@colorinvertable": "true"
                    },
                    "plaintext": null
                }
            ],
            "expressiontypes": {
                "@count": "2",
                "expressiontype": [
                    {
                        "@name": "Default"
                    },
                    {
                        "@name": "Default"
                    }
                ]
            },
            "states": {
                "@count": "2",
                "state": [
                    {
                        "@name": "World map",
                        "@input": "Location:CityData__World map"
                    },
                    {
                        "@name": "Show coordinates",
                        "@input": "Location:CityData__Show coordinates"
                    }
                ]
            },
            "infos": {
                "@count": "1",
                "info": {
                    "link": {
                        "@url": "http://maps.google.com?ie=UTF8&z=12&t=k&ll=49.27%2C-124.82&q=49.27%20N%2C%20124.82%20W",
                        "@text": "Satellite image"
                    }
                }
            }
        },
        {
            "@title": "Local map",
            "@scanner": "Data",
            "@id": "Map:CityData",
            "@position": "400",
            "@error": "false",
            "@numsubpods": "1",
            "subpod": {
                "@title": "",
                "microsources": {
                    "microsource": [
                        "CityData",
                        "OpenStreetMap"
                    ]
                },
                "img": {
                    "@src": "https://www4f.wolframalpha.com/Calculate/MSP/MSP65641f9b2c2e57iacae7000034ih91479ac456c8?MSPStoreType=image/gif&s=50",
                    "@alt": "Local map",
                    "@title": "",
                    "@width": "550",
                    "@height": "278",
                    "@type": "Default",
                    "@themes": "1,2,3,4,5,6,7,8,9,10,11,12",
                    "@colorinvertable": "false"
                },
                "plaintext": null
            },
            "expressiontypes": {
                "@count": "1",
                "expressiontype": {
                    "@name": "Default"
                }
            },
            "states": {
                "@count": "2",
                "statelist": {
                    "@count": "13",
                    "@value": "10 kilometers across",
                    "@delimiters": "",
                    "state": [
                        {
                            "@name": "7 kilometers across",
                            "@input": "Map:CityData__7 kilometers across"
                        },
                        {
                            "@name": "10 kilometers across",
                            "@input": "Map:CityData__10 kilometers across"
                        },
                        {
                            "@name": "30 kilometers across",
                            "@input": "Map:CityData__30 kilometers across"
                        },
                        {
                            "@name": "60 kilometers across",
                            "@input": "Map:CityData__60 kilometers across"
                        },
                        {
                            "@name": "110 kilometers across",
                            "@input": "Map:CityData__110 kilometers across"
                        },
                        {
                            "@name": "220 kilometers across",
                            "@input": "Map:CityData__220 kilometers across"
                        },
                        {
                            "@name": "450 kilometers across",
                            "@input": "Map:CityData__450 kilometers across"
                        },
                        {
                            "@name": "890 kilometers across",
                            "@input": "Map:CityData__890 kilometers across"
                        },
                        {
                            "@name": "1800 kilometers across",
                            "@input": "Map:CityData__1800 kilometers across"
                        },
                        {
                            "@name": "3500 kilometers across",
                            "@input": "Map:CityData__3500 kilometers across"
                        },
                        {
                            "@name": "6800 kilometers across",
                            "@input": "Map:CityData__6800 kilometers across"
                        },
                        {
                            "@name": "11000 kilometers across",
                            "@input": "Map:CityData__11000 kilometers across"
                        },
                        {
                            "@name": "21000 kilometers across",
                            "@input": "Map:CityData__21000 kilometers across"
                        }
                    ]
                },
                "state": {
                    "@name": "Non-metric",
                    "@input": "Map:CityData__Non-metric"
                }
            },
            "infos": {
                "@count": "1",
                "info": {
                    "link": {
                        "@url": "http://maps.google.com?ie=UTF8&z=12&t=k&ll=49.27%2C-124.82&q=49.27%20N%2C%20124.82%20W",
                        "@text": "Satellite image"
                    }
                }
            }
        },
        {
            "@title": "Administrative regions",
            "@scanner": "Data",
            "@id": "AdministrativeRegions:CityData",
            "@position": "500",
            "@error": "false",
            "@numsubpods": "1",
            "subpod": {
                "@title": "",
                "microsources": {
                    "microsource": "CityData"
                },
                "img": {
                    "@src": "https://www4f.wolframalpha.com/Calculate/MSP/MSP65651f9b2c2e57iacae700001c40bia1d5eafb4e?MSPStoreType=image/gif&s=50",
                    "@alt": "region | British Columbia country | Canada",
                    "@title": "region | British Columbia country | Canada",
                    "@width": "210",
                    "@height": "68",
                    "@type": "Grid",
                    "@themes": "1,2,3,4,5,6,7,8,9,10,11,12",
                    "@colorinvertable": "true"
                },
                "plaintext": "region | British Columbia\ncountry | Canada"
            },
            "expressiontypes": {
                "@count": "1",
                "expressiontype": {
                    "@name": "Grid"
                }
            }
        },
        {
            "@title": "Current local time",
            "@scanner": "Data",
            "@id": "CurrentTime:CityData",
            "@position": "600",
            "@error": "false",
            "@numsubpods": "1",
            "subpod": {
                "@title": "",
                "microsources": {
                    "microsource": "CityData"
                },
                "img": {
                    "@src": "https://www4f.wolframalpha.com/Calculate/MSP/MSP65661f9b2c2e57iacae700003dhacc23ih916gfg?MSPStoreType=image/gif&s=50",
                    "@alt": "8:37 pm PST | Saturday, January 18, 2020",
                    "@title": "8:37 pm PST | Saturday, January 18, 2020",
                    "@width": "292",
                    "@height": "18",
                    "@type": "Grid",
                    "@themes": "1,2,3,4,5,6,7,8,9,10,11,12",
                    "@colorinvertable": "true"
                },
                "plaintext": "8:37 pm PST | Saturday, January 18, 2020"
            },
            "expressiontypes": {
                "@count": "1",
                "expressiontype": {
                    "@name": "Default"
                }
            }
        },
        {
            "@title": "Current weather",
            "@scanner": "Data",
            "@id": "WeatherPod:CityData",
            "@position": "700",
            "@error": "false",
            "@numsubpods": "1",
            "subpod": {
                "@title": "",
                "microsources": {
                    "microsource": [
                        "CityData",
                        "WeatherData"
                    ]
                },
                "img": {
                    "@src": "https://www4f.wolframalpha.com/Calculate/MSP/MSP65671f9b2c2e57iacae700005a3c4e273i3gh1e7?MSPStoreType=image/gif&s=50",
                    "@alt": "7 \u00b0C | relative humidity: 93% | rain, fog, overcast",
                    "@title": "7 \u00b0C | relative humidity: 93% | rain, fog, overcast",
                    "@width": "342",
                    "@height": "22",
                    "@type": "Grid",
                    "@themes": "1,2,3,4,5,6,7,8,9,10,11,12",
                    "@colorinvertable": "true"
                },
                "plaintext": "7 \u00b0C | relative humidity: 93% | rain, fog, overcast"
            },
            "expressiontypes": {
                "@count": "1",
                "expressiontype": {
                    "@name": "Grid"
                }
            },
            "states": {
                "@count": "2",
                "state": [
                    {
                        "@name": "Show history",
                        "@input": "WeatherPod:CityData__Show history"
                    },
                    {
                        "@name": "Show non-metric",
                        "@input": "WeatherPod:CityData__Show non-metric"
                    }
                ]
            }
        },
        {
            "@title": "Nearby cities",
            "@scanner": "Data",
            "@id": "CityHierarchyInfo:CityData",
            "@position": "800",
            "@error": "false",
            "@numsubpods": "1",
            "subpod": {
                "@title": "",
                "microsources": {
                    "microsource": "CityData"
                },
                "img": {
                    "@src": "https://www4f.wolframalpha.com/Calculate/MSP/MSP65681f9b2c2e57iacae700002d9766ce60hf127i?MSPStoreType=image/gif&s=50",
                    "@alt": "Nanaimo, British Columbia | 62 km (kilometers) east | 83751 people Vancouver, British Columbia | 123 km (kilometers) east | 603502 people Surrey, British Columbia | 144 km (kilometers) east | 394976 people (straight-line distances between city centers)",
                    "@title": "Nanaimo, British Columbia | 62 km (kilometers) east | 83751 people Vancouver, British Columbia | 123 km (kilometers) east | 603502 people Surrey, British Columbia | 144 km (kilometers) east | 394976 people (straight-line distances between city centers)",
                    "@width": "511",
                    "@height": "114",
                    "@type": "Grid",
                    "@themes": "1,2,3,4,5,6,7,8,9,10,11,12",
                    "@colorinvertable": "true"
                },
                "plaintext": "Nanaimo, British Columbia | 62 km (kilometers) east | 83751 people\nVancouver, British Columbia | 123 km (kilometers) east | 603502 people\nSurrey, British Columbia | 144 km (kilometers) east | 394976 people\n(straight-line distances between city centers)"
            },
            "expressiontypes": {
                "@count": "1",
                "expressiontype": {
                    "@name": "Grid"
                }
            },
            "states": {
                "@count": "2",
                "state": [
                    {
                        "@name": "Show non-metric",
                        "@input": "CityHierarchyInfo:CityData__Show non-metric"
                    },
                    {
                        "@name": "More",
                        "@input": "CityHierarchyInfo:CityData__More"
                    }
                ]
            }
        },
        {
            "@title": "Nearby airports",
            "@scanner": "Data",
            "@id": "AirportHierarchyInfo:CityData",
            "@position": "900",
            "@error": "false",
            "@numsubpods": "1",
            "subpod": {
                "@title": "",
                "microsources": {
                    "microsource": "CityData"
                },
                "img": {
                    "@src": "https://www4f.wolframalpha.com/Calculate/MSP/MSP65691f9b2c2e57iacae700005484e563b48898eg?MSPStoreType=image/gif&s=50",
                    "@alt": "Alberni Valley Regional | 10 km (kilometers) northwest Qualicum Beach Airport | 32 km (kilometers) east-northeast Comox Canadian Forces Base | 49 km (kilometers) north Tofino Airport | 73 km (kilometers) west-southwest Harbour | 73 km (kilometers) east-southeast (straight-line distances between city center and airport)",
                    "@title": "Alberni Valley Regional | 10 km (kilometers) northwest Qualicum Beach Airport | 32 km (kilometers) east-northeast Comox Canadian Forces Base | 49 km (kilometers) north Tofino Airport | 73 km (kilometers) west-southwest Harbour | 73 km (kilometers) east-southeast (straight-line distances between city center and airport)",
                    "@width": "466",
                    "@height": "170",
                    "@type": "Grid",
                    "@themes": "1,2,3,4,5,6,7,8,9,10,11,12",
                    "@colorinvertable": "true"
                },
                "plaintext": "Alberni Valley Regional | 10 km (kilometers) northwest\nQualicum Beach Airport | 32 km (kilometers) east-northeast\nComox Canadian Forces Base | 49 km (kilometers) north\nTofino Airport | 73 km (kilometers) west-southwest\nHarbour | 73 km (kilometers) east-southeast\n(straight-line distances between city center and airport)"
            },
            "expressiontypes": {
                "@count": "1",
                "expressiontype": {
                    "@name": "Grid"
                }
            },
            "states": {
                "@count": "2",
                "state": [
                    {
                        "@name": "Show non-metric",
                        "@input": "AirportHierarchyInfo:CityData__Show non-metric"
                    },
                    {
                        "@name": "More",
                        "@input": "AirportHierarchyInfo:CityData__More"
                    }
                ]
            }
        },
        {
            "@title": "Geographic properties",
            "@scanner": "Data",
            "@id": "GeographicProperties:CityData",
            "@position": "1000",
            "@error": "false",
            "@numsubpods": "1",
            "subpod": {
                "@title": "",
                "microsources": {
                    "microsource": "CityData"
                },
                "img": {
                    "@src": "https://www4f.wolframalpha.com/Calculate/MSP/MSP65701f9b2c2e57iacae700002i5h8cf6bh43a870?MSPStoreType=image/gif&s=50",
                    "@alt": "elevation | 20 m",
                    "@title": "elevation | 20 m",
                    "@width": "139",
                    "@height": "36",
                    "@type": "Grid",
                    "@themes": "1,2,3,4,5,6,7,8,9,10,11,12",
                    "@colorinvertable": "true"
                },
                "plaintext": "elevation | 20 m"
            },
            "expressiontypes": {
                "@count": "1",
                "expressiontype": {
                    "@name": "Grid"
                }
            },
            "states": {
                "@count": "1",
                "state": {
                    "@name": "Show non-metric",
                    "@input": "GeographicProperties:CityData__Show non-metric"
                }
            },
            "infos": {
                "@count": "1",
                "info": {
                    "units": {
                        "@count": "1",
                        "unit": {
                            "@short": "m",
                            "@long": "meters"
                        },
                        "img": {
                            "@src": "https://www4f.wolframalpha.com/Calculate/MSP/MSP65711f9b2c2e57iacae7000015e61e0dbb2117hb?MSPStoreType=image/gif&s=50",
                            "@width": "96",
                            "@height": "26"
                        }
                    }
                }
            }
        },
        {
            "@title": "Nearby features",
            "@scanner": "Data",
            "@id": "FeaturesHierarchyInfo:CityData",
            "@position": "1100",
            "@error": "false",
            "@numsubpods": "1",
            "subpod": {
                "@title": "",
                "microsources": {
                    "microsource": "CityData"
                },
                "img": {
                    "@src": "https://www4f.wolframalpha.com/Calculate/MSP/MSP65721f9b2c2e57iacae700004gea1g947e65ehg9?MSPStoreType=image/gif&s=50",
                    "@alt": "mountain | Mount Arrowsmith (1819 meters) | 17 km (kilometers) east-southeast mountain | Mount Cokely (1580 meters) | 18 km (kilometers) east-southeast dam | Comox Lake Dam (138 meters) | 46 km (kilometers) north-northwest waterfall | Della Falls (440 meters) | 56 km (kilometers) west-northwest volcano | Garibaldi (2678 meters) | 147 km (kilometers) east-northeast (straight-line distances between city center and feature coordinates)",
                    "@title": "mountain | Mount Arrowsmith (1819 meters) | 17 km (kilometers) east-southeast mountain | Mount Cokely (1580 meters) | 18 km (kilometers) east-southeast dam | Comox Lake Dam (138 meters) | 46 km (kilometers) north-northwest waterfall | Della Falls (440 meters) | 56 km (kilometers) west-northwest volcano | Garibaldi (2678 meters) | 147 km (kilometers) east-northeast (straight-line distances between city center and feature coordinates)",
                    "@width": "546",
                    "@height": "274",
                    "@type": "Grid",
                    "@themes": "1,2,3,4,5,6,7,8,9,10,11,12",
                    "@colorinvertable": "true"
                },
                "plaintext": "mountain | Mount Arrowsmith (1819 meters) | 17 km (kilometers) east-southeast\nmountain | Mount Cokely (1580 meters) | 18 km (kilometers) east-southeast\ndam | Comox Lake Dam (138 meters) | 46 km (kilometers) north-northwest\nwaterfall | Della Falls (440 meters) | 56 km (kilometers) west-northwest\nvolcano | Garibaldi (2678 meters) | 147 km (kilometers) east-northeast\n(straight-line distances between city center and feature coordinates)"
            },
            "expressiontypes": {
                "@count": "1",
                "expressiontype": {
                    "@name": "Grid"
                }
            },
            "states": {
                "@count": "2",
                "state": [
                    {
                        "@name": "Show non-metric",
                        "@input": "FeaturesHierarchyInfo:CityData__Show non-metric"
                    },
                    {
                        "@name": "More",
                        "@input": "FeaturesHierarchyInfo:CityData__More"
                    }
                ]
            }
        },
        {
            "@title": "Nearest sea",
            "@scanner": "Data",
            "@id": "OceansHierarchyInfo:CityData",
            "@position": "1200",
            "@error": "false",
            "@numsubpods": "1",
            "subpod": {
                "@title": "",
                "microsources": {
                    "microsource": "CityData"
                },
                "img": {
                    "@src": "https://www4f.wolframalpha.com/Calculate/MSP/MSP65731f9b2c2e57iacae7000056c62i0eibgcg8g4?MSPStoreType=image/gif&s=50",
                    "@alt": "Pacific Ocean (<5 km (kilometers))  (straight-line distance between city center and shore)",
                    "@title": "Pacific Ocean (<5 km (kilometers))  (straight-line distance between city center and shore)",
                    "@width": "301",
                    "@height": "41",
                    "@type": "Default",
                    "@themes": "1,2,3,4,5,6,7,8,9,10,11,12",
                    "@colorinvertable": "true"
                },
                "plaintext": "Pacific Ocean (<5 km (kilometers)) \n(straight-line distance between city center and shore)"
            },
            "expressiontypes": {
                "@count": "1",
                "expressiontype": {
                    "@name": "Default"
                }
            },
            "states": {
                "@count": "2",
                "state": [
                    {
                        "@name": "Show non-metric",
                        "@input": "OceansHierarchyInfo:CityData__Show non-metric"
                    },
                    {
                        "@name": "More",
                        "@input": "OceansHierarchyInfo:CityData__More"
                    }
                ]
            }
        },
        {
            "@title": "Notable people born in Port Alberni",
            "@scanner": "Data",
            "@id": "NotablePeople:CityData",
            "@position": "1300",
            "@error": "false",
            "@numsubpods": "1",
            "subpod": {
                "@title": "",
                "microsources": {
                    "microsource": [
                        "CityData",
                        "PeopleData"
                    ]
                },
                "img": {
                    "@src": "https://www4f.wolframalpha.com/Calculate/MSP/MSP65741f9b2c2e57iacae7000035d926f8105hgiab?MSPStoreType=image/gif&s=50",
                    "@alt": "Kim Campbell (politician) (1947) Rick Hansen (athlete) (1957)",
                    "@title": "Kim Campbell (politician) (1947) Rick Hansen (athlete) (1957)",
                    "@width": "218",
                    "@height": "38",
                    "@type": "Grid",
                    "@themes": "1,2,3,4,5,6,7,8,9,10,11,12",
                    "@colorinvertable": "true"
                },
                "plaintext": "Kim Campbell (politician) (1947)\nRick Hansen (athlete) (1957)"
            },
            "expressiontypes": {
                "@count": "1",
                "expressiontype": {
                    "@name": "Default"
                }
            },
            "states": {
                "@count": "2",
                "state": [
                    {
                        "@name": "Show dates",
                        "@input": "NotablePeople:CityData__Show dates"
                    },
                    {
                        "@name": "Show deaths",
                        "@input": "NotablePeople:CityData__Show deaths"
                    }
                ]
            }
        },
        {
            "@title": "Wikipedia page hits history",
            "@scanner": "Data",
            "@id": "PopularityPod:WikipediaStatsData",
            "@position": "1400",
            "@error": "false",
            "@numsubpods": "1",
            "subpod": {
                "@title": "",
                "img": {
                    "@src": "https://www4f.wolframalpha.com/Calculate/MSP/MSP65751f9b2c2e57iacae7000041fe39f4gf1675i0?MSPStoreType=image/gif&s=50",
                    "@alt": "Wikipedia page hits history",
                    "@title": "",
                    "@width": "546",
                    "@height": "168",
                    "@type": "TimeSeriesPlot_1",
                    "@themes": "1,2,3,4,5,6,7,8,9,10,11,12",
                    "@colorinvertable": "true"
                },
                "plaintext": null
            },
            "expressiontypes": {
                "@count": "1",
                "expressiontype": {
                    "@name": "TimeSeriesPlot"
                }
            },
            "states": {
                "@count": "1",
                "state": {
                    "@name": "Log scale",
                    "@input": "PopularityPod:WikipediaStatsData__Log scale"
                }
            }
        }
    ],
    "userinfoused": {
        "@count": "1",
        "userinfo": {
            "@name": "Country"
        }
    },
    "sources": {
        "@count": "6",
        "source": [
            {
                "@url": "https://www4f.wolframalpha.com/sources/AdministrativeDivisionDataSourceInformationNotes.html",
                "@text": "Administrative division data"
            },
            {
                "@url": "https://www4f.wolframalpha.com/sources/CityDataSourceInformationNotes.html",
                "@text": "City data"
            },
            {
                "@url": "https://www4f.wolframalpha.com/sources/OpenStreetMapSourceInformationNotes.html",
                "@text": "Open street map"
            },
            {
                "@url": "https://www4f.wolframalpha.com/sources/PeopleDataSourceInformationNotes.html",
                "@text": "People data"
            },
            {
                "@url": "https://www4f.wolframalpha.com/sources/USCensusDataSourceInformationNotes.html",
                "@text": "US census data"
            },
            {
                "@url": "https://www4f.wolframalpha.com/sources/WeatherDataSourceInformationNotes.html",
                "@text": "Weather data"
            }
        ]
    }
}