{
    "@success": "true",
    "@error": "false",
    "@numpods": "13",
    "@datatypes": "AdministrativeDivision,City,Person,WeatherStation",
    "@timedout": "",
    "@timedoutpods": "",
    "@timing": "6.482",
    "@parsetiming": "0.593",
    "@parsetimedout": "false",
    "@recalculate": "",
    "@id": "MSP2268167b668312553g2i000068bi83a8476e81he",
    "@host": "https://www5b.wolframalpha.com",
    "@server": "45",
    "@related": "https://www5b.wolframalpha.com/api/v1/relatedQueries.jsp?id=MSPa2269167b668312553g2i000032ciefcb7e5h08307529790203388508810",
    "@version": "2.6",
    "pod": [
        {
            "@title": "Input interpretation",
            "@scanner": "Identity",
            "@id": "Input",
            "@position": "100",
            "@error": "false",
            "@numsubpods": "1",
            "subpod": {
                "@title": "",
                "img": {
                    "@src": "https://www5b.wolframalpha.com/Calculate/MSP/MSP2270167b668312553g2i0000673dg1de41704a57?MSPStoreType=image/gif&s=45",
                    "@alt": "St. Albert, Alberta",
                    "@title": "St. Albert, Alberta",
                    "@width": "117",
                    "@height": "18",
                    "@type": "Default",
                    "@themes": "1,2,3,4,5,6,7,8,9,10,11,12",
                    "@colorinvertable": "true"
                },
                "plaintext": "St. Albert, Alberta"
            },
            "expressiontypes": {
                "@count": "1",
                "expressiontype": {
                    "@name": "Default"
                }
            }
        },
        {
            "@title": "Population",
            "@scanner": "Data",
            "@id": "Population:CityData",
            "@position": "200",
            "@error": "false",
            "@numsubpods": "1",
            "@primary": "true",
            "subpod": {
                "@title": "",
                "microsources": {
                    "microsource": [
                        "CityData",
                        "USCensusData"
                    ]
                },
                "img": {
                    "@src": "https://www5b.wolframalpha.com/Calculate/MSP/MSP2271167b668312553g2i00003hbcfac3d6981eia?MSPStoreType=image/gif&s=45",
                    "@alt": "city population | 61466 people (country rank: 78th) (2011 estimate)",
                    "@title": "city population | 61466 people (country rank: 78th) (2011 estimate)",
                    "@width": "452",
                    "@height": "36",
                    "@type": "Grid",
                    "@themes": "1,2,3,4,5,6,7,8,9,10,11,12",
                    "@colorinvertable": "true"
                },
                "plaintext": "city population | 61466 people (country rank: 78th) (2011 estimate)"
            },
            "expressiontypes": {
                "@count": "1",
                "expressiontype": {
                    "@name": "Grid"
                }
            },
            "states": {
                "@count": "1",
                "state": {
                    "@name": "Show history",
                    "@input": "Population:CityData__Show history"
                }
            }
        },
        {
            "@title": "Location",
            "@scanner": "Data",
            "@id": "Location:CityData",
            "@position": "300",
            "@error": "false",
            "@numsubpods": "2",
            "subpod": [
                {
                    "@title": "",
                    "microsources": {
                        "microsource": [
                            "AdministrativeDivisionData",
                            "CityData"
                        ]
                    },
                    "img": {
                        "@src": "https://www5b.wolframalpha.com/Calculate/MSP/MSP2272167b668312553g2i00006333378i4e419i48?MSPStoreType=image/gif&s=45",
                        "@alt": "Alberta, Canada",
                        "@title": "Alberta, Canada",
                        "@width": "106",
                        "@height": "18",
                        "@type": "Default",
                        "@themes": "1,2,3,4,5,6,7,8,9,10,11,12",
                        "@colorinvertable": "true"
                    },
                    "plaintext": "Alberta, Canada"
                },
                {
                    "@title": "",
                    "microsources": {
                        "microsource": [
                            "AdministrativeDivisionData",
                            "CityData",
                            "CountryData"
                        ]
                    },
                    "datasources": {
                        "datasource": "CIAFactbook"
                    },
                    "img": {
                        "@src": "https://www5b.wolframalpha.com/Calculate/MSP/MSP2273167b668312553g2i00004b7gfefig19ai21g?MSPStoreType=image/gif&s=45",
                        "@alt": "Location",
                        "@title": "",
                        "@width": "328",
                        "@height": "214",
                        "@type": "Default",
                        "@themes": "1,2,3,4,5,6,7,8,9,10,11,12",
                        "@colorinvertable": "true"
                    },
                    "plaintext": null
                }
            ],
            "expressiontypes": {
                "@count": "2",
                "expressiontype": [
                    {
                        "@name": "Default"
                    },
                    {
                        "@name": "Default"
                    }
                ]
            },
            "states": {
                "@count": "2",
                "state": [
                    {
                        "@name": "World map",
                        "@input": "Location:CityData__World map"
                    },
                    {
                        "@name": "Show coordinates",
                        "@input": "Location:CityData__Show coordinates"
                    }
                ]
            },
            "infos": {
                "@count": "1",
                "info": {
                    "link": {
                        "@url": "http://maps.google.com?ie=UTF8&z=12&t=k&ll=53.6305%2C-113.625&q=53.6305%20N%2C%20113.625%20W",
                        "@text": "Satellite image"
                    }
                }
            }
        },
        {
            "@title": "Local map",
            "@scanner": "Data",
            "@id": "Map:CityData",
            "@position": "400",
            "@error": "false",
            "@numsubpods": "1",
            "subpod": {
                "@title": "",
                "microsources": {
                    "microsource": [
                        "CityData",
                        "OpenStreetMap"
                    ]
                },
                "img": {
                    "@src": "https://www5b.wolframalpha.com/Calculate/MSP/MSP2274167b668312553g2i00001i371c1fa8cdfhf6?MSPStoreType=image/gif&s=45",
                    "@alt": "Local map",
                    "@title": "",
                    "@width": "550",
                    "@height": "278",
                    "@type": "Default",
                    "@themes": "1,2,3,4,5,6,7,8,9,10,11,12",
                    "@colorinvertable": "false"
                },
                "plaintext": null
            },
            "expressiontypes": {
                "@count": "1",
                "expressiontype": {
                    "@name": "Default"
                }
            },
            "states": {
                "@count": "2",
                "statelist": {
                    "@count": "13",
                    "@value": "30 kilometers across",
                    "@delimiters": "",
                    "state": [
                        {
                            "@name": "6 kilometers across",
                            "@input": "Map:CityData__6 kilometers across"
                        },
                        {
                            "@name": "10 kilometers across",
                            "@input": "Map:CityData__10 kilometers across"
                        },
                        {
                            "@name": "30 kilometers across",
                            "@input": "Map:CityData__30 kilometers across"
                        },
                        {
                            "@name": "50 kilometers across",
                            "@input": "Map:CityData__50 kilometers across"
                        },
                        {
                            "@name": "100 kilometers across",
                            "@input": "Map:CityData__100 kilometers across"
                        },
                        {
                            "@name": "200 kilometers across",
                            "@input": "Map:CityData__200 kilometers across"
                        },
                        {
                            "@name": "410 kilometers across",
                            "@input": "Map:CityData__410 kilometers across"
                        },
                        {
                            "@name": "810 kilometers across",
                            "@input": "Map:CityData__810 kilometers across"
                        },
                        {
                            "@name": "1600 kilometers across",
                            "@input": "Map:CityData__1600 kilometers across"
                        },
                        {
                            "@name": "3200 kilometers across",
                            "@input": "Map:CityData__3200 kilometers across"
                        },
                        {
                            "@name": "6200 kilometers across",
                            "@input": "Map:CityData__6200 kilometers across"
                        },
                        {
                            "@name": "9900 kilometers across",
                            "@input": "Map:CityData__9900 kilometers across"
                        },
                        {
                            "@name": "19000 kilometers across",
                            "@input": "Map:CityData__19000 kilometers across"
                        }
                    ]
                },
                "state": {
                    "@name": "Non-metric",
                    "@input": "Map:CityData__Non-metric"
                }
            },
            "infos": {
                "@count": "1",
                "info": {
                    "link": {
                        "@url": "http://maps.google.com?ie=UTF8&z=12&t=k&ll=53.6305%2C-113.625&q=53.6305%20N%2C%20113.625%20W",
                        "@text": "Satellite image"
                    }
                }
            }
        },
        {
            "@title": "Administrative regions",
            "@scanner": "Data",
            "@id": "AdministrativeRegions:CityData",
            "@position": "500",
            "@error": "false",
            "@numsubpods": "1",
            "subpod": {
                "@title": "",
                "microsources": {
                    "microsource": "CityData"
                },
                "img": {
                    "@src": "https://www5b.wolframalpha.com/Calculate/MSP/MSP2275167b668312553g2i00004c7h55ab99gdaif7?MSPStoreType=image/gif&s=45",
                    "@alt": "region | Alberta country | Canada",
                    "@title": "region | Alberta country | Canada",
                    "@width": "150",
                    "@height": "68",
                    "@type": "Grid",
                    "@themes": "1,2,3,4,5,6,7,8,9,10,11,12",
                    "@colorinvertable": "true"
                },
                "plaintext": "region | Alberta\ncountry | Canada"
            },
            "expressiontypes": {
                "@count": "1",
                "expressiontype": {
                    "@name": "Grid"
                }
            }
        },
        {
            "@title": "Current local time",
            "@scanner": "Data",
            "@id": "CurrentTime:CityData",
            "@position": "600",
            "@error": "false",
            "@numsubpods": "1",
            "subpod": {
                "@title": "",
                "microsources": {
                    "microsource": "CityData"
                },
                "img": {
                    "@src": "https://www5b.wolframalpha.com/Calculate/MSP/MSP2276167b668312553g2i00005eg41447ge6digae?MSPStoreType=image/gif&s=45",
                    "@alt": "9:38 pm MST | Saturday, January 18, 2020",
                    "@title": "9:38 pm MST | Saturday, January 18, 2020",
                    "@width": "297",
                    "@height": "18",
                    "@type": "Grid",
                    "@themes": "1,2,3,4,5,6,7,8,9,10,11,12",
                    "@colorinvertable": "true"
                },
                "plaintext": "9:38 pm MST | Saturday, January 18, 2020"
            },
            "expressiontypes": {
                "@count": "1",
                "expressiontype": {
                    "@name": "Default"
                }
            }
        },
        {
            "@title": "Current weather",
            "@scanner": "Data",
            "@id": "WeatherPod:CityData",
            "@position": "700",
            "@error": "false",
            "@numsubpods": "1",
            "subpod": {
                "@title": "",
                "microsources": {
                    "microsource": [
                        "CityData",
                        "WeatherData"
                    ]
                },
                "img": {
                    "@src": "https://www5b.wolframalpha.com/Calculate/MSP/MSP2277167b668312553g2i00003c75d5a3c667gagf?MSPStoreType=image/gif&s=45",
                    "@alt": "-23 \u00b0C (wind chill: -30 \u00b0C) | relative humidity: 69% | wind: 2 m/s",
                    "@title": "-23 \u00b0C (wind chill: -30 \u00b0C) | relative humidity: 69% | wind: 2 m/s",
                    "@width": "448",
                    "@height": "22",
                    "@type": "Grid",
                    "@themes": "1,2,3,4,5,6,7,8,9,10,11,12",
                    "@colorinvertable": "true"
                },
                "plaintext": "-23 \u00b0C (wind chill: -30 \u00b0C) | relative humidity: 69% | wind: 2 m/s"
            },
            "expressiontypes": {
                "@count": "1",
                "expressiontype": {
                    "@name": "Grid"
                }
            },
            "states": {
                "@count": "2",
                "state": [
                    {
                        "@name": "Show history",
                        "@input": "WeatherPod:CityData__Show history"
                    },
                    {
                        "@name": "Show non-metric",
                        "@input": "WeatherPod:CityData__Show non-metric"
                    }
                ]
            }
        },
        {
            "@title": "Nearby cities",
            "@scanner": "Data",
            "@id": "CityHierarchyInfo:CityData",
            "@position": "800",
            "@error": "false",
            "@numsubpods": "1",
            "subpod": {
                "@title": "",
                "microsources": {
                    "microsource": "CityData"
                },
                "img": {
                    "@src": "https://www5b.wolframalpha.com/Calculate/MSP/MSP2278167b668312553g2i000052094igb484egh10?MSPStoreType=image/gif&s=45",
                    "@alt": "Edmonton, Alberta | 9 km (kilometers) southeast | 812201 people Sherwood Park, Alberta | 24 km (kilometers) east-southeast | 59409 people Calgary, Alberta | 289 km (kilometers) south | 1.15 million people (straight-line distances between city centers)",
                    "@title": "Edmonton, Alberta | 9 km (kilometers) southeast | 812201 people Sherwood Park, Alberta | 24 km (kilometers) east-southeast | 59409 people Calgary, Alberta | 289 km (kilometers) south | 1.15 million people (straight-line distances between city centers)",
                    "@width": "546",
                    "@height": "134",
                    "@type": "Grid",
                    "@themes": "1,2,3,4,5,6,7,8,9,10,11,12",
                    "@colorinvertable": "true"
                },
                "plaintext": "Edmonton, Alberta | 9 km (kilometers) southeast | 812201 people\nSherwood Park, Alberta | 24 km (kilometers) east-southeast | 59409 people\nCalgary, Alberta | 289 km (kilometers) south | 1.15 million people\n(straight-line distances between city centers)"
            },
            "expressiontypes": {
                "@count": "1",
                "expressiontype": {
                    "@name": "Grid"
                }
            },
            "states": {
                "@count": "2",
                "state": [
                    {
                        "@name": "Show non-metric",
                        "@input": "CityHierarchyInfo:CityData__Show non-metric"
                    },
                    {
                        "@name": "More",
                        "@input": "CityHierarchyInfo:CityData__More"
                    }
                ]
            }
        },
        {
            "@title": "Nearby airports",
            "@scanner": "Data",
            "@id": "AirportHierarchyInfo:CityData",
            "@position": "900",
            "@error": "false",
            "@numsubpods": "1",
            "subpod": {
                "@title": "",
                "microsources": {
                    "microsource": "CityData"
                },
                "img": {
                    "@src": "https://www5b.wolframalpha.com/Calculate/MSP/MSP2279167b668312553g2i0000548205212a035ggc?MSPStoreType=image/gif&s=45",
                    "@alt": "Edmonton Airport | 9 km (kilometers) southeast Villeneuve | 16 km (kilometers) west-northwest Edmonton International Airport | 36 km (kilometers) south (straight-line distances between city center and airport)",
                    "@title": "Edmonton Airport | 9 km (kilometers) southeast Villeneuve | 16 km (kilometers) west-northwest Edmonton International Airport | 36 km (kilometers) south (straight-line distances between city center and airport)",
                    "@width": "485",
                    "@height": "114",
                    "@type": "Grid",
                    "@themes": "1,2,3,4,5,6,7,8,9,10,11,12",
                    "@colorinvertable": "true"
                },
                "plaintext": "Edmonton Airport | 9 km (kilometers) southeast\nVilleneuve | 16 km (kilometers) west-northwest\nEdmonton International Airport | 36 km (kilometers) south\n(straight-line distances between city center and airport)"
            },
            "expressiontypes": {
                "@count": "1",
                "expressiontype": {
                    "@name": "Grid"
                }
            },
            "states": {
                "@count": "2",
                "state": [
                    {
                        "@name": "Show non-metric",
                        "@input": "AirportHierarchyInfo:CityData__Show non-metric"
                    },
                    {
                        "@name": "More",
                        "@input": "AirportHierarchyInfo:CityData__More"
                    }
                ]
            }
        },
        {
            "@title": "Nearby features",
            "@scanner": "Data",
            "@id": "FeaturesHierarchyInfo:CityData",
            "@position": "1000",
            "@error": "false",
            "@numsubpods": "1",
            "subpod": {
                "@title": "",
                "microsources": {
                    "microsource": "CityData"
                },
                "img": {
                    "@src": "https://www5b.wolframalpha.com/Calculate/MSP/MSP2280167b668312553g2i00000fh4f80i33ce518b?MSPStoreType=image/gif&s=45",
                    "@alt": "mountain | Mount Forbes (3612 meters) | 297 km (kilometers) southwest mountain | Mount Alberta (3619 meters) | 299 km (kilometers) west-southwest mountain | North Twin (3719 meters) | 300 km (kilometers) west-southwest (straight-line distances between city center and feature coordinates)",
                    "@title": "mountain | Mount Forbes (3612 meters) | 297 km (kilometers) southwest mountain | Mount Alberta (3619 meters) | 299 km (kilometers) west-southwest mountain | North Twin (3719 meters) | 300 km (kilometers) west-southwest (straight-line distances between city center and feature coordinates)",
                    "@width": "546",
                    "@height": "156",
                    "@type": "Grid",
                    "@themes": "1,2,3,4,5,6,7,8,9,10,11,12",
                    "@colorinvertable": "true"
                },
                "plaintext": "mountain | Mount Forbes (3612 meters) | 297 km (kilometers) southwest\nmountain | Mount Alberta (3619 meters) | 299 km (kilometers) west-southwest\nmountain | North Twin (3719 meters) | 300 km (kilometers) west-southwest\n(straight-line distances between city center and feature coordinates)"
            },
            "expressiontypes": {
                "@count": "1",
                "expressiontype": {
                    "@name": "Grid"
                }
            },
            "states": {
                "@count": "2",
                "state": [
                    {
                        "@name": "Show non-metric",
                        "@input": "FeaturesHierarchyInfo:CityData__Show non-metric"
                    },
                    {
                        "@name": "More",
                        "@input": "FeaturesHierarchyInfo:CityData__More"
                    }
                ]
            }
        },
        {
            "@title": "Nearest sea",
            "@scanner": "Data",
            "@id": "OceansHierarchyInfo:CityData",
            "@position": "1100",
            "@error": "false",
            "@numsubpods": "1",
            "subpod": {
                "@title": "",
                "microsources": {
                    "microsource": "CityData"
                },
                "img": {
                    "@src": "https://www5b.wolframalpha.com/Calculate/MSP/MSP2281167b668312553g2i0000422cb2bb653ihc81?MSPStoreType=image/gif&s=45",
                    "@alt": "Coastal Waters Of Southeast Alaska and British Columbia (791 km (kilometers) west-southwest)  (straight-line distance between city center and shore)",
                    "@title": "Coastal Waters Of Southeast Alaska and British Columbia (791 km (kilometers) west-southwest)  (straight-line distance between city center and shore)",
                    "@width": "379",
                    "@height": "64",
                    "@type": "Default",
                    "@themes": "1,2,3,4,5,6,7,8,9,10,11,12",
                    "@colorinvertable": "true"
                },
                "plaintext": "Coastal Waters Of Southeast Alaska and British Columbia (791 km (kilometers) west-southwest) \n(straight-line distance between city center and shore)"
            },
            "expressiontypes": {
                "@count": "1",
                "expressiontype": {
                    "@name": "Default"
                }
            },
            "states": {
                "@count": "3",
                "state": [
                    {
                        "@name": "Show map",
                        "@input": "OceansHierarchyInfo:CityData__Show map"
                    },
                    {
                        "@name": "Show non-metric",
                        "@input": "OceansHierarchyInfo:CityData__Show non-metric"
                    },
                    {
                        "@name": "More",
                        "@input": "OceansHierarchyInfo:CityData__More"
                    }
                ]
            }
        },
        {
            "@title": "Notable people born in St. Albert",
            "@scanner": "Data",
            "@id": "NotablePeople:CityData",
            "@position": "1200",
            "@error": "false",
            "@numsubpods": "1",
            "subpod": {
                "@title": "",
                "microsources": {
                    "microsource": [
                        "CityData",
                        "PeopleData"
                    ]
                },
                "img": {
                    "@src": "https://www5b.wolframalpha.com/Calculate/MSP/MSP2282167b668312553g2i000040910abab2h73dce?MSPStoreType=image/gif&s=45",
                    "@alt": "Jason Thompson (actor) (1976) Kimiko Zakreski (athlete) (1983) Amanda Ammar (athlete) (1986)",
                    "@title": "Jason Thompson (actor) (1976) Kimiko Zakreski (athlete) (1983) Amanda Ammar (athlete) (1986)",
                    "@width": "218",
                    "@height": "57",
                    "@type": "Grid",
                    "@themes": "1,2,3,4,5,6,7,8,9,10,11,12",
                    "@colorinvertable": "true"
                },
                "plaintext": "Jason Thompson (actor) (1976)\nKimiko Zakreski (athlete) (1983)\nAmanda Ammar (athlete) (1986)"
            },
            "expressiontypes": {
                "@count": "1",
                "expressiontype": {
                    "@name": "Default"
                }
            },
            "states": {
                "@count": "2",
                "state": [
                    {
                        "@name": "Show dates",
                        "@input": "NotablePeople:CityData__Show dates"
                    },
                    {
                        "@name": "Show deaths",
                        "@input": "NotablePeople:CityData__Show deaths"
                    }
                ]
            }
        },
        {
            "@title": "Wikipedia page hits history",
            "@scanner": "Data",
            "@id": "PopularityPod:WikipediaStatsData",
            "@position": "1300",
            "@error": "false",
            "@numsubpods": "1",
            "subpod": {
                "@title": "",
                "img": {
                    "@src": "https://www5b.wolframalpha.com/Calculate/MSP/MSP2283167b668312553g2i00001683g33efc4i150a?MSPStoreType=image/gif&s=45",
                    "@alt": "Wikipedia page hits history",
                    "@title": "",
                    "@width": "546",
                    "@height": "167",
                    "@type": "TimeSeriesPlot_1",
                    "@themes": "1,2,3,4,5,6,7,8,9,10,11,12",
                    "@colorinvertable": "true"
                },
                "plaintext": null
            },
            "expressiontypes": {
                "@count": "1",
                "expressiontype": {
                    "@name": "TimeSeriesPlot"
                }
            },
            "states": {
                "@count": "1",
                "state": {
                    "@name": "Log scale",
                    "@input": "PopularityPod:WikipediaStatsData__Log scale"
                }
            }
        }
    ],
    "assumptions": {
        "@count": "1",
        "assumption": {
            "@type": "SubCategory",
            "@word": "City of St. Albert",
            "@template": "Assuming ${desc1}. Use ${desc2} instead",
            "@count": "2",
            "value": [
                {
                    "@name": "{SaintAlbert, Alberta, Canada}",
                    "@desc": "St. Albert (Alberta, Canada)",
                    "@input": "*DPClash.CityE.City+of+St%21.+Albert-_**SaintAlbert.Alberta.Canada--"
                },
                {
                    "@name": "{SaintAlbert, Quebec, Canada}",
                    "@desc": "Saint\u2010Albert (Quebec, Canada)",
                    "@input": "*DPClash.CityE.City+of+St%21.+Albert-_**SaintAlbert.Quebec.Canada--"
                }
            ]
        }
    },
    "userinfoused": {
        "@count": "1",
        "userinfo": {
            "@name": "Country"
        }
    },
    "sources": {
        "@count": "6",
        "source": [
            {
                "@url": "https://www5b.wolframalpha.com/sources/AdministrativeDivisionDataSourceInformationNotes.html",
                "@text": "Administrative division data"
            },
            {
                "@url": "https://www5b.wolframalpha.com/sources/CityDataSourceInformationNotes.html",
                "@text": "City data"
            },
            {
                "@url": "https://www5b.wolframalpha.com/sources/OpenStreetMapSourceInformationNotes.html",
                "@text": "Open street map"
            },
            {
                "@url": "https://www5b.wolframalpha.com/sources/PeopleDataSourceInformationNotes.html",
                "@text": "People data"
            },
            {
                "@url": "https://www5b.wolframalpha.com/sources/USCensusDataSourceInformationNotes.html",
                "@text": "US census data"
            },
            {
                "@url": "https://www5b.wolframalpha.com/sources/WeatherDataSourceInformationNotes.html",
                "@text": "Weather data"
            }
        ]
    }
}