{
    "@success": "true",
    "@error": "false",
    "@numpods": "15",
    "@datatypes": "AdministrativeDivision,City,Person,WeatherStation",
    "@timedout": "",
    "@timedoutpods": "",
    "@timing": "6.502",
    "@parsetiming": "0.713",
    "@parsetimedout": "false",
    "@recalculate": "",
    "@id": "MSP3150160fgc5504fbg27c0000296cbf5e9f838513",
    "@host": "https://www5a.wolframalpha.com",
    "@server": "50",
    "@related": "https://www5a.wolframalpha.com/api/v1/relatedQueries.jsp?id=MSPa3151160fgc5504fbg27c000010a54hfb50g179792678292769077595422",
    "@version": "2.6",
    "pod": [
        {
            "@title": "Input interpretation",
            "@scanner": "Identity",
            "@id": "Input",
            "@position": "100",
            "@error": "false",
            "@numsubpods": "1",
            "subpod": {
                "@title": "",
                "img": {
                    "@src": "https://www5a.wolframalpha.com/Calculate/MSP/MSP3152160fgc5504fbg27c00001016cc28003g0458?MSPStoreType=image/gif&s=50",
                    "@alt": "Thunder Bay, Ontario",
                    "@title": "Thunder Bay, Ontario",
                    "@width": "144",
                    "@height": "18",
                    "@type": "Default",
                    "@themes": "1,2,3,4,5,6,7,8,9,10,11,12",
                    "@colorinvertable": "true"
                },
                "plaintext": "Thunder Bay, Ontario"
            },
            "expressiontypes": {
                "@count": "1",
                "expressiontype": {
                    "@name": "Default"
                }
            }
        },
        {
            "@title": "Population",
            "@scanner": "Data",
            "@id": "Population:CityData",
            "@position": "200",
            "@error": "false",
            "@numsubpods": "1",
            "@primary": "true",
            "subpod": {
                "@title": "",
                "microsources": {
                    "microsource": [
                        "CityData",
                        "USCensusData"
                    ]
                },
                "img": {
                    "@src": "https://www5a.wolframalpha.com/Calculate/MSP/MSP3153160fgc5504fbg27c00003h7a1455f69c07f3?MSPStoreType=image/gif&s=50",
                    "@alt": "city population | 108359 people (country rank: 44th) (2011 estimate)",
                    "@title": "city population | 108359 people (country rank: 44th) (2011 estimate)",
                    "@width": "460",
                    "@height": "36",
                    "@type": "Grid",
                    "@themes": "1,2,3,4,5,6,7,8,9,10,11,12",
                    "@colorinvertable": "true"
                },
                "plaintext": "city population | 108359 people (country rank: 44th) (2011 estimate)"
            },
            "expressiontypes": {
                "@count": "1",
                "expressiontype": {
                    "@name": "Grid"
                }
            },
            "states": {
                "@count": "1",
                "state": {
                    "@name": "Show history",
                    "@input": "Population:CityData__Show history"
                }
            }
        },
        {
            "@title": "Location",
            "@scanner": "Data",
            "@id": "Location:CityData",
            "@position": "300",
            "@error": "false",
            "@numsubpods": "2",
            "subpod": [
                {
                    "@title": "",
                    "microsources": {
                        "microsource": [
                            "AdministrativeDivisionData",
                            "CityData"
                        ]
                    },
                    "img": {
                        "@src": "https://www5a.wolframalpha.com/Calculate/MSP/MSP3154160fgc5504fbg27c00006192i89g8da51hig?MSPStoreType=image/gif&s=50",
                        "@alt": "Ontario, Canada",
                        "@title": "Ontario, Canada",
                        "@width": "109",
                        "@height": "18",
                        "@type": "Default",
                        "@themes": "1,2,3,4,5,6,7,8,9,10,11,12",
                        "@colorinvertable": "true"
                    },
                    "plaintext": "Ontario, Canada"
                },
                {
                    "@title": "",
                    "microsources": {
                        "microsource": [
                            "AdministrativeDivisionData",
                            "CityData",
                            "CountryData"
                        ]
                    },
                    "datasources": {
                        "datasource": "CIAFactbook"
                    },
                    "img": {
                        "@src": "https://www5a.wolframalpha.com/Calculate/MSP/MSP3155160fgc5504fbg27c00001281cd5a338f0034?MSPStoreType=image/gif&s=50",
                        "@alt": "Location",
                        "@title": "",
                        "@width": "328",
                        "@height": "214",
                        "@type": "Default",
                        "@themes": "1,2,3,4,5,6,7,8,9,10,11,12",
                        "@colorinvertable": "true"
                    },
                    "plaintext": null
                }
            ],
            "expressiontypes": {
                "@count": "2",
                "expressiontype": [
                    {
                        "@name": "Default"
                    },
                    {
                        "@name": "Default"
                    }
                ]
            },
            "states": {
                "@count": "2",
                "state": [
                    {
                        "@name": "World map",
                        "@input": "Location:CityData__World map"
                    },
                    {
                        "@name": "Show coordinates",
                        "@input": "Location:CityData__Show coordinates"
                    }
                ]
            },
            "infos": {
                "@count": "1",
                "info": {
                    "link": {
                        "@url": "http://maps.google.com?ie=UTF8&z=12&t=k&ll=48.42%2C-89.28&q=48.42%20N%2C%2089.28%20W",
                        "@text": "Satellite image"
                    }
                }
            }
        },
        {
            "@title": "Local map",
            "@scanner": "Data",
            "@id": "Map:CityData",
            "@position": "400",
            "@error": "false",
            "@numsubpods": "1",
            "subpod": {
                "@title": "",
                "microsources": {
                    "microsource": [
                        "CityData",
                        "OpenStreetMap"
                    ]
                },
                "img": {
                    "@src": "https://www5a.wolframalpha.com/Calculate/MSP/MSP3156160fgc5504fbg27c000068g7i6hf9eab978i?MSPStoreType=image/gif&s=50",
                    "@alt": "Local map",
                    "@title": "",
                    "@width": "550",
                    "@height": "278",
                    "@type": "Default",
                    "@themes": "1,2,3,4,5,6,7,8,9,10,11,12",
                    "@colorinvertable": "false"
                },
                "plaintext": null
            },
            "expressiontypes": {
                "@count": "1",
                "expressiontype": {
                    "@name": "Default"
                }
            },
            "states": {
                "@count": "2",
                "statelist": {
                    "@count": "13",
                    "@value": "30 kilometers across",
                    "@delimiters": "",
                    "state": [
                        {
                            "@name": "7 kilometers across",
                            "@input": "Map:CityData__7 kilometers across"
                        },
                        {
                            "@name": "10 kilometers across",
                            "@input": "Map:CityData__10 kilometers across"
                        },
                        {
                            "@name": "30 kilometers across",
                            "@input": "Map:CityData__30 kilometers across"
                        },
                        {
                            "@name": "60 kilometers across",
                            "@input": "Map:CityData__60 kilometers across"
                        },
                        {
                            "@name": "110 kilometers across",
                            "@input": "Map:CityData__110 kilometers across"
                        },
                        {
                            "@name": "230 kilometers across",
                            "@input": "Map:CityData__230 kilometers across"
                        },
                        {
                            "@name": "450 kilometers across",
                            "@input": "Map:CityData__450 kilometers across"
                        },
                        {
                            "@name": "900 kilometers across",
                            "@input": "Map:CityData__900 kilometers across"
                        },
                        {
                            "@name": "1800 kilometers across",
                            "@input": "Map:CityData__1800 kilometers across"
                        },
                        {
                            "@name": "3600 kilometers across",
                            "@input": "Map:CityData__3600 kilometers across"
                        },
                        {
                            "@name": "7000 kilometers across",
                            "@input": "Map:CityData__7000 kilometers across"
                        },
                        {
                            "@name": "11000 kilometers across",
                            "@input": "Map:CityData__11000 kilometers across"
                        },
                        {
                            "@name": "22000 kilometers across",
                            "@input": "Map:CityData__22000 kilometers across"
                        }
                    ]
                },
                "state": {
                    "@name": "Non-metric",
                    "@input": "Map:CityData__Non-metric"
                }
            },
            "infos": {
                "@count": "1",
                "info": {
                    "link": {
                        "@url": "http://maps.google.com?ie=UTF8&z=12&t=k&ll=48.42%2C-89.28&q=48.42%20N%2C%2089.28%20W",
                        "@text": "Satellite image"
                    }
                }
            }
        },
        {
            "@title": "Administrative regions",
            "@scanner": "Data",
            "@id": "AdministrativeRegions:CityData",
            "@position": "500",
            "@error": "false",
            "@numsubpods": "1",
            "subpod": {
                "@title": "",
                "microsources": {
                    "microsource": "CityData"
                },
                "img": {
                    "@src": "https://www5a.wolframalpha.com/Calculate/MSP/MSP3157160fgc5504fbg27c000026gh90dhe6e100gd?MSPStoreType=image/gif&s=50",
                    "@alt": "region | Ontario country | Canada",
                    "@title": "region | Ontario country | Canada",
                    "@width": "151",
                    "@height": "68",
                    "@type": "Grid",
                    "@themes": "1,2,3,4,5,6,7,8,9,10,11,12",
                    "@colorinvertable": "true"
                },
                "plaintext": "region | Ontario\ncountry | Canada"
            },
            "expressiontypes": {
                "@count": "1",
                "expressiontype": {
                    "@name": "Grid"
                }
            }
        },
        {
            "@title": "Current local time",
            "@scanner": "Data",
            "@id": "CurrentTime:CityData",
            "@position": "600",
            "@error": "false",
            "@numsubpods": "1",
            "subpod": {
                "@title": "",
                "microsources": {
                    "microsource": "CityData"
                },
                "img": {
                    "@src": "https://www5a.wolframalpha.com/Calculate/MSP/MSP3158160fgc5504fbg27c00006308a7ib935e193a?MSPStoreType=image/gif&s=50",
                    "@alt": "11:38 pm EST | Saturday, January 18, 2020",
                    "@title": "11:38 pm EST | Saturday, January 18, 2020",
                    "@width": "301",
                    "@height": "18",
                    "@type": "Grid",
                    "@themes": "1,2,3,4,5,6,7,8,9,10,11,12",
                    "@colorinvertable": "true"
                },
                "plaintext": "11:38 pm EST | Saturday, January 18, 2020"
            },
            "expressiontypes": {
                "@count": "1",
                "expressiontype": {
                    "@name": "Default"
                }
            }
        },
        {
            "@title": "Current weather",
            "@scanner": "Data",
            "@id": "WeatherPod:CityData",
            "@position": "700",
            "@error": "false",
            "@numsubpods": "1",
            "subpod": {
                "@title": "",
                "microsources": {
                    "microsource": [
                        "CityData",
                        "WeatherData"
                    ]
                },
                "img": {
                    "@src": "https://www5a.wolframalpha.com/Calculate/MSP/MSP3159160fgc5504fbg27c00001chg267dc4d76c32?MSPStoreType=image/gif&s=50",
                    "@alt": "-7 \u00b0C (wind chill: -12 \u00b0C) | relative humidity: 73% | wind: 3 m/s | overcast",
                    "@title": "-7 \u00b0C (wind chill: -12 \u00b0C) | relative humidity: 73% | wind: 3 m/s | overcast",
                    "@width": "519",
                    "@height": "22",
                    "@type": "Grid",
                    "@themes": "1,2,3,4,5,6,7,8,9,10,11,12",
                    "@colorinvertable": "true"
                },
                "plaintext": "-7 \u00b0C (wind chill: -12 \u00b0C) | relative humidity: 73% | wind: 3 m/s | overcast"
            },
            "expressiontypes": {
                "@count": "1",
                "expressiontype": {
                    "@name": "Grid"
                }
            },
            "states": {
                "@count": "2",
                "state": [
                    {
                        "@name": "Show history",
                        "@input": "WeatherPod:CityData__Show history"
                    },
                    {
                        "@name": "Show non-metric",
                        "@input": "WeatherPod:CityData__Show non-metric"
                    }
                ]
            }
        },
        {
            "@title": "Nearby cities",
            "@scanner": "Data",
            "@id": "CityHierarchyInfo:CityData",
            "@position": "800",
            "@error": "false",
            "@numsubpods": "1",
            "subpod": {
                "@title": "",
                "microsources": {
                    "microsource": "CityData"
                },
                "img": {
                    "@src": "https://www5a.wolframalpha.com/Calculate/MSP/MSP3160160fgc5504fbg27c000022aa5g3i1e32g051?MSPStoreType=image/gif&s=50",
                    "@alt": "Nipigon, Ontario | 100 km (kilometers) northeast | 1631 people Houghton, Michigan | 155 km (kilometers) south-southeast | 7705 people Marquette, Michigan | 252 km (kilometers) southeast | 21532 people Duluth, Minnesota | 280 km (kilometers) southwest | 86211 people (straight-line distances between city centers)",
                    "@title": "Nipigon, Ontario | 100 km (kilometers) northeast | 1631 people Houghton, Michigan | 155 km (kilometers) south-southeast | 7705 people Marquette, Michigan | 252 km (kilometers) southeast | 21532 people Duluth, Minnesota | 280 km (kilometers) southwest | 86211 people (straight-line distances between city centers)",
                    "@width": "530",
                    "@height": "142",
                    "@type": "Grid",
                    "@themes": "1,2,3,4,5,6,7,8,9,10,11,12",
                    "@colorinvertable": "true"
                },
                "plaintext": "Nipigon, Ontario | 100 km (kilometers) northeast | 1631 people\nHoughton, Michigan | 155 km (kilometers) south-southeast | 7705 people\nMarquette, Michigan | 252 km (kilometers) southeast | 21532 people\nDuluth, Minnesota | 280 km (kilometers) southwest | 86211 people\n(straight-line distances between city centers)"
            },
            "expressiontypes": {
                "@count": "1",
                "expressiontype": {
                    "@name": "Grid"
                }
            },
            "states": {
                "@count": "2",
                "state": [
                    {
                        "@name": "Show non-metric",
                        "@input": "CityHierarchyInfo:CityData__Show non-metric"
                    },
                    {
                        "@name": "More",
                        "@input": "CityHierarchyInfo:CityData__More"
                    }
                ]
            }
        },
        {
            "@title": "Nearby airport",
            "@scanner": "Data",
            "@id": "AirportHierarchyInfo:CityData",
            "@position": "900",
            "@error": "false",
            "@numsubpods": "1",
            "subpod": {
                "@title": "",
                "microsources": {
                    "microsource": "CityData"
                },
                "img": {
                    "@src": "https://www5a.wolframalpha.com/Calculate/MSP/MSP3161160fgc5504fbg27c00001c23383h8baef64e?MSPStoreType=image/gif&s=50",
                    "@alt": "Thunder Bay Airport | 6 km (kilometers) south-southwest (straight-line distances between city center and airport)",
                    "@title": "Thunder Bay Airport | 6 km (kilometers) south-southwest (straight-line distances between city center and airport)",
                    "@width": "408",
                    "@height": "58",
                    "@type": "Grid",
                    "@themes": "1,2,3,4,5,6,7,8,9,10,11,12",
                    "@colorinvertable": "true"
                },
                "plaintext": "Thunder Bay Airport | 6 km (kilometers) south-southwest\n(straight-line distances between city center and airport)"
            },
            "expressiontypes": {
                "@count": "1",
                "expressiontype": {
                    "@name": "Grid"
                }
            },
            "states": {
                "@count": "1",
                "state": {
                    "@name": "Show non-metric",
                    "@input": "AirportHierarchyInfo:CityData__Show non-metric"
                }
            }
        },
        {
            "@title": "Notable company headquarters",
            "@scanner": "Data",
            "@id": "CompaniesInCity:CityData",
            "@position": "1000",
            "@error": "false",
            "@numsubpods": "1",
            "subpod": {
                "@title": "",
                "microsources": {
                    "microsource": "CityData"
                },
                "datasources": {
                    "datasource": [
                        "ForbesAmericasLargestPrivateCompanies",
                        "CrunchBase"
                    ]
                },
                "img": {
                    "@src": "https://www5a.wolframalpha.com/Calculate/MSP/MSP3162160fgc5504fbg27c0000599hc631hgdah4df?MSPStoreType=image/gif&s=50",
                    "@alt": "Family Memorials Inc | 10 employees (Quarter 4 2011) | $8.518 million per year (Quarter 3 2017)",
                    "@title": "Family Memorials Inc | 10 employees (Quarter 4 2011) | $8.518 million per year (Quarter 3 2017)",
                    "@width": "546",
                    "@height": "53",
                    "@type": "Grid",
                    "@themes": "1,2,3,4,5,6,7,8,9,10,11,12",
                    "@colorinvertable": "true"
                },
                "plaintext": "Family Memorials Inc | 10 employees (Quarter 4 2011) | $8.518 million per year (Quarter 3 2017)"
            },
            "expressiontypes": {
                "@count": "1",
                "expressiontype": {
                    "@name": "Grid"
                }
            }
        },
        {
            "@title": "Geographic properties",
            "@scanner": "Data",
            "@id": "GeographicProperties:CityData",
            "@position": "1100",
            "@error": "false",
            "@numsubpods": "1",
            "subpod": {
                "@title": "",
                "microsources": {
                    "microsource": "CityData"
                },
                "img": {
                    "@src": "https://www5a.wolframalpha.com/Calculate/MSP/MSP3163160fgc5504fbg27c00004404h0c5fhfi60ch?MSPStoreType=image/gif&s=50",
                    "@alt": "elevation | 215 m",
                    "@title": "elevation | 215 m",
                    "@width": "147",
                    "@height": "36",
                    "@type": "Grid",
                    "@themes": "1,2,3,4,5,6,7,8,9,10,11,12",
                    "@colorinvertable": "true"
                },
                "plaintext": "elevation | 215 m"
            },
            "expressiontypes": {
                "@count": "1",
                "expressiontype": {
                    "@name": "Grid"
                }
            },
            "states": {
                "@count": "1",
                "state": {
                    "@name": "Show non-metric",
                    "@input": "GeographicProperties:CityData__Show non-metric"
                }
            },
            "infos": {
                "@count": "1",
                "info": {
                    "units": {
                        "@count": "1",
                        "unit": {
                            "@short": "m",
                            "@long": "meters"
                        },
                        "img": {
                            "@src": "https://www5a.wolframalpha.com/Calculate/MSP/MSP3164160fgc5504fbg27c000016fg9bghdb757d81?MSPStoreType=image/gif&s=50",
                            "@width": "96",
                            "@height": "26"
                        }
                    }
                }
            }
        },
        {
            "@title": "Nearest sea",
            "@scanner": "Data",
            "@id": "OceansHierarchyInfo:CityData",
            "@position": "1200",
            "@error": "false",
            "@numsubpods": "1",
            "subpod": {
                "@title": "",
                "microsources": {
                    "microsource": "CityData"
                },
                "img": {
                    "@src": "https://www5a.wolframalpha.com/Calculate/MSP/MSP3165160fgc5504fbg27c00003bc78fci62h17hg5?MSPStoreType=image/gif&s=50",
                    "@alt": "Hudson Bay (663 km (kilometers) east-northeast)  (straight-line distance between city center and shore)",
                    "@title": "Hudson Bay (663 km (kilometers) east-northeast)  (straight-line distance between city center and shore)",
                    "@width": "321",
                    "@height": "41",
                    "@type": "Default",
                    "@themes": "1,2,3,4,5,6,7,8,9,10,11,12",
                    "@colorinvertable": "true"
                },
                "plaintext": "Hudson Bay (663 km (kilometers) east-northeast) \n(straight-line distance between city center and shore)"
            },
            "expressiontypes": {
                "@count": "1",
                "expressiontype": {
                    "@name": "Default"
                }
            },
            "states": {
                "@count": "2",
                "state": [
                    {
                        "@name": "Show map",
                        "@input": "OceansHierarchyInfo:CityData__Show map"
                    },
                    {
                        "@name": "Show non-metric",
                        "@input": "OceansHierarchyInfo:CityData__Show non-metric"
                    }
                ]
            }
        },
        {
            "@title": "Nickname",
            "@scanner": "Data",
            "@id": "BasicInformation:CityData",
            "@position": "1300",
            "@error": "false",
            "@numsubpods": "1",
            "subpod": {
                "@title": "",
                "microsources": {
                    "microsource": "CityData"
                },
                "img": {
                    "@src": "https://www5a.wolframalpha.com/Calculate/MSP/MSP3166160fgc5504fbg27c000042d73i891fd83796?MSPStoreType=image/gif&s=50",
                    "@alt": "T-Bay",
                    "@title": "T-Bay",
                    "@width": "42",
                    "@height": "18",
                    "@type": "Default",
                    "@themes": "1,2,3,4,5,6,7,8,9,10,11,12",
                    "@colorinvertable": "true"
                },
                "plaintext": "T-Bay"
            },
            "expressiontypes": {
                "@count": "1",
                "expressiontype": {
                    "@name": "Grid"
                }
            }
        },
        {
            "@title": "Notable people born in Thunder Bay",
            "@scanner": "Data",
            "@id": "NotablePeople:CityData",
            "@position": "1400",
            "@error": "false",
            "@numsubpods": "1",
            "subpod": {
                "@title": "",
                "microsources": {
                    "microsource": [
                        "CityData",
                        "PeopleData"
                    ]
                },
                "img": {
                    "@src": "https://www5a.wolframalpha.com/Calculate/MSP/MSP3167160fgc5504fbg27c0000557d7ceg9b8283g5?MSPStoreType=image/gif&s=50",
                    "@alt": "Kevin Durand (actor) (1974) Paul Shaffer (musician) (1949) Marie Avgeropoulos (actor) (1986) Vampiro (wrestler) (1967) Jordan Staal (ice hockey player) (1988) Eric Staal (athlete) (1984) Jared Staal (ice hockey player) (1990) Marc Staal (ice hockey player) (1987) Nanci Chambers (actor) (1963) Bev Oda (politician) (1944) ...",
                    "@title": "Kevin Durand (actor) (1974) Paul Shaffer (musician) (1949) Marie Avgeropoulos (actor) (1986) Vampiro (wrestler) (1967) Jordan Staal (ice hockey player) (1988) Eric Staal (athlete) (1984) Jared Staal (ice hockey player) (1990) Marc Staal (ice hockey player) (1987) Nanci Chambers (actor) (1963) Bev Oda (politician) (1944) ...",
                    "@width": "262",
                    "@height": "209",
                    "@type": "Grid",
                    "@themes": "1,2,3,4,5,6,7,8,9,10,11,12",
                    "@colorinvertable": "true"
                },
                "plaintext": "Kevin Durand (actor) (1974)\nPaul Shaffer (musician) (1949)\nMarie Avgeropoulos (actor) (1986)\nVampiro (wrestler) (1967)\nJordan Staal (ice hockey player) (1988)\nEric Staal (athlete) (1984)\nJared Staal (ice hockey player) (1990)\nMarc Staal (ice hockey player) (1987)\nNanci Chambers (actor) (1963)\nBev Oda (politician) (1944)\n..."
            },
            "expressiontypes": {
                "@count": "1",
                "expressiontype": {
                    "@name": "Default"
                }
            },
            "states": {
                "@count": "3",
                "state": [
                    {
                        "@name": "More",
                        "@input": "NotablePeople:CityData__More"
                    },
                    {
                        "@name": "Show dates",
                        "@input": "NotablePeople:CityData__Show dates"
                    },
                    {
                        "@name": "Show deaths",
                        "@input": "NotablePeople:CityData__Show deaths"
                    }
                ]
            }
        },
        {
            "@title": "Wikipedia page hits history",
            "@scanner": "Data",
            "@id": "PopularityPod:WikipediaStatsData",
            "@position": "1500",
            "@error": "false",
            "@numsubpods": "1",
            "subpod": {
                "@title": "",
                "img": {
                    "@src": "https://www5a.wolframalpha.com/Calculate/MSP/MSP3168160fgc5504fbg27c00006a7i0gh0f5h93212?MSPStoreType=image/gif&s=50",
                    "@alt": "Wikipedia page hits history",
                    "@title": "",
                    "@width": "546",
                    "@height": "166",
                    "@type": "TimeSeriesPlot_1",
                    "@themes": "1,2,3,4,5,6,7,8,9,10,11,12",
                    "@colorinvertable": "true"
                },
                "plaintext": null
            },
            "expressiontypes": {
                "@count": "1",
                "expressiontype": {
                    "@name": "TimeSeriesPlot"
                }
            },
            "states": {
                "@count": "1",
                "state": {
                    "@name": "Log scale",
                    "@input": "PopularityPod:WikipediaStatsData__Log scale"
                }
            }
        }
    ],
    "assumptions": {
        "@count": "1",
        "assumption": {
            "@type": "MultiClash",
            "@word": "",
            "@template": "Assuming ${word1} is referring to ${desc1}. Use \"${word2}\" as ${desc2}.",
            "@count": "2",
            "value": [
                {
                    "@name": "City",
                    "@word": "the input",
                    "@desc": "a city",
                    "@input": "*MC.%7E-_*City-"
                },
                {
                    "@name": "AdministrativeDivision",
                    "@word": "Thunder Bay",
                    "@desc": "an administrative division",
                    "@input": "*MC.%7E-_*AdministrativeDivision-"
                }
            ]
        }
    },
    "userinfoused": {
        "@count": "1",
        "userinfo": {
            "@name": "Country"
        }
    },
    "sources": {
        "@count": "6",
        "source": [
            {
                "@url": "https://www5a.wolframalpha.com/sources/AdministrativeDivisionDataSourceInformationNotes.html",
                "@text": "Administrative division data"
            },
            {
                "@url": "https://www5a.wolframalpha.com/sources/CityDataSourceInformationNotes.html",
                "@text": "City data"
            },
            {
                "@url": "https://www5a.wolframalpha.com/sources/OpenStreetMapSourceInformationNotes.html",
                "@text": "Open street map"
            },
            {
                "@url": "https://www5a.wolframalpha.com/sources/PeopleDataSourceInformationNotes.html",
                "@text": "People data"
            },
            {
                "@url": "https://www5a.wolframalpha.com/sources/USCensusDataSourceInformationNotes.html",
                "@text": "US census data"
            },
            {
                "@url": "https://www5a.wolframalpha.com/sources/WeatherDataSourceInformationNotes.html",
                "@text": "Weather data"
            }
        ]
    }
}