{
    "@success": "true",
    "@error": "false",
    "@numpods": "15",
    "@datatypes": "AdministrativeDivision,City,NuclearReactor,Person,WeatherStation",
    "@timedout": "",
    "@timedoutpods": "",
    "@timing": "6.348",
    "@parsetiming": "0.14300000000000002",
    "@parsetimedout": "false",
    "@recalculate": "",
    "@id": "MSP14421c6eg7ie4ge2fg2c00004007c2905851c052",
    "@host": "https://www5a.wolframalpha.com",
    "@server": "53",
    "@related": "https://www5a.wolframalpha.com/api/v1/relatedQueries.jsp?id=MSPa14431c6eg7ie4ge2fg2c0000493fe9g9921egh964970140347629816757",
    "@version": "2.6",
    "pod": [
        {
            "@title": "Input interpretation",
            "@scanner": "Identity",
            "@id": "Input",
            "@position": "100",
            "@error": "false",
            "@numsubpods": "1",
            "subpod": {
                "@title": "",
                "img": {
                    "@src": "https://www5a.wolframalpha.com/Calculate/MSP/MSP14441c6eg7ie4ge2fg2c000034d8911d7eed70i2?MSPStoreType=image/gif&s=53",
                    "@alt": "Coaticook, Quebec",
                    "@title": "Coaticook, Quebec",
                    "@width": "122",
                    "@height": "18",
                    "@type": "Default",
                    "@themes": "1,2,3,4,5,6,7,8,9,10,11,12",
                    "@colorinvertable": "true"
                },
                "plaintext": "Coaticook, Quebec"
            },
            "expressiontypes": {
                "@count": "1",
                "expressiontype": {
                    "@name": "Default"
                }
            }
        },
        {
            "@title": "Population",
            "@scanner": "Data",
            "@id": "Population:CityData",
            "@position": "200",
            "@error": "false",
            "@numsubpods": "1",
            "@primary": "true",
            "subpod": {
                "@title": "",
                "microsources": {
                    "microsource": [
                        "CityData",
                        "USCensusData"
                    ]
                },
                "img": {
                    "@src": "https://www5a.wolframalpha.com/Calculate/MSP/MSP14451c6eg7ie4ge2fg2c000040a3h5g63f26116g?MSPStoreType=image/gif&s=53",
                    "@alt": "city population | 8955 people (country rank: \u2248276th) (2016 estimate)",
                    "@title": "city population | 8955 people (country rank: \u2248276th) (2016 estimate)",
                    "@width": "461",
                    "@height": "36",
                    "@type": "Grid",
                    "@themes": "1,2,3,4,5,6,7,8,9,10,11,12",
                    "@colorinvertable": "true"
                },
                "plaintext": "city population | 8955 people (country rank: \u2248276th) (2016 estimate)"
            },
            "expressiontypes": {
                "@count": "1",
                "expressiontype": {
                    "@name": "Grid"
                }
            },
            "states": {
                "@count": "1",
                "state": {
                    "@name": "Show history",
                    "@input": "Population:CityData__Show history"
                }
            }
        },
        {
            "@title": "Location",
            "@scanner": "Data",
            "@id": "Location:CityData",
            "@position": "300",
            "@error": "false",
            "@numsubpods": "2",
            "subpod": [
                {
                    "@title": "",
                    "microsources": {
                        "microsource": [
                            "AdministrativeDivisionData",
                            "CityData"
                        ]
                    },
                    "img": {
                        "@src": "https://www5a.wolframalpha.com/Calculate/MSP/MSP14461c6eg7ie4ge2fg2c00003cb1ggheegc7f025?MSPStoreType=image/gif&s=53",
                        "@alt": "Quebec, Canada",
                        "@title": "Quebec, Canada",
                        "@width": "107",
                        "@height": "18",
                        "@type": "Default",
                        "@themes": "1,2,3,4,5,6,7,8,9,10,11,12",
                        "@colorinvertable": "true"
                    },
                    "plaintext": "Quebec, Canada"
                },
                {
                    "@title": "",
                    "microsources": {
                        "microsource": [
                            "AdministrativeDivisionData",
                            "CityData",
                            "CountryData"
                        ]
                    },
                    "datasources": {
                        "datasource": "CIAFactbook"
                    },
                    "img": {
                        "@src": "https://www5a.wolframalpha.com/Calculate/MSP/MSP14471c6eg7ie4ge2fg2c000068d7089644e20d84?MSPStoreType=image/gif&s=53",
                        "@alt": "Location",
                        "@title": "",
                        "@width": "328",
                        "@height": "214",
                        "@type": "Default",
                        "@themes": "1,2,3,4,5,6,7,8,9,10,11,12",
                        "@colorinvertable": "true"
                    },
                    "plaintext": null
                }
            ],
            "expressiontypes": {
                "@count": "2",
                "expressiontype": [
                    {
                        "@name": "Default"
                    },
                    {
                        "@name": "Default"
                    }
                ]
            },
            "states": {
                "@count": "2",
                "state": [
                    {
                        "@name": "World map",
                        "@input": "Location:CityData__World map"
                    },
                    {
                        "@name": "Show coordinates",
                        "@input": "Location:CityData__Show coordinates"
                    }
                ]
            },
            "infos": {
                "@count": "1",
                "info": {
                    "link": {
                        "@url": "http://maps.google.com?ie=UTF8&z=12&t=k&ll=45.13%2C-71.8&q=45.13%20N%2C%2071.8%20W",
                        "@text": "Satellite image"
                    }
                }
            }
        },
        {
            "@title": "Local map",
            "@scanner": "Data",
            "@id": "Map:CityData",
            "@position": "400",
            "@error": "false",
            "@numsubpods": "1",
            "subpod": {
                "@title": "",
                "microsources": {
                    "microsource": [
                        "CityData",
                        "OpenStreetMap"
                    ]
                },
                "img": {
                    "@src": "https://www5a.wolframalpha.com/Calculate/MSP/MSP14481c6eg7ie4ge2fg2c00001c2icae50eaia4c0?MSPStoreType=image/gif&s=53",
                    "@alt": "Local map",
                    "@title": "",
                    "@width": "550",
                    "@height": "278",
                    "@type": "Default",
                    "@themes": "1,2,3,4,5,6,7,8,9,10,11,12",
                    "@colorinvertable": "false"
                },
                "plaintext": null
            },
            "expressiontypes": {
                "@count": "1",
                "expressiontype": {
                    "@name": "Default"
                }
            },
            "states": {
                "@count": "2",
                "statelist": {
                    "@count": "13",
                    "@value": "10 kilometers across",
                    "@delimiters": "",
                    "state": [
                        {
                            "@name": "7 kilometers across",
                            "@input": "Map:CityData__7 kilometers across"
                        },
                        {
                            "@name": "10 kilometers across",
                            "@input": "Map:CityData__10 kilometers across"
                        },
                        {
                            "@name": "30 kilometers across",
                            "@input": "Map:CityData__30 kilometers across"
                        },
                        {
                            "@name": "60 kilometers across",
                            "@input": "Map:CityData__60 kilometers across"
                        },
                        {
                            "@name": "120 kilometers across",
                            "@input": "Map:CityData__120 kilometers across"
                        },
                        {
                            "@name": "240 kilometers across",
                            "@input": "Map:CityData__240 kilometers across"
                        },
                        {
                            "@name": "480 kilometers across",
                            "@input": "Map:CityData__480 kilometers across"
                        },
                        {
                            "@name": "960 kilometers across",
                            "@input": "Map:CityData__960 kilometers across"
                        },
                        {
                            "@name": "1900 kilometers across",
                            "@input": "Map:CityData__1900 kilometers across"
                        },
                        {
                            "@name": "3800 kilometers across",
                            "@input": "Map:CityData__3800 kilometers across"
                        },
                        {
                            "@name": "7400 kilometers across",
                            "@input": "Map:CityData__7400 kilometers across"
                        },
                        {
                            "@name": "12000 kilometers across",
                            "@input": "Map:CityData__12000 kilometers across"
                        },
                        {
                            "@name": "24000 kilometers across",
                            "@input": "Map:CityData__24000 kilometers across"
                        }
                    ]
                },
                "state": {
                    "@name": "Non-metric",
                    "@input": "Map:CityData__Non-metric"
                }
            },
            "infos": {
                "@count": "1",
                "info": {
                    "link": {
                        "@url": "http://maps.google.com?ie=UTF8&z=12&t=k&ll=45.13%2C-71.8&q=45.13%20N%2C%2071.8%20W",
                        "@text": "Satellite image"
                    }
                }
            }
        },
        {
            "@title": "Administrative regions",
            "@scanner": "Data",
            "@id": "AdministrativeRegions:CityData",
            "@position": "500",
            "@error": "false",
            "@numsubpods": "1",
            "subpod": {
                "@title": "",
                "microsources": {
                    "microsource": "CityData"
                },
                "img": {
                    "@src": "https://www5a.wolframalpha.com/Calculate/MSP/MSP14491c6eg7ie4ge2fg2c0000516226df3g6g20ga?MSPStoreType=image/gif&s=53",
                    "@alt": "region | Quebec country | Canada",
                    "@title": "region | Quebec country | Canada",
                    "@width": "150",
                    "@height": "68",
                    "@type": "Grid",
                    "@themes": "1,2,3,4,5,6,7,8,9,10,11,12",
                    "@colorinvertable": "true"
                },
                "plaintext": "region | Quebec\ncountry | Canada"
            },
            "expressiontypes": {
                "@count": "1",
                "expressiontype": {
                    "@name": "Grid"
                }
            }
        },
        {
            "@title": "Current local time",
            "@scanner": "Data",
            "@id": "CurrentTime:CityData",
            "@position": "600",
            "@error": "false",
            "@numsubpods": "1",
            "subpod": {
                "@title": "",
                "microsources": {
                    "microsource": "CityData"
                },
                "img": {
                    "@src": "https://www5a.wolframalpha.com/Calculate/MSP/MSP14501c6eg7ie4ge2fg2c0000559hbdbhh1513hb4?MSPStoreType=image/gif&s=53",
                    "@alt": "11:39 pm EST | Saturday, January 18, 2020",
                    "@title": "11:39 pm EST | Saturday, January 18, 2020",
                    "@width": "301",
                    "@height": "18",
                    "@type": "Grid",
                    "@themes": "1,2,3,4,5,6,7,8,9,10,11,12",
                    "@colorinvertable": "true"
                },
                "plaintext": "11:39 pm EST | Saturday, January 18, 2020"
            },
            "expressiontypes": {
                "@count": "1",
                "expressiontype": {
                    "@name": "Default"
                }
            }
        },
        {
            "@title": "Current weather",
            "@scanner": "Data",
            "@id": "WeatherPod:CityData",
            "@position": "700",
            "@error": "false",
            "@numsubpods": "1",
            "subpod": {
                "@title": "",
                "microsources": {
                    "microsource": [
                        "CityData",
                        "WeatherData"
                    ]
                },
                "img": {
                    "@src": "https://www5a.wolframalpha.com/Calculate/MSP/MSP14511c6eg7ie4ge2fg2c00002fbhih637cbg2907?MSPStoreType=image/gif&s=53",
                    "@alt": "-9 \u00b0C (wind chill: -15 \u00b0C) | relative humidity: 89% | wind: 3 m/s",
                    "@title": "-9 \u00b0C (wind chill: -15 \u00b0C) | relative humidity: 89% | wind: 3 m/s",
                    "@width": "440",
                    "@height": "22",
                    "@type": "Grid",
                    "@themes": "1,2,3,4,5,6,7,8,9,10,11,12",
                    "@colorinvertable": "true"
                },
                "plaintext": "-9 \u00b0C (wind chill: -15 \u00b0C) | relative humidity: 89% | wind: 3 m/s"
            },
            "expressiontypes": {
                "@count": "1",
                "expressiontype": {
                    "@name": "Grid"
                }
            },
            "states": {
                "@count": "2",
                "state": [
                    {
                        "@name": "Show history",
                        "@input": "WeatherPod:CityData__Show history"
                    },
                    {
                        "@name": "Show non-metric",
                        "@input": "WeatherPod:CityData__Show non-metric"
                    }
                ]
            }
        },
        {
            "@title": "Nearby cities",
            "@scanner": "Data",
            "@id": "CityHierarchyInfo:CityData",
            "@position": "800",
            "@error": "false",
            "@numsubpods": "1",
            "subpod": {
                "@title": "",
                "microsources": {
                    "microsource": "CityData"
                },
                "img": {
                    "@src": "https://www5a.wolframalpha.com/Calculate/MSP/MSP14521c6eg7ie4ge2fg2c00001c17f2g8g0f090gf?MSPStoreType=image/gif&s=53",
                    "@alt": "Sherbrooke, Quebec | 31 km (kilometers) north-northwest | 154601 people Montreal, Quebec | 145 km (kilometers) west-northwest | 1.65 million people Quebec City, Quebec | 193 km (kilometers) north-northeast | 516622 people (straight-line distances between city centers)",
                    "@title": "Sherbrooke, Quebec | 31 km (kilometers) north-northwest | 154601 people Montreal, Quebec | 145 km (kilometers) west-northwest | 1.65 million people Quebec City, Quebec | 193 km (kilometers) north-northeast | 516622 people (straight-line distances between city centers)",
                    "@width": "546",
                    "@height": "176",
                    "@type": "Grid",
                    "@themes": "1,2,3,4,5,6,7,8,9,10,11,12",
                    "@colorinvertable": "true"
                },
                "plaintext": "Sherbrooke, Quebec | 31 km (kilometers) north-northwest | 154601 people\nMontreal, Quebec | 145 km (kilometers) west-northwest | 1.65 million people\nQuebec City, Quebec | 193 km (kilometers) north-northeast | 516622 people\n(straight-line distances between city centers)"
            },
            "expressiontypes": {
                "@count": "1",
                "expressiontype": {
                    "@name": "Grid"
                }
            },
            "states": {
                "@count": "2",
                "state": [
                    {
                        "@name": "Show non-metric",
                        "@input": "CityHierarchyInfo:CityData__Show non-metric"
                    },
                    {
                        "@name": "More",
                        "@input": "CityHierarchyInfo:CityData__More"
                    }
                ]
            }
        },
        {
            "@title": "Nearby airports",
            "@scanner": "Data",
            "@id": "AirportHierarchyInfo:CityData",
            "@position": "900",
            "@error": "false",
            "@numsubpods": "1",
            "subpod": {
                "@title": "",
                "microsources": {
                    "microsource": "CityData"
                },
                "img": {
                    "@src": "https://www5a.wolframalpha.com/Calculate/MSP/MSP14531c6eg7ie4ge2fg2c0000694hg7c2f77a839f?MSPStoreType=image/gif&s=53",
                    "@alt": "Sherbrooke Airport | 35 km (kilometers) north-northeast Newport State Airport | 43 km (kilometers) southwest Valcourt Airport | 56 km (kilometers) northwest Bromont Airport | 76 km (kilometers) west-northwest Berlin Municipal Airport | 79 km (kilometers) southeast (straight-line distances between city center and airport)",
                    "@title": "Sherbrooke Airport | 35 km (kilometers) north-northeast Newport State Airport | 43 km (kilometers) southwest Valcourt Airport | 56 km (kilometers) northwest Bromont Airport | 76 km (kilometers) west-northwest Berlin Municipal Airport | 79 km (kilometers) southeast (straight-line distances between city center and airport)",
                    "@width": "437",
                    "@height": "170",
                    "@type": "Grid",
                    "@themes": "1,2,3,4,5,6,7,8,9,10,11,12",
                    "@colorinvertable": "true"
                },
                "plaintext": "Sherbrooke Airport | 35 km (kilometers) north-northeast\nNewport State Airport | 43 km (kilometers) southwest\nValcourt Airport | 56 km (kilometers) northwest\nBromont Airport | 76 km (kilometers) west-northwest\nBerlin Municipal Airport | 79 km (kilometers) southeast\n(straight-line distances between city center and airport)"
            },
            "expressiontypes": {
                "@count": "1",
                "expressiontype": {
                    "@name": "Grid"
                }
            },
            "states": {
                "@count": "2",
                "state": [
                    {
                        "@name": "Show non-metric",
                        "@input": "AirportHierarchyInfo:CityData__Show non-metric"
                    },
                    {
                        "@name": "More",
                        "@input": "AirportHierarchyInfo:CityData__More"
                    }
                ]
            }
        },
        {
            "@title": "Nearby hospitals",
            "@scanner": "Data",
            "@id": "HospitalHierarchyInfo:CityData",
            "@position": "1000",
            "@error": "false",
            "@numsubpods": "1",
            "subpod": {
                "@title": "",
                "microsources": {
                    "microsource": "CityData"
                },
                "img": {
                    "@src": "https://www5a.wolframalpha.com/Calculate/MSP/MSP14541c6eg7ie4ge2fg2c00005b5fg3eacge9h583?MSPStoreType=image/gif&s=53",
                    "@alt": "Upper Connecticut Valley Hospital | 36 km (kilometers) southeast North Country Hospital | 37 km (kilometers) west-southwest Weeks Medical Center | 74 km (kilometers) south-southeast Northeastern Vermont Regional Hospital | 78 km (kilometers) south-southwest (straight-line distances between city center and hospital)",
                    "@title": "Upper Connecticut Valley Hospital | 36 km (kilometers) southeast North Country Hospital | 37 km (kilometers) west-southwest Weeks Medical Center | 74 km (kilometers) south-southeast Northeastern Vermont Regional Hospital | 78 km (kilometers) south-southwest (straight-line distances between city center and hospital)",
                    "@width": "546",
                    "@height": "162",
                    "@type": "Grid",
                    "@themes": "1,2,3,4,5,6,7,8,9,10,11,12",
                    "@colorinvertable": "true"
                },
                "plaintext": "Upper Connecticut Valley Hospital | 36 km (kilometers) southeast\nNorth Country Hospital | 37 km (kilometers) west-southwest\nWeeks Medical Center | 74 km (kilometers) south-southeast\nNortheastern Vermont Regional Hospital | 78 km (kilometers) south-southwest\n(straight-line distances between city center and hospital)"
            },
            "expressiontypes": {
                "@count": "1",
                "expressiontype": {
                    "@name": "Grid"
                }
            },
            "states": {
                "@count": "1",
                "state": {
                    "@name": "Show non-metric",
                    "@input": "HospitalHierarchyInfo:CityData__Show non-metric"
                }
            }
        },
        {
            "@title": "Geographic properties",
            "@scanner": "Data",
            "@id": "GeographicProperties:CityData",
            "@position": "1100",
            "@error": "false",
            "@numsubpods": "1",
            "subpod": {
                "@title": "",
                "microsources": {
                    "microsource": "CityData"
                },
                "img": {
                    "@src": "https://www5a.wolframalpha.com/Calculate/MSP/MSP14551c6eg7ie4ge2fg2c00003a80ib4bhcigfhcc?MSPStoreType=image/gif&s=53",
                    "@alt": "elevation | 298 m",
                    "@title": "elevation | 298 m",
                    "@width": "147",
                    "@height": "36",
                    "@type": "Grid",
                    "@themes": "1,2,3,4,5,6,7,8,9,10,11,12",
                    "@colorinvertable": "true"
                },
                "plaintext": "elevation | 298 m"
            },
            "expressiontypes": {
                "@count": "1",
                "expressiontype": {
                    "@name": "Grid"
                }
            },
            "states": {
                "@count": "1",
                "state": {
                    "@name": "Show non-metric",
                    "@input": "GeographicProperties:CityData__Show non-metric"
                }
            },
            "infos": {
                "@count": "1",
                "info": {
                    "units": {
                        "@count": "1",
                        "unit": {
                            "@short": "m",
                            "@long": "meters"
                        },
                        "img": {
                            "@src": "https://www5a.wolframalpha.com/Calculate/MSP/MSP14561c6eg7ie4ge2fg2c0000105ff43586b176ca?MSPStoreType=image/gif&s=53",
                            "@width": "96",
                            "@height": "26"
                        }
                    }
                }
            }
        },
        {
            "@title": "Nearby features",
            "@scanner": "Data",
            "@id": "FeaturesHierarchyInfo:CityData",
            "@position": "1200",
            "@error": "false",
            "@numsubpods": "1",
            "subpod": {
                "@title": "",
                "microsources": {
                    "microsource": [
                        "CityData",
                        "NuclearReactorData"
                    ]
                },
                "datasources": {
                    "datasource": "IAEAPowerReactorInformationSystem"
                },
                "img": {
                    "@src": "https://www5a.wolframalpha.com/Calculate/MSP/MSP14571c6eg7ie4ge2fg2c000013e96a3c98abi5f3?MSPStoreType=image/gif&s=53",
                    "@alt": "waterfall | Giant Falls (107 meters) | 95 km (kilometers) southeast mountain | Mount Madison (1636 meters) | 98 km (kilometers) south-southeast mountain | Mount Washington (1917 meters) | 103 km (kilometers) south-southeast waterfall | Nancy Cascades (122 meters) | 117 km (kilometers) south-southeast nuclear power site | Gentilly | 147 km (kilometers) north-northwest (straight-line distances between city center and feature coordinates)",
                    "@title": "waterfall | Giant Falls (107 meters) | 95 km (kilometers) southeast mountain | Mount Madison (1636 meters) | 98 km (kilometers) south-southeast mountain | Mount Washington (1917 meters) | 103 km (kilometers) south-southeast waterfall | Nancy Cascades (122 meters) | 117 km (kilometers) south-southeast nuclear power site | Gentilly | 147 km (kilometers) north-northwest (straight-line distances between city center and feature coordinates)",
                    "@width": "545",
                    "@height": "274",
                    "@type": "Grid",
                    "@themes": "1,2,3,4,5,6,7,8,9,10,11,12",
                    "@colorinvertable": "true"
                },
                "plaintext": "waterfall | Giant Falls (107 meters) | 95 km (kilometers) southeast\nmountain | Mount Madison (1636 meters) | 98 km (kilometers) south-southeast\nmountain | Mount Washington (1917 meters) | 103 km (kilometers) south-southeast\nwaterfall | Nancy Cascades (122 meters) | 117 km (kilometers) south-southeast\nnuclear power site | Gentilly | 147 km (kilometers) north-northwest\n(straight-line distances between city center and feature coordinates)"
            },
            "expressiontypes": {
                "@count": "1",
                "expressiontype": {
                    "@name": "Grid"
                }
            },
            "states": {
                "@count": "2",
                "state": [
                    {
                        "@name": "Show non-metric",
                        "@input": "FeaturesHierarchyInfo:CityData__Show non-metric"
                    },
                    {
                        "@name": "More",
                        "@input": "FeaturesHierarchyInfo:CityData__More"
                    }
                ]
            }
        },
        {
            "@title": "Nearest sea",
            "@scanner": "Data",
            "@id": "OceansHierarchyInfo:CityData",
            "@position": "1300",
            "@error": "false",
            "@numsubpods": "1",
            "subpod": {
                "@title": "",
                "microsources": {
                    "microsource": "CityData"
                },
                "img": {
                    "@src": "https://www5a.wolframalpha.com/Calculate/MSP/MSP14581c6eg7ie4ge2fg2c00005h13icf6fc91hi48?MSPStoreType=image/gif&s=53",
                    "@alt": "Gulf of Saint Lawrence (183 km (kilometers) north-northeast)  (straight-line distance between city center and shore)",
                    "@title": "Gulf of Saint Lawrence (183 km (kilometers) north-northeast)  (straight-line distance between city center and shore)",
                    "@width": "405",
                    "@height": "41",
                    "@type": "Default",
                    "@themes": "1,2,3,4,5,6,7,8,9,10,11,12",
                    "@colorinvertable": "true"
                },
                "plaintext": "Gulf of Saint Lawrence (183 km (kilometers) north-northeast) \n(straight-line distance between city center and shore)"
            },
            "expressiontypes": {
                "@count": "1",
                "expressiontype": {
                    "@name": "Default"
                }
            },
            "states": {
                "@count": "3",
                "state": [
                    {
                        "@name": "Show map",
                        "@input": "OceansHierarchyInfo:CityData__Show map"
                    },
                    {
                        "@name": "Show non-metric",
                        "@input": "OceansHierarchyInfo:CityData__Show non-metric"
                    },
                    {
                        "@name": "More",
                        "@input": "OceansHierarchyInfo:CityData__More"
                    }
                ]
            }
        },
        {
            "@title": "Notable people born in Coaticook",
            "@scanner": "Data",
            "@id": "NotablePeople:CityData",
            "@position": "1400",
            "@error": "false",
            "@numsubpods": "1",
            "subpod": {
                "@title": "",
                "microsources": {
                    "microsource": [
                        "CityData",
                        "PeopleData"
                    ]
                },
                "img": {
                    "@src": "https://www5a.wolframalpha.com/Calculate/MSP/MSP14591c6eg7ie4ge2fg2c000055f9iieehcegb55h?MSPStoreType=image/gif&s=53",
                    "@alt": "Jos\u00e9e B\u00e9langer (soccer player) (1986)",
                    "@title": "Jos\u00e9e B\u00e9langer (soccer player) (1986)",
                    "@width": "247",
                    "@height": "18",
                    "@type": "Default",
                    "@themes": "1,2,3,4,5,6,7,8,9,10,11,12",
                    "@colorinvertable": "true"
                },
                "plaintext": "Jos\u00e9e B\u00e9langer (soccer player) (1986)"
            },
            "expressiontypes": {
                "@count": "1",
                "expressiontype": {
                    "@name": "Default"
                }
            },
            "states": {
                "@count": "2",
                "state": [
                    {
                        "@name": "Show dates",
                        "@input": "NotablePeople:CityData__Show dates"
                    },
                    {
                        "@name": "Show deaths",
                        "@input": "NotablePeople:CityData__Show deaths"
                    }
                ]
            }
        },
        {
            "@title": "Wikipedia page hits history",
            "@scanner": "Data",
            "@id": "PopularityPod:WikipediaStatsData",
            "@position": "1500",
            "@error": "false",
            "@numsubpods": "1",
            "subpod": {
                "@title": "",
                "img": {
                    "@src": "https://www5a.wolframalpha.com/Calculate/MSP/MSP14601c6eg7ie4ge2fg2c00003d481c5eiab5ahg5?MSPStoreType=image/gif&s=53",
                    "@alt": "Wikipedia page hits history",
                    "@title": "",
                    "@width": "546",
                    "@height": "168",
                    "@type": "TimeSeriesPlot_1",
                    "@themes": "1,2,3,4,5,6,7,8,9,10,11,12",
                    "@colorinvertable": "true"
                },
                "plaintext": null
            },
            "expressiontypes": {
                "@count": "1",
                "expressiontype": {
                    "@name": "TimeSeriesPlot"
                }
            },
            "states": {
                "@count": "1",
                "state": {
                    "@name": "Log scale",
                    "@input": "PopularityPod:WikipediaStatsData__Log scale"
                }
            }
        }
    ],
    "assumptions": {
        "@count": "1",
        "assumption": {
            "@type": "Clash",
            "@word": "Coaticook",
            "@template": "Assuming \"${word}\" is ${desc1}. Use as ${desc2} instead",
            "@count": "2",
            "value": [
                {
                    "@name": "City",
                    "@desc": "a city",
                    "@input": "*C.Coaticook-_*City-"
                },
                {
                    "@name": "AdministrativeDivision",
                    "@desc": "an administrative division",
                    "@input": "*C.Coaticook-_*AdministrativeDivision-"
                }
            ]
        }
    },
    "userinfoused": {
        "@count": "1",
        "userinfo": {
            "@name": "Country"
        }
    },
    "sources": {
        "@count": "7",
        "source": [
            {
                "@url": "https://www5a.wolframalpha.com/sources/AdministrativeDivisionDataSourceInformationNotes.html",
                "@text": "Administrative division data"
            },
            {
                "@url": "https://www5a.wolframalpha.com/sources/CityDataSourceInformationNotes.html",
                "@text": "City data"
            },
            {
                "@url": "https://www5a.wolframalpha.com/sources/NuclearReactorDataSourceInformationNotes.html",
                "@text": "Nuclear reactor data"
            },
            {
                "@url": "https://www5a.wolframalpha.com/sources/OpenStreetMapSourceInformationNotes.html",
                "@text": "Open street map"
            },
            {
                "@url": "https://www5a.wolframalpha.com/sources/PeopleDataSourceInformationNotes.html",
                "@text": "People data"
            },
            {
                "@url": "https://www5a.wolframalpha.com/sources/USCensusDataSourceInformationNotes.html",
                "@text": "US census data"
            },
            {
                "@url": "https://www5a.wolframalpha.com/sources/WeatherDataSourceInformationNotes.html",
                "@text": "Weather data"
            }
        ]
    }
}