{
    "@success": "true",
    "@error": "false",
    "@numpods": "10",
    "@datatypes": "AdministrativeDivision,City,WeatherStation",
    "@timedout": "Data,Character",
    "@timedoutpods": "",
    "@timing": "7.648000000000001",
    "@parsetiming": "0.129",
    "@parsetimedout": "false",
    "@recalculate": "https://www5a.wolframalpha.com/api/v1/recalc.jsp?id=MSPa3070239g1iha6fcah85a000043dc8c20hfd0e56g5802790122383609046",
    "@id": "MSP3071239g1iha6fcah85a00004i42925f53ah4a60",
    "@host": "https://www5a.wolframalpha.com",
    "@server": "54",
    "@related": "https://www5a.wolframalpha.com/api/v1/relatedQueries.jsp?id=MSPa3072239g1iha6fcah85a000039gh6650b3016b255802790122383609046",
    "@version": "2.6",
    "pod": [
        {
            "@title": "Input interpretation",
            "@scanner": "Identity",
            "@id": "Input",
            "@position": "100",
            "@error": "false",
            "@numsubpods": "1",
            "subpod": {
                "@title": "",
                "img": {
                    "@src": "https://www5a.wolframalpha.com/Calculate/MSP/MSP3073239g1iha6fcah85a00005d4e9fec389gf3he?MSPStoreType=image/gif&s=54",
                    "@alt": "Dieppe, New Brunswick",
                    "@title": "Dieppe, New Brunswick",
                    "@width": "157",
                    "@height": "18",
                    "@type": "Default",
                    "@themes": "1,2,3,4,5,6,7,8,9,10,11,12",
                    "@colorinvertable": "true"
                },
                "plaintext": "Dieppe, New Brunswick"
            },
            "expressiontypes": {
                "@count": "1",
                "expressiontype": {
                    "@name": "Default"
                }
            }
        },
        {
            "@title": "Population",
            "@scanner": "Data",
            "@id": "Population:CityData",
            "@position": "200",
            "@error": "false",
            "@numsubpods": "1",
            "@primary": "true",
            "subpod": {
                "@title": "",
                "microsources": {
                    "microsource": [
                        "CityData",
                        "USCensusData"
                    ]
                },
                "img": {
                    "@src": "https://www5a.wolframalpha.com/Calculate/MSP/MSP3074239g1iha6fcah85a00001i44ad0b38667g9h?MSPStoreType=image/gif&s=54",
                    "@alt": "city population | 23310 people (country rank: \u2248141st) (2011 estimate)",
                    "@title": "city population | 23310 people (country rank: \u2248141st) (2011 estimate)",
                    "@width": "470",
                    "@height": "36",
                    "@type": "Grid",
                    "@themes": "1,2,3,4,5,6,7,8,9,10,11,12",
                    "@colorinvertable": "true"
                },
                "plaintext": "city population | 23310 people (country rank: \u2248141st) (2011 estimate)"
            },
            "expressiontypes": {
                "@count": "1",
                "expressiontype": {
                    "@name": "Grid"
                }
            },
            "states": {
                "@count": "1",
                "state": {
                    "@name": "Show history",
                    "@input": "Population:CityData__Show history"
                }
            }
        },
        {
            "@title": "Location",
            "@scanner": "Data",
            "@id": "Location:CityData",
            "@position": "300",
            "@error": "false",
            "@numsubpods": "2",
            "subpod": [
                {
                    "@title": "",
                    "microsources": {
                        "microsource": [
                            "AdministrativeDivisionData",
                            "CityData"
                        ]
                    },
                    "img": {
                        "@src": "https://www5a.wolframalpha.com/Calculate/MSP/MSP3075239g1iha6fcah85a000060a14iia2bi23b21?MSPStoreType=image/gif&s=54",
                        "@alt": "New Brunswick, Canada",
                        "@title": "New Brunswick, Canada",
                        "@width": "163",
                        "@height": "18",
                        "@type": "Default",
                        "@themes": "1,2,3,4,5,6,7,8,9,10,11,12",
                        "@colorinvertable": "true"
                    },
                    "plaintext": "New Brunswick, Canada"
                },
                {
                    "@title": "",
                    "microsources": {
                        "microsource": [
                            "AdministrativeDivisionData",
                            "CityData",
                            "CountryData"
                        ]
                    },
                    "datasources": {
                        "datasource": "CIAFactbook"
                    },
                    "img": {
                        "@src": "https://www5a.wolframalpha.com/Calculate/MSP/MSP3076239g1iha6fcah85a00004fbc8hf1bf40ebg9?MSPStoreType=image/gif&s=54",
                        "@alt": "Location",
                        "@title": "",
                        "@width": "328",
                        "@height": "214",
                        "@type": "Default",
                        "@themes": "1,2,3,4,5,6,7,8,9,10,11,12",
                        "@colorinvertable": "true"
                    },
                    "plaintext": null
                }
            ],
            "expressiontypes": {
                "@count": "2",
                "expressiontype": [
                    {
                        "@name": "Default"
                    },
                    {
                        "@name": "Default"
                    }
                ]
            },
            "states": {
                "@count": "2",
                "state": [
                    {
                        "@name": "World map",
                        "@input": "Location:CityData__World map"
                    },
                    {
                        "@name": "Show coordinates",
                        "@input": "Location:CityData__Show coordinates"
                    }
                ]
            },
            "infos": {
                "@count": "1",
                "info": {
                    "link": {
                        "@url": "http://maps.google.com?ie=UTF8&z=12&t=k&ll=46.1%2C-64.75&q=46.1%20N%2C%2064.75%20W",
                        "@text": "Satellite image"
                    }
                }
            }
        },
        {
            "@title": "Local map",
            "@scanner": "Data",
            "@id": "Map:CityData",
            "@position": "400",
            "@error": "false",
            "@numsubpods": "1",
            "subpod": {
                "@title": "",
                "microsources": {
                    "microsource": [
                        "CityData",
                        "OpenStreetMap"
                    ]
                },
                "img": {
                    "@src": "https://www5a.wolframalpha.com/Calculate/MSP/MSP3077239g1iha6fcah85a00003638bfg5hc6f492c?MSPStoreType=image/gif&s=54",
                    "@alt": "Local map",
                    "@title": "",
                    "@width": "550",
                    "@height": "278",
                    "@type": "Default",
                    "@themes": "1,2,3,4,5,6,7,8,9,10,11,12",
                    "@colorinvertable": "false"
                },
                "plaintext": null
            },
            "expressiontypes": {
                "@count": "1",
                "expressiontype": {
                    "@name": "Default"
                }
            },
            "states": {
                "@count": "2",
                "statelist": {
                    "@count": "13",
                    "@value": "10 kilometers across",
                    "@delimiters": "",
                    "state": [
                        {
                            "@name": "7 kilometers across",
                            "@input": "Map:CityData__7 kilometers across"
                        },
                        {
                            "@name": "10 kilometers across",
                            "@input": "Map:CityData__10 kilometers across"
                        },
                        {
                            "@name": "30 kilometers across",
                            "@input": "Map:CityData__30 kilometers across"
                        },
                        {
                            "@name": "60 kilometers across",
                            "@input": "Map:CityData__60 kilometers across"
                        },
                        {
                            "@name": "120 kilometers across",
                            "@input": "Map:CityData__120 kilometers across"
                        },
                        {
                            "@name": "240 kilometers across",
                            "@input": "Map:CityData__240 kilometers across"
                        },
                        {
                            "@name": "470 kilometers across",
                            "@input": "Map:CityData__470 kilometers across"
                        },
                        {
                            "@name": "940 kilometers across",
                            "@input": "Map:CityData__940 kilometers across"
                        },
                        {
                            "@name": "1900 kilometers across",
                            "@input": "Map:CityData__1900 kilometers across"
                        },
                        {
                            "@name": "3700 kilometers across",
                            "@input": "Map:CityData__3700 kilometers across"
                        },
                        {
                            "@name": "7300 kilometers across",
                            "@input": "Map:CityData__7300 kilometers across"
                        },
                        {
                            "@name": "12000 kilometers across",
                            "@input": "Map:CityData__12000 kilometers across"
                        },
                        {
                            "@name": "23000 kilometers across",
                            "@input": "Map:CityData__23000 kilometers across"
                        }
                    ]
                },
                "state": {
                    "@name": "Non-metric",
                    "@input": "Map:CityData__Non-metric"
                }
            },
            "infos": {
                "@count": "1",
                "info": {
                    "link": {
                        "@url": "http://maps.google.com?ie=UTF8&z=12&t=k&ll=46.1%2C-64.75&q=46.1%20N%2C%2064.75%20W",
                        "@text": "Satellite image"
                    }
                }
            }
        },
        {
            "@title": "Administrative regions",
            "@scanner": "Data",
            "@id": "AdministrativeRegions:CityData",
            "@position": "500",
            "@error": "false",
            "@numsubpods": "1",
            "subpod": {
                "@title": "",
                "microsources": {
                    "microsource": "CityData"
                },
                "img": {
                    "@src": "https://www5a.wolframalpha.com/Calculate/MSP/MSP3078239g1iha6fcah85a000030biiah8a0fhb66f?MSPStoreType=image/gif&s=54",
                    "@alt": "region | New Brunswick country | Canada",
                    "@title": "region | New Brunswick country | Canada",
                    "@width": "205",
                    "@height": "68",
                    "@type": "Grid",
                    "@themes": "1,2,3,4,5,6,7,8,9,10,11,12",
                    "@colorinvertable": "true"
                },
                "plaintext": "region | New Brunswick\ncountry | Canada"
            },
            "expressiontypes": {
                "@count": "1",
                "expressiontype": {
                    "@name": "Grid"
                }
            }
        },
        {
            "@title": "Current local time",
            "@scanner": "Data",
            "@id": "CurrentTime:CityData",
            "@position": "600",
            "@error": "false",
            "@numsubpods": "1",
            "subpod": {
                "@title": "",
                "microsources": {
                    "microsource": "CityData"
                },
                "img": {
                    "@src": "https://www5a.wolframalpha.com/Calculate/MSP/MSP3079239g1iha6fcah85a00002932961a01ge6hg2?MSPStoreType=image/gif&s=54",
                    "@alt": "12:40 am AST | Sunday, January 19, 2020",
                    "@title": "12:40 am AST | Sunday, January 19, 2020",
                    "@width": "291",
                    "@height": "18",
                    "@type": "Grid",
                    "@themes": "1,2,3,4,5,6,7,8,9,10,11,12",
                    "@colorinvertable": "true"
                },
                "plaintext": "12:40 am AST | Sunday, January 19, 2020"
            },
            "expressiontypes": {
                "@count": "1",
                "expressiontype": {
                    "@name": "Default"
                }
            }
        },
        {
            "@title": "Current weather",
            "@scanner": "Data",
            "@id": "WeatherPod:CityData",
            "@position": "700",
            "@error": "false",
            "@numsubpods": "1",
            "subpod": {
                "@title": "",
                "microsources": {
                    "microsource": [
                        "CityData",
                        "WeatherData"
                    ]
                },
                "img": {
                    "@src": "https://www5a.wolframalpha.com/Calculate/MSP/MSP3080239g1iha6fcah85a000050f23aci2g4bb49e?MSPStoreType=image/gif&s=54",
                    "@alt": "-16 \u00b0C (wind chill: -22 \u00b0C) | relative humidity: 78% | wind: 3 m/s | cloudy",
                    "@title": "-16 \u00b0C (wind chill: -22 \u00b0C) | relative humidity: 78% | wind: 3 m/s | cloudy",
                    "@width": "517",
                    "@height": "22",
                    "@type": "Grid",
                    "@themes": "1,2,3,4,5,6,7,8,9,10,11,12",
                    "@colorinvertable": "true"
                },
                "plaintext": "-16 \u00b0C (wind chill: -22 \u00b0C) | relative humidity: 78% | wind: 3 m/s | cloudy"
            },
            "expressiontypes": {
                "@count": "1",
                "expressiontype": {
                    "@name": "Grid"
                }
            },
            "states": {
                "@count": "2",
                "state": [
                    {
                        "@name": "Show history",
                        "@input": "WeatherPod:CityData__Show history"
                    },
                    {
                        "@name": "Show non-metric",
                        "@input": "WeatherPod:CityData__Show non-metric"
                    }
                ]
            }
        },
        {
            "@title": "Nearby cities",
            "@scanner": "Data",
            "@id": "CityHierarchyInfo:CityData",
            "@position": "800",
            "@error": "false",
            "@numsubpods": "1",
            "subpod": {
                "@title": "",
                "microsources": {
                    "microsource": "CityData"
                },
                "img": {
                    "@src": "https://www5a.wolframalpha.com/Calculate/MSP/MSP3081239g1iha6fcah85a000040ia344di73ddcca?MSPStoreType=image/gif&s=54",
                    "@alt": "Moncton, New Brunswick | 3 km (kilometers) west-southwest | 69074 people Shediac, New Brunswick | 22 km (kilometers) northeast | 5555 people Halifax, Nova Scotia | 182 km (kilometers) south-southeast | 297943 people (straight-line distances between city centers)",
                    "@title": "Moncton, New Brunswick | 3 km (kilometers) west-southwest | 69074 people Shediac, New Brunswick | 22 km (kilometers) northeast | 5555 people Halifax, Nova Scotia | 182 km (kilometers) south-southeast | 297943 people (straight-line distances between city centers)",
                    "@width": "546",
                    "@height": "156",
                    "@type": "Grid",
                    "@themes": "1,2,3,4,5,6,7,8,9,10,11,12",
                    "@colorinvertable": "true"
                },
                "plaintext": "Moncton, New Brunswick | 3 km (kilometers) west-southwest | 69074 people\nShediac, New Brunswick | 22 km (kilometers) northeast | 5555 people\nHalifax, Nova Scotia | 182 km (kilometers) south-southeast | 297943 people\n(straight-line distances between city centers)"
            },
            "expressiontypes": {
                "@count": "1",
                "expressiontype": {
                    "@name": "Grid"
                }
            },
            "states": {
                "@count": "2",
                "state": [
                    {
                        "@name": "Show non-metric",
                        "@input": "CityHierarchyInfo:CityData__Show non-metric"
                    },
                    {
                        "@name": "More",
                        "@input": "CityHierarchyInfo:CityData__More"
                    }
                ]
            }
        },
        {
            "@title": "Nearby airport",
            "@scanner": "Data",
            "@id": "AirportHierarchyInfo:CityData",
            "@position": "900",
            "@error": "false",
            "@numsubpods": "1",
            "subpod": {
                "@title": "",
                "microsources": {
                    "microsource": "CityData"
                },
                "img": {
                    "@src": "https://www5a.wolframalpha.com/Calculate/MSP/MSP3082239g1iha6fcah85a0000481142i91093d5de?MSPStoreType=image/gif&s=54",
                    "@alt": "Moncton Airport | 6 km (kilometers) east-northeast (straight-line distances between city center and airport)",
                    "@title": "Moncton Airport | 6 km (kilometers) east-northeast (straight-line distances between city center and airport)",
                    "@width": "367",
                    "@height": "58",
                    "@type": "Grid",
                    "@themes": "1,2,3,4,5,6,7,8,9,10,11,12",
                    "@colorinvertable": "true"
                },
                "plaintext": "Moncton Airport | 6 km (kilometers) east-northeast\n(straight-line distances between city center and airport)"
            },
            "expressiontypes": {
                "@count": "1",
                "expressiontype": {
                    "@name": "Grid"
                }
            },
            "states": {
                "@count": "2",
                "state": [
                    {
                        "@name": "Show non-metric",
                        "@input": "AirportHierarchyInfo:CityData__Show non-metric"
                    },
                    {
                        "@name": "More",
                        "@input": "AirportHierarchyInfo:CityData__More"
                    }
                ]
            }
        },
        {
            "@title": "Nearest sea",
            "@scanner": "Data",
            "@id": "OceansHierarchyInfo:CityData",
            "@position": "1000",
            "@error": "false",
            "@numsubpods": "1",
            "subpod": {
                "@title": "",
                "microsources": {
                    "microsource": "CityData"
                },
                "img": {
                    "@src": "https://www5a.wolframalpha.com/Calculate/MSP/MSP3083239g1iha6fcah85a00006511iae4bfgh758a?MSPStoreType=image/gif&s=54",
                    "@alt": "Bay of Fundy (<5 km (kilometers))  (straight-line distance between city center and shore)",
                    "@title": "Bay of Fundy (<5 km (kilometers))  (straight-line distance between city center and shore)",
                    "@width": "301",
                    "@height": "41",
                    "@type": "Default",
                    "@themes": "1,2,3,4,5,6,7,8,9,10,11,12",
                    "@colorinvertable": "true"
                },
                "plaintext": "Bay of Fundy (<5 km (kilometers)) \n(straight-line distance between city center and shore)"
            },
            "expressiontypes": {
                "@count": "1",
                "expressiontype": {
                    "@name": "Default"
                }
            },
            "states": {
                "@count": "2",
                "state": [
                    {
                        "@name": "Show non-metric",
                        "@input": "OceansHierarchyInfo:CityData__Show non-metric"
                    },
                    {
                        "@name": "More",
                        "@input": "OceansHierarchyInfo:CityData__More"
                    }
                ]
            }
        }
    ],
    "assumptions": {
        "@count": "2",
        "assumption": [
            {
                "@type": "Clash",
                "@word": "Dieppe",
                "@template": "Assuming \"${word}\" is ${desc1}. Use as ${desc2} instead",
                "@count": "2",
                "value": [
                    {
                        "@name": "City",
                        "@desc": "a city",
                        "@input": "*C.Dieppe-_*City-"
                    },
                    {
                        "@name": "AdministrativeDivision",
                        "@desc": "an administrative division",
                        "@input": "*C.Dieppe-_*AdministrativeDivision-"
                    }
                ]
            },
            {
                "@type": "SubCategory",
                "@word": "Dieppe",
                "@template": "Assuming ${desc1}. Use ${desc2} instead",
                "@count": "2",
                "value": [
                    {
                        "@name": "{Dieppe, NewBrunswick, Canada}",
                        "@desc": "Dieppe (Canada)",
                        "@input": "*DPClash.CityE.Dieppe-_**Dieppe.NewBrunswick.Canada--"
                    },
                    {
                        "@name": "{Dieppe, HauteNormandie, France}",
                        "@desc": "Dieppe (France)",
                        "@input": "*DPClash.CityE.Dieppe-_**Dieppe.HauteNormandie.France--"
                    }
                ]
            }
        ]
    },
    "userinfoused": {
        "@count": "1",
        "userinfo": {
            "@name": "Country"
        }
    },
    "sources": {
        "@count": "5",
        "source": [
            {
                "@url": "https://www5a.wolframalpha.com/sources/AdministrativeDivisionDataSourceInformationNotes.html",
                "@text": "Administrative division data"
            },
            {
                "@url": "https://www5a.wolframalpha.com/sources/CityDataSourceInformationNotes.html",
                "@text": "City data"
            },
            {
                "@url": "https://www5a.wolframalpha.com/sources/OpenStreetMapSourceInformationNotes.html",
                "@text": "Open street map"
            },
            {
                "@url": "https://www5a.wolframalpha.com/sources/USCensusDataSourceInformationNotes.html",
                "@text": "US census data"
            },
            {
                "@url": "https://www5a.wolframalpha.com/sources/WeatherDataSourceInformationNotes.html",
                "@text": "Weather data"
            }
        ]
    }
}