{
    "@success": "true",
    "@error": "false",
    "@numpods": "20",
    "@datatypes": "ACS,City,Congestion,Crime,MetropolitanArea,NuclearReactor,Person,UrbanArea,USCounty,USHousing,USState,USTax,WeatherStation",
    "@timedout": "",
    "@timedoutpods": "",
    "@timing": "8.452",
    "@parsetiming": "0.121",
    "@parsetimedout": "false",
    "@recalculate": "",
    "@id": "MSP12616205757f7i29f1d49000023e07c857e981i88",
    "@host": "https://www5a.wolframalpha.com",
    "@server": "33",
    "@related": "https://www5a.wolframalpha.com/api/v1/relatedQueries.jsp?id=MSPa12617205757f7i29f1d49000066iee424e69b419i892137605540768984",
    "@version": "2.6",
    "pod": [
        {
            "@title": "Input interpretation",
            "@scanner": "Identity",
            "@id": "Input",
            "@position": "100",
            "@error": "false",
            "@numsubpods": "1",
            "subpod": {
                "@title": "",
                "img": {
                    "@src": "https://www5a.wolframalpha.com/Calculate/MSP/MSP12618205757f7i29f1d4900003c771ad6chd417ff?MSPStoreType=image/gif&s=33",
                    "@alt": "Hampstead, New Hampshire, United States",
                    "@title": "Hampstead, New Hampshire, United States",
                    "@width": "282",
                    "@height": "18",
                    "@type": "Default",
                    "@themes": "1,2,3,4,5,6,7,8,9,10,11,12",
                    "@colorinvertable": "true"
                },
                "plaintext": "Hampstead, New Hampshire, United States"
            },
            "expressiontypes": {
                "@count": "1",
                "expressiontype": {
                    "@name": "Default"
                }
            }
        },
        {
            "@title": "Populations",
            "@scanner": "Data",
            "@id": "Population:CityData",
            "@position": "200",
            "@error": "false",
            "@numsubpods": "1",
            "@primary": "true",
            "subpod": {
                "@title": "",
                "microsources": {
                    "microsource": [
                        "CityData",
                        "MetropolitanAreaData",
                        "UrbanAreaData",
                        "USCensusData"
                    ]
                },
                "img": {
                    "@src": "https://www5a.wolframalpha.com/Calculate/MSP/MSP12619205757f7i29f1d4900006168e22a4i09hig1?MSPStoreType=image/gif&s=33",
                    "@alt": "city population | 8621 people (country rank: \u22484789th) (2017 estimate) urban area population | 4.032 million people (Boston urban area) (country rank: 7th) (2000 estimate) metro area population | 4.591 million people (Boston metro area) (country rank: 10th) (2011 estimate)",
                    "@title": "city population | 8621 people (country rank: \u22484789th) (2017 estimate) urban area population | 4.032 million people (Boston urban area) (country rank: 7th) (2000 estimate) metro area population | 4.591 million people (Boston metro area) (country rank: 10th) (2011 estimate)",
                    "@width": "546",
                    "@height": "134",
                    "@type": "Grid",
                    "@themes": "1,2,3,4,5,6,7,8,9,10,11,12",
                    "@colorinvertable": "true"
                },
                "plaintext": "city population | 8621 people (country rank: \u22484789th) (2017 estimate)\nurban area population | 4.032 million people (Boston urban area) (country rank: 7th) (2000 estimate)\nmetro area population | 4.591 million people (Boston metro area) (country rank: 10th) (2011 estimate)"
            },
            "expressiontypes": {
                "@count": "1",
                "expressiontype": {
                    "@name": "Grid"
                }
            },
            "states": {
                "@count": "1",
                "state": {
                    "@name": "Show history",
                    "@input": "Population:CityData__Show history"
                }
            }
        },
        {
            "@title": "Location",
            "@scanner": "Data",
            "@id": "Location:CityData",
            "@position": "300",
            "@error": "false",
            "@numsubpods": "2",
            "subpod": [
                {
                    "@title": "",
                    "microsources": {
                        "microsource": [
                            "CityData",
                            "USCountyData",
                            "USStateData"
                        ]
                    },
                    "img": {
                        "@src": "https://www5a.wolframalpha.com/Calculate/MSP/MSP12620205757f7i29f1d49000067a380a94508h8dc?MSPStoreType=image/gif&s=33",
                        "@alt": "Rockingham County, New Hampshire",
                        "@title": "Rockingham County, New Hampshire",
                        "@width": "249",
                        "@height": "18",
                        "@type": "Default",
                        "@themes": "1,2,3,4,5,6,7,8,9,10,11,12",
                        "@colorinvertable": "true"
                    },
                    "plaintext": "Rockingham County, New Hampshire"
                },
                {
                    "@title": "",
                    "microsources": {
                        "microsource": [
                            "CityData",
                            "USCountyData",
                            "USStateData",
                            "CountryData"
                        ]
                    },
                    "datasources": {
                        "datasource": "CIAFactbook"
                    },
                    "img": {
                        "@src": "https://www5a.wolframalpha.com/Calculate/MSP/MSP12621205757f7i29f1d4900004he0h14h1i27bf23?MSPStoreType=image/gif&s=33",
                        "@alt": "Location",
                        "@title": "",
                        "@width": "328",
                        "@height": "177",
                        "@type": "Default",
                        "@themes": "1,2,3,4,5,6,7,8,9,10,11,12",
                        "@colorinvertable": "true"
                    },
                    "plaintext": null
                }
            ],
            "expressiontypes": {
                "@count": "2",
                "expressiontype": [
                    {
                        "@name": "Default"
                    },
                    {
                        "@name": "Default"
                    }
                ]
            },
            "states": {
                "@count": "2",
                "state": [
                    {
                        "@name": "World map",
                        "@input": "Location:CityData__World map"
                    },
                    {
                        "@name": "Show coordinates",
                        "@input": "Location:CityData__Show coordinates"
                    }
                ]
            },
            "infos": {
                "@count": "1",
                "info": {
                    "link": {
                        "@url": "http://maps.google.com?ie=UTF8&z=12&t=k&ll=42.8828%2C-71.1679&q=42.8828%20N%2C%2071.1679%20W",
                        "@text": "Satellite image"
                    }
                }
            }
        },
        {
            "@title": "Local map",
            "@scanner": "Data",
            "@id": "Map:CityData",
            "@position": "400",
            "@error": "false",
            "@numsubpods": "1",
            "subpod": {
                "@title": "",
                "microsources": {
                    "microsource": [
                        "CityData",
                        "OpenStreetMap"
                    ]
                },
                "img": {
                    "@src": "https://www5a.wolframalpha.com/Calculate/MSP/MSP12622205757f7i29f1d490000169ibci1010706i5?MSPStoreType=image/gif&s=33",
                    "@alt": "Local map",
                    "@title": "",
                    "@width": "550",
                    "@height": "278",
                    "@type": "Default",
                    "@themes": "1,2,3,4,5,6,7,8,9,10,11,12",
                    "@colorinvertable": "false"
                },
                "plaintext": null
            },
            "expressiontypes": {
                "@count": "1",
                "expressiontype": {
                    "@name": "Default"
                }
            },
            "states": {
                "@count": "2",
                "statelist": {
                    "@count": "13",
                    "@value": "20 kilometers across",
                    "@delimiters": "",
                    "state": [
                        {
                            "@name": "8 kilometers across",
                            "@input": "Map:CityData__8 kilometers across"
                        },
                        {
                            "@name": "20 kilometers across",
                            "@input": "Map:CityData__20 kilometers across"
                        },
                        {
                            "@name": "30 kilometers across",
                            "@input": "Map:CityData__30 kilometers across"
                        },
                        {
                            "@name": "60 kilometers across",
                            "@input": "Map:CityData__60 kilometers across"
                        },
                        {
                            "@name": "120 kilometers across",
                            "@input": "Map:CityData__120 kilometers across"
                        },
                        {
                            "@name": "250 kilometers across",
                            "@input": "Map:CityData__250 kilometers across"
                        },
                        {
                            "@name": "500 kilometers across",
                            "@input": "Map:CityData__500 kilometers across"
                        },
                        {
                            "@name": "990 kilometers across",
                            "@input": "Map:CityData__990 kilometers across"
                        },
                        {
                            "@name": "2000 kilometers across",
                            "@input": "Map:CityData__2000 kilometers across"
                        },
                        {
                            "@name": "3900 kilometers across",
                            "@input": "Map:CityData__3900 kilometers across"
                        },
                        {
                            "@name": "7700 kilometers across",
                            "@input": "Map:CityData__7700 kilometers across"
                        },
                        {
                            "@name": "13000 kilometers across",
                            "@input": "Map:CityData__13000 kilometers across"
                        },
                        {
                            "@name": "25000 kilometers across",
                            "@input": "Map:CityData__25000 kilometers across"
                        }
                    ]
                },
                "state": {
                    "@name": "Non-metric",
                    "@input": "Map:CityData__Non-metric"
                }
            },
            "infos": {
                "@count": "1",
                "info": {
                    "link": {
                        "@url": "http://maps.google.com?ie=UTF8&z=12&t=k&ll=42.8828%2C-71.1679&q=42.8828%20N%2C%2071.1679%20W",
                        "@text": "Satellite image"
                    }
                }
            }
        },
        {
            "@title": "Administrative regions",
            "@scanner": "Data",
            "@id": "AdministrativeRegions:CityData",
            "@position": "500",
            "@error": "false",
            "@numsubpods": "1",
            "subpod": {
                "@title": "",
                "microsources": {
                    "microsource": [
                        "CityData",
                        "USCountyData"
                    ]
                },
                "img": {
                    "@src": "https://www5a.wolframalpha.com/Calculate/MSP/MSP12623205757f7i29f1d4900001f3aec59bba8990h?MSPStoreType=image/gif&s=33",
                    "@alt": "county | Rockingham County state | New Hampshire country | United States",
                    "@title": "county | Rockingham County state | New Hampshire country | United States",
                    "@width": "235",
                    "@height": "100",
                    "@type": "Grid",
                    "@themes": "1,2,3,4,5,6,7,8,9,10,11,12",
                    "@colorinvertable": "true"
                },
                "plaintext": "county | Rockingham County\nstate | New Hampshire\ncountry | United States"
            },
            "expressiontypes": {
                "@count": "1",
                "expressiontype": {
                    "@name": "Grid"
                }
            }
        },
        {
            "@title": "Current local time",
            "@scanner": "Data",
            "@id": "CurrentTime:CityData",
            "@position": "600",
            "@error": "false",
            "@numsubpods": "1",
            "subpod": {
                "@title": "",
                "microsources": {
                    "microsource": "CityData"
                },
                "img": {
                    "@src": "https://www5a.wolframalpha.com/Calculate/MSP/MSP12624205757f7i29f1d4900001404efig89a6fi13?MSPStoreType=image/gif&s=33",
                    "@alt": "11:40 pm EST | Saturday, January 18, 2020",
                    "@title": "11:40 pm EST | Saturday, January 18, 2020",
                    "@width": "301",
                    "@height": "18",
                    "@type": "Grid",
                    "@themes": "1,2,3,4,5,6,7,8,9,10,11,12",
                    "@colorinvertable": "true"
                },
                "plaintext": "11:40 pm EST | Saturday, January 18, 2020"
            },
            "expressiontypes": {
                "@count": "1",
                "expressiontype": {
                    "@name": "Default"
                }
            }
        },
        {
            "@title": "Current weather",
            "@scanner": "Data",
            "@id": "WeatherPod:CityData",
            "@position": "700",
            "@error": "false",
            "@numsubpods": "1",
            "subpod": {
                "@title": "",
                "microsources": {
                    "microsource": [
                        "CityData",
                        "WeatherData"
                    ]
                },
                "img": {
                    "@src": "https://www5a.wolframalpha.com/Calculate/MSP/MSP12625205757f7i29f1d4900003725g063e358h73f?MSPStoreType=image/gif&s=33",
                    "@alt": "-7 \u00b0C | relative humidity: 88% | wind: 0 m/s | snow, fog, overcast",
                    "@title": "-7 \u00b0C | relative humidity: 88% | wind: 0 m/s | snow, fog, overcast",
                    "@width": "461",
                    "@height": "22",
                    "@type": "Grid",
                    "@themes": "1,2,3,4,5,6,7,8,9,10,11,12",
                    "@colorinvertable": "true"
                },
                "plaintext": "-7 \u00b0C | relative humidity: 88% | wind: 0 m/s | snow, fog, overcast"
            },
            "expressiontypes": {
                "@count": "1",
                "expressiontype": {
                    "@name": "Grid"
                }
            },
            "states": {
                "@count": "2",
                "state": [
                    {
                        "@name": "Show history",
                        "@input": "WeatherPod:CityData__Show history"
                    },
                    {
                        "@name": "Show non-metric",
                        "@input": "WeatherPod:CityData__Show non-metric"
                    }
                ]
            }
        },
        {
            "@title": "Demographics",
            "@scanner": "Data",
            "@id": "ACSPercentageEntrainments:ACSData",
            "@position": "800",
            "@error": "false",
            "@numsubpods": "1",
            "subpod": {
                "@title": "",
                "microsources": {
                    "microsource": "ACSData"
                },
                "datasources": {
                    "datasource": [
                        "CensusAmericanCommunitySurvey5YearsRace",
                        "CensusAmericanCommunitySurvey5YearsHispanicOrigin",
                        "CensusAmericanCommunitySurvey5YearsCitizenship"
                    ]
                },
                "img": {
                    "@src": "https://www5a.wolframalpha.com/Calculate/MSP/MSP12626205757f7i29f1d49000050hhh0cba55ba446?MSPStoreType=image/gif&s=33",
                    "@alt": "race | white: 96.6% | Asian: 1.3% | two or more races: 0.8% | ... Hispanic origin | 4.2% US citizens | 98.4%",
                    "@title": "race | white: 96.6% | Asian: 1.3% | two or more races: 0.8% | ... Hispanic origin | 4.2% US citizens | 98.4%",
                    "@width": "546",
                    "@height": "117",
                    "@type": "Grid",
                    "@themes": "1,2,3,4,5,6,7,8,9,10,11,12",
                    "@colorinvertable": "true"
                },
                "plaintext": "race | white: 96.6% | Asian: 1.3% | two or more races: 0.8% | ...\nHispanic origin | 4.2%\nUS citizens | 98.4%"
            },
            "expressiontypes": {
                "@count": "1",
                "expressiontype": {
                    "@name": "Grid"
                }
            },
            "states": {
                "@count": "1",
                "state": {
                    "@name": "More",
                    "@input": "ACSPercentageEntrainments:ACSData__More"
                }
            }
        },
        {
            "@title": "Educational attainment",
            "@scanner": "Data",
            "@id": "ACSEducationEntrainments:ACSData",
            "@position": "900",
            "@error": "false",
            "@numsubpods": "1",
            "subpod": {
                "@title": "",
                "microsources": {
                    "microsource": "ACSData"
                },
                "datasources": {
                    "datasource": "CensusAmericanCommunitySurvey5YearsEducation"
                },
                "img": {
                    "@src": "https://www5a.wolframalpha.com/Calculate/MSP/MSP12627205757f7i29f1d4900005d58chcf94gcea13?MSPStoreType=image/gif&s=33",
                    "@alt": "college degree and above | 54.6% (1.44 \u00d7 national average) high school diploma | 20.3% (0.732 \u00d7 national average) less than high school diploma | 3.8% (0.284 \u00d7 national average) (for population age 25 and older)",
                    "@title": "college degree and above | 54.6% (1.44 \u00d7 national average) high school diploma | 20.3% (0.732 \u00d7 national average) less than high school diploma | 3.8% (0.284 \u00d7 national average) (for population age 25 and older)",
                    "@width": "437",
                    "@height": "121",
                    "@type": "Grid",
                    "@themes": "1,2,3,4,5,6,7,8,9,10,11,12",
                    "@colorinvertable": "true"
                },
                "plaintext": "college degree and above | 54.6% (1.44 \u00d7 national average)\nhigh school diploma | 20.3% (0.732 \u00d7 national average)\nless than high school diploma | 3.8% (0.284 \u00d7 national average)\n(for population age 25 and older)"
            },
            "expressiontypes": {
                "@count": "1",
                "expressiontype": {
                    "@name": "Grid"
                }
            },
            "states": {
                "@count": "1",
                "state": {
                    "@name": "Show enrollment",
                    "@input": "ACSEducationEntrainments:ACSData__Show enrollment"
                }
            }
        },
        {
            "@title": "Income statistics",
            "@scanner": "Data",
            "@id": "ACSIncomeEntrainments:ACSData",
            "@position": "1000",
            "@error": "false",
            "@numsubpods": "1",
            "subpod": {
                "@title": "",
                "microsources": {
                    "microsource": "ACSData"
                },
                "datasources": {
                    "datasource": [
                        "CensusAmericanCommunitySurvey5YearsMedianIncome",
                        "CensusAmericanCommunitySurvey5YearsPerCapitaIncome",
                        "CensusAmericanCommunitySurvey5YearsPoverty"
                    ]
                },
                "img": {
                    "@src": "https://www5a.wolframalpha.com/Calculate/MSP/MSP12628205757f7i29f1d4900002g40g4e01g17409i?MSPStoreType=image/gif&s=33",
                    "@alt": "median household income | $90806 per year (US dollars per year) (1.64 \u00d7 national average) per capita income | $43995 per year per person (US dollars per year per person) (1.47 \u00d7 national average) population below poverty line | 6.9% (0.459 \u00d7 national average)",
                    "@title": "median household income | $90806 per year (US dollars per year) (1.64 \u00d7 national average) per capita income | $43995 per year per person (US dollars per year per person) (1.47 \u00d7 national average) population below poverty line | 6.9% (0.459 \u00d7 national average)",
                    "@width": "546",
                    "@height": "151",
                    "@type": "Grid",
                    "@themes": "1,2,3,4,5,6,7,8,9,10,11,12",
                    "@colorinvertable": "true"
                },
                "plaintext": "median household income | $90806 per year (US dollars per year) (1.64 \u00d7 national average)\nper capita income | $43995 per year per person (US dollars per year per person) (1.47 \u00d7 national average)\npopulation below poverty line | 6.9% (0.459 \u00d7 national average)"
            },
            "expressiontypes": {
                "@count": "1",
                "expressiontype": {
                    "@name": "Grid"
                }
            },
            "states": {
                "@count": "1",
                "state": {
                    "@name": "Show distribution",
                    "@input": "ACSIncomeEntrainments:ACSData__Show distribution"
                }
            }
        },
        {
            "@title": "Economic properties",
            "@scanner": "Data",
            "@id": "EconomicProperties:CityData",
            "@position": "1100",
            "@error": "false",
            "@numsubpods": "1",
            "subpod": {
                "@title": "",
                "microsources": {
                    "microsource": [
                        "CityData",
                        "USEmploymentData",
                        "USHousingData",
                        "USTaxData"
                    ]
                },
                "datasources": {
                    "datasource": "RealtorsMetropolitanAreaMedianPrices"
                },
                "img": {
                    "@src": "https://www5a.wolframalpha.com/Calculate/MSP/MSP12629205757f7i29f1d4900001f2i0hf16h6ga342?MSPStoreType=image/gif&s=33",
                    "@alt": "median home price | $375900 (Boston metro area) (annual change: +7.03%) (2013) unemployment rate | 2.7% (November 2019) total sales tax rate | 0% (2019 estimate)",
                    "@title": "median home price | $375900 (Boston metro area) (annual change: +7.03%) (2013) unemployment rate | 2.7% (November 2019) total sales tax rate | 0% (2019 estimate)",
                    "@width": "546",
                    "@height": "100",
                    "@type": "Grid",
                    "@themes": "1,2,3,4,5,6,7,8,9,10,11,12",
                    "@colorinvertable": "true"
                },
                "plaintext": "median home price | $375900 (Boston metro area) (annual change: +7.03%) (2013)\nunemployment rate | 2.7% (November 2019)\ntotal sales tax rate | 0% (2019 estimate)"
            },
            "expressiontypes": {
                "@count": "1",
                "expressiontype": {
                    "@name": "Grid"
                }
            }
        },
        {
            "@title": "Other indicators",
            "@scanner": "Data",
            "@id": "QualityOfLife:CityData",
            "@position": "1200",
            "@error": "false",
            "@numsubpods": "1",
            "subpod": {
                "@title": "",
                "microsources": {
                    "microsource": [
                        "CityData",
                        "CongestionData",
                        "CrimeData"
                    ]
                },
                "datasources": {
                    "datasource": [
                        "TexasTransportationInstituteCongestionDataForYourCityUrbanMobilityInformation",
                        "UnitedStatesDepartmentOfJusticeBureauOfJusticeStatisticsCrimeAndJusticeDataOnline"
                    ]
                },
                "img": {
                    "@src": "https://www5a.wolframalpha.com/Calculate/MSP/MSP12630205757f7i29f1d4900005gd44ifg0ge4h6a7?MSPStoreType=image/gif&s=33",
                    "@alt": "total rate of violent crime | 0.3 \u00d7 national average (2017 estimate) total rate of property crime | 0.28 \u00d7 national average (2017 estimate) average daily traffic delay | 11 minutes per person per day",
                    "@title": "total rate of violent crime | 0.3 \u00d7 national average (2017 estimate) total rate of property crime | 0.28 \u00d7 national average (2017 estimate) average daily traffic delay | 11 minutes per person per day",
                    "@width": "483",
                    "@height": "100",
                    "@type": "Grid",
                    "@themes": "1,2,3,4,5,6,7,8,9,10,11,12",
                    "@colorinvertable": "true"
                },
                "plaintext": "total rate of violent crime | 0.3 \u00d7 national average (2017 estimate)\ntotal rate of property crime | 0.28 \u00d7 national average (2017 estimate)\naverage daily traffic delay | 11 minutes per person per day"
            },
            "expressiontypes": {
                "@count": "1",
                "expressiontype": {
                    "@name": "Grid"
                }
            }
        },
        {
            "@title": "Nearby cities",
            "@scanner": "Data",
            "@id": "CityHierarchyInfo:CityData",
            "@position": "1300",
            "@error": "false",
            "@numsubpods": "1",
            "subpod": {
                "@title": "",
                "microsources": {
                    "microsource": "CityData"
                },
                "img": {
                    "@src": "https://www5a.wolframalpha.com/Calculate/MSP/MSP12631205757f7i29f1d4900004cbff1hd762hi0gf?MSPStoreType=image/gif&s=33",
                    "@alt": "Haverhill, Massachusetts | 13 km (kilometers) south-southeast | 61797 people Manchester, New Hampshire | 25 km (kilometers) west-northwest | 110209 people Boston, Massachusetts | 62 km (kilometers) south-southeast | 636479 people (straight-line distances between city centers)",
                    "@title": "Haverhill, Massachusetts | 13 km (kilometers) south-southeast | 61797 people Manchester, New Hampshire | 25 km (kilometers) west-northwest | 110209 people Boston, Massachusetts | 62 km (kilometers) south-southeast | 636479 people (straight-line distances between city centers)",
                    "@width": "546",
                    "@height": "176",
                    "@type": "Grid",
                    "@themes": "1,2,3,4,5,6,7,8,9,10,11,12",
                    "@colorinvertable": "true"
                },
                "plaintext": "Haverhill, Massachusetts | 13 km (kilometers) south-southeast | 61797 people\nManchester, New Hampshire | 25 km (kilometers) west-northwest | 110209 people\nBoston, Massachusetts | 62 km (kilometers) south-southeast | 636479 people\n(straight-line distances between city centers)"
            },
            "expressiontypes": {
                "@count": "1",
                "expressiontype": {
                    "@name": "Grid"
                }
            },
            "states": {
                "@count": "2",
                "state": [
                    {
                        "@name": "Show non-metric",
                        "@input": "CityHierarchyInfo:CityData__Show non-metric"
                    },
                    {
                        "@name": "More",
                        "@input": "CityHierarchyInfo:CityData__More"
                    }
                ]
            }
        },
        {
            "@title": "Nearby airports",
            "@scanner": "Data",
            "@id": "AirportHierarchyInfo:CityData",
            "@position": "1400",
            "@error": "false",
            "@numsubpods": "1",
            "subpod": {
                "@title": "",
                "microsources": {
                    "microsource": "CityData"
                },
                "img": {
                    "@src": "https://www5a.wolframalpha.com/Calculate/MSP/MSP12632205757f7i29f1d4900005b7feag57ih3cad0?MSPStoreType=image/gif&s=33",
                    "@alt": "Lawrence Municipal Airport | 19 km (kilometers) south Manchester-Boston Regional Airport | 23 km (kilometers) west-northwest Portsmouth International Airport at Pease | 35 km (kilometers) northeast Laurence G. Hanscom Field | 47 km (kilometers) south-southwest Logan Airport | 59 km (kilometers) south-southeast (straight-line distances between city center and airport)",
                    "@title": "Lawrence Municipal Airport | 19 km (kilometers) south Manchester-Boston Regional Airport | 23 km (kilometers) west-northwest Portsmouth International Airport at Pease | 35 km (kilometers) northeast Laurence G. Hanscom Field | 47 km (kilometers) south-southwest Logan Airport | 59 km (kilometers) south-southeast (straight-line distances between city center and airport)",
                    "@width": "546",
                    "@height": "190",
                    "@type": "Grid",
                    "@themes": "1,2,3,4,5,6,7,8,9,10,11,12",
                    "@colorinvertable": "true"
                },
                "plaintext": "Lawrence Municipal Airport | 19 km (kilometers) south\nManchester-Boston Regional Airport | 23 km (kilometers) west-northwest\nPortsmouth International Airport at Pease | 35 km (kilometers) northeast\nLaurence G. Hanscom Field | 47 km (kilometers) south-southwest\nLogan Airport | 59 km (kilometers) south-southeast\n(straight-line distances between city center and airport)"
            },
            "expressiontypes": {
                "@count": "1",
                "expressiontype": {
                    "@name": "Grid"
                }
            },
            "states": {
                "@count": "2",
                "state": [
                    {
                        "@name": "Show non-metric",
                        "@input": "AirportHierarchyInfo:CityData__Show non-metric"
                    },
                    {
                        "@name": "More",
                        "@input": "AirportHierarchyInfo:CityData__More"
                    }
                ]
            }
        },
        {
            "@title": "Nearby hospitals",
            "@scanner": "Data",
            "@id": "HospitalHierarchyInfo:CityData",
            "@position": "1500",
            "@error": "false",
            "@numsubpods": "1",
            "subpod": {
                "@title": "",
                "microsources": {
                    "microsource": "CityData"
                },
                "img": {
                    "@src": "https://www5a.wolframalpha.com/Calculate/MSP/MSP12633205757f7i29f1d4900005hf747f3d32b818f?MSPStoreType=image/gif&s=33",
                    "@alt": "Parkland Medical Center | 12 km (kilometers) west Merrimack Valley Hospital | 17 km (kilometers) southeast Holy Family Hospital | 17 km (kilometers) south Lawrence General Hospital | 19 km (kilometers) south Elliot Hospital | 25 km (kilometers) west-northwest (straight-line distances between city center and hospital)",
                    "@title": "Parkland Medical Center | 12 km (kilometers) west Merrimack Valley Hospital | 17 km (kilometers) southeast Holy Family Hospital | 17 km (kilometers) south Lawrence General Hospital | 19 km (kilometers) south Elliot Hospital | 25 km (kilometers) west-northwest (straight-line distances between city center and hospital)",
                    "@width": "452",
                    "@height": "170",
                    "@type": "Grid",
                    "@themes": "1,2,3,4,5,6,7,8,9,10,11,12",
                    "@colorinvertable": "true"
                },
                "plaintext": "Parkland Medical Center | 12 km (kilometers) west\nMerrimack Valley Hospital | 17 km (kilometers) southeast\nHoly Family Hospital | 17 km (kilometers) south\nLawrence General Hospital | 19 km (kilometers) south\nElliot Hospital | 25 km (kilometers) west-northwest\n(straight-line distances between city center and hospital)"
            },
            "expressiontypes": {
                "@count": "1",
                "expressiontype": {
                    "@name": "Grid"
                }
            },
            "states": {
                "@count": "2",
                "state": [
                    {
                        "@name": "Show non-metric",
                        "@input": "HospitalHierarchyInfo:CityData__Show non-metric"
                    },
                    {
                        "@name": "More",
                        "@input": "HospitalHierarchyInfo:CityData__More"
                    }
                ]
            }
        },
        {
            "@title": "Geographic properties",
            "@scanner": "Data",
            "@id": "GeographicProperties:CityData",
            "@position": "1600",
            "@error": "false",
            "@numsubpods": "1",
            "subpod": {
                "@title": "",
                "microsources": {
                    "microsource": "CityData"
                },
                "img": {
                    "@src": "https://www5a.wolframalpha.com/Calculate/MSP/MSP12634205757f7i29f1d49000032i073hb75g66h52?MSPStoreType=image/gif&s=33",
                    "@alt": "elevation | 79 m area | 34.454 km^2 population density | 250 people per square kilometer",
                    "@title": "elevation | 79 m area | 34.454 km^2 population density | 250 people per square kilometer",
                    "@width": "378",
                    "@height": "100",
                    "@type": "Grid",
                    "@themes": "1,2,3,4,5,6,7,8,9,10,11,12",
                    "@colorinvertable": "true"
                },
                "plaintext": "elevation | 79 m\narea | 34.454 km^2\npopulation density | 250 people per square kilometer"
            },
            "expressiontypes": {
                "@count": "1",
                "expressiontype": {
                    "@name": "Grid"
                }
            },
            "states": {
                "@count": "1",
                "state": {
                    "@name": "Show non-metric",
                    "@input": "GeographicProperties:CityData__Show non-metric"
                }
            },
            "infos": {
                "@count": "1",
                "info": {
                    "units": {
                        "@count": "2",
                        "unit": [
                            {
                                "@short": "km^2",
                                "@long": "square kilometers"
                            },
                            {
                                "@short": "m",
                                "@long": "meters"
                            }
                        ],
                        "img": {
                            "@src": "https://www5a.wolframalpha.com/Calculate/MSP/MSP12635205757f7i29f1d490000657g09h1d2575c13?MSPStoreType=image/gif&s=33",
                            "@width": "171",
                            "@height": "48"
                        }
                    }
                }
            }
        },
        {
            "@title": "Nearby features",
            "@scanner": "Data",
            "@id": "FeaturesHierarchyInfo:CityData",
            "@position": "1700",
            "@error": "false",
            "@numsubpods": "1",
            "subpod": {
                "@title": "",
                "microsources": {
                    "microsource": [
                        "CityData",
                        "NuclearReactorData"
                    ]
                },
                "datasources": {
                    "datasource": "IAEAPowerReactorInformationSystem"
                },
                "img": {
                    "@src": "https://www5a.wolframalpha.com/Calculate/MSP/MSP12636205757f7i29f1d49000044fe7g2f6adi6138?MSPStoreType=image/gif&s=33",
                    "@alt": "nuclear power site | Seabrook | 26 km (kilometers) east waterfall | Nancy Cascades (122 meters) | 138 km (kilometers) north mountain | Mount Monroe (1641 meters) | 153 km (kilometers) north waterfall | Lisbon Falls (94 meters) | 153 km (kilometers) northeast mountain | Mount Washington (1917 meters) | 155 km (kilometers) north (straight-line distances between city center and feature coordinates)",
                    "@title": "nuclear power site | Seabrook | 26 km (kilometers) east waterfall | Nancy Cascades (122 meters) | 138 km (kilometers) north mountain | Mount Monroe (1641 meters) | 153 km (kilometers) north waterfall | Lisbon Falls (94 meters) | 153 km (kilometers) northeast mountain | Mount Washington (1917 meters) | 155 km (kilometers) north (straight-line distances between city center and feature coordinates)",
                    "@width": "545",
                    "@height": "254",
                    "@type": "Grid",
                    "@themes": "1,2,3,4,5,6,7,8,9,10,11,12",
                    "@colorinvertable": "true"
                },
                "plaintext": "nuclear power site | Seabrook | 26 km (kilometers) east\nwaterfall | Nancy Cascades (122 meters) | 138 km (kilometers) north\nmountain | Mount Monroe (1641 meters) | 153 km (kilometers) north\nwaterfall | Lisbon Falls (94 meters) | 153 km (kilometers) northeast\nmountain | Mount Washington (1917 meters) | 155 km (kilometers) north\n(straight-line distances between city center and feature coordinates)"
            },
            "expressiontypes": {
                "@count": "1",
                "expressiontype": {
                    "@name": "Grid"
                }
            },
            "states": {
                "@count": "2",
                "state": [
                    {
                        "@name": "Show non-metric",
                        "@input": "FeaturesHierarchyInfo:CityData__Show non-metric"
                    },
                    {
                        "@name": "More",
                        "@input": "FeaturesHierarchyInfo:CityData__More"
                    }
                ]
            }
        },
        {
            "@title": "Nearest sea",
            "@scanner": "Data",
            "@id": "OceansHierarchyInfo:CityData",
            "@position": "1800",
            "@error": "false",
            "@numsubpods": "1",
            "subpod": {
                "@title": "",
                "microsources": {
                    "microsource": "CityData"
                },
                "img": {
                    "@src": "https://www5a.wolframalpha.com/Calculate/MSP/MSP12637205757f7i29f1d4900005f51hd198diffc14?MSPStoreType=image/gif&s=33",
                    "@alt": "Atlantic Ocean (29 km (kilometers) east)  (straight-line distance between city center and shore)",
                    "@title": "Atlantic Ocean (29 km (kilometers) east)  (straight-line distance between city center and shore)",
                    "@width": "301",
                    "@height": "41",
                    "@type": "Default",
                    "@themes": "1,2,3,4,5,6,7,8,9,10,11,12",
                    "@colorinvertable": "true"
                },
                "plaintext": "Atlantic Ocean (29 km (kilometers) east) \n(straight-line distance between city center and shore)"
            },
            "expressiontypes": {
                "@count": "1",
                "expressiontype": {
                    "@name": "Default"
                }
            },
            "states": {
                "@count": "1",
                "state": {
                    "@name": "Show non-metric",
                    "@input": "OceansHierarchyInfo:CityData__Show non-metric"
                }
            }
        },
        {
            "@title": "Notable people born in Hampstead",
            "@scanner": "Data",
            "@id": "NotablePeople:CityData",
            "@position": "1900",
            "@error": "false",
            "@numsubpods": "1",
            "subpod": {
                "@title": "",
                "microsources": {
                    "microsource": [
                        "CityData",
                        "PeopleData"
                    ]
                },
                "img": {
                    "@src": "https://www5a.wolframalpha.com/Calculate/MSP/MSP12638205757f7i29f1d4900005gcc5g64i0390e6c?MSPStoreType=image/gif&s=33",
                    "@alt": "Miriam Karlin (actor) (1925) Ephraim Webster (1762)",
                    "@title": "Miriam Karlin (actor) (1925) Ephraim Webster (1762)",
                    "@width": "190",
                    "@height": "38",
                    "@type": "Grid",
                    "@themes": "1,2,3,4,5,6,7,8,9,10,11,12",
                    "@colorinvertable": "true"
                },
                "plaintext": "Miriam Karlin (actor) (1925)\nEphraim Webster (1762)"
            },
            "expressiontypes": {
                "@count": "1",
                "expressiontype": {
                    "@name": "Default"
                }
            },
            "states": {
                "@count": "2",
                "state": [
                    {
                        "@name": "Show dates",
                        "@input": "NotablePeople:CityData__Show dates"
                    },
                    {
                        "@name": "Show deaths",
                        "@input": "NotablePeople:CityData__Show deaths"
                    }
                ]
            }
        },
        {
            "@title": "Wikipedia page hits history",
            "@scanner": "Data",
            "@id": "PopularityPod:WikipediaStatsData",
            "@position": "2000",
            "@error": "false",
            "@numsubpods": "1",
            "subpod": {
                "@title": "",
                "img": {
                    "@src": "https://www5a.wolframalpha.com/Calculate/MSP/MSP12639205757f7i29f1d490000476ieh89iai5fd7f?MSPStoreType=image/gif&s=33",
                    "@alt": "Wikipedia page hits history",
                    "@title": "",
                    "@width": "546",
                    "@height": "168",
                    "@type": "TimeSeriesPlot_1",
                    "@themes": "1,2,3,4,5,6,7,8,9,10,11,12",
                    "@colorinvertable": "true"
                },
                "plaintext": null
            },
            "expressiontypes": {
                "@count": "1",
                "expressiontype": {
                    "@name": "TimeSeriesPlot"
                }
            },
            "states": {
                "@count": "1",
                "state": {
                    "@name": "Log scale",
                    "@input": "PopularityPod:WikipediaStatsData__Log scale"
                }
            }
        }
    ],
    "assumptions": {
        "@count": "1",
        "assumption": {
            "@type": "SubCategory",
            "@word": "Hampstead",
            "@template": "Assuming ${desc1}. Use ${desc2} instead",
            "@count": "2",
            "value": [
                {
                    "@name": "{Hampstead, NewHampshire, UnitedStates}",
                    "@desc": "Hampstead (New Hampshire, USA)",
                    "@input": "*DPClash.CityE.Hampstead-_**Hampstead.NewHampshire.UnitedStates--"
                },
                {
                    "@name": "{Hampstead, Maryland, UnitedStates}",
                    "@desc": "Hampstead (Maryland, USA)",
                    "@input": "*DPClash.CityE.Hampstead-_**Hampstead.Maryland.UnitedStates--"
                }
            ]
        }
    },
    "userinfoused": {
        "@count": "1",
        "userinfo": {
            "@name": "Country"
        }
    },
    "sources": {
        "@count": "16",
        "source": [
            {
                "@url": "https://www5a.wolframalpha.com/sources/ACSDataSourceInformationNotes.html",
                "@text": "ACS data"
            },
            {
                "@url": "https://www5a.wolframalpha.com/sources/CityDataSourceInformationNotes.html",
                "@text": "City data"
            },
            {
                "@url": "https://www5a.wolframalpha.com/sources/CongestionDataSourceInformationNotes.html",
                "@text": "Congestion data"
            },
            {
                "@url": "https://www5a.wolframalpha.com/sources/CrimeDataSourceInformationNotes.html",
                "@text": "Crime data"
            },
            {
                "@url": "https://www5a.wolframalpha.com/sources/MetropolitanAreaDataSourceInformationNotes.html",
                "@text": "Metropolitan area data"
            },
            {
                "@url": "https://www5a.wolframalpha.com/sources/NuclearReactorDataSourceInformationNotes.html",
                "@text": "Nuclear reactor data"
            },
            {
                "@url": "https://www5a.wolframalpha.com/sources/OpenStreetMapSourceInformationNotes.html",
                "@text": "Open street map"
            },
            {
                "@url": "https://www5a.wolframalpha.com/sources/PeopleDataSourceInformationNotes.html",
                "@text": "People data"
            },
            {
                "@url": "https://www5a.wolframalpha.com/sources/UrbanAreaDataSourceInformationNotes.html",
                "@text": "Urban area data"
            },
            {
                "@url": "https://www5a.wolframalpha.com/sources/USCensusDataSourceInformationNotes.html",
                "@text": "US census data"
            },
            {
                "@url": "https://www5a.wolframalpha.com/sources/USCountyDataSourceInformationNotes.html",
                "@text": "US county data"
            },
            {
                "@url": "https://www5a.wolframalpha.com/sources/USEmploymentDataSourceInformationNotes.html",
                "@text": "US employment data"
            },
            {
                "@url": "https://www5a.wolframalpha.com/sources/USHousingDataSourceInformationNotes.html",
                "@text": "US housing data"
            },
            {
                "@url": "https://www5a.wolframalpha.com/sources/USStateDataSourceInformationNotes.html",
                "@text": "US state data"
            },
            {
                "@url": "https://www5a.wolframalpha.com/sources/USTaxDataSourceInformationNotes.html",
                "@text": "US tax data"
            },
            {
                "@url": "https://www5a.wolframalpha.com/sources/WeatherDataSourceInformationNotes.html",
                "@text": "Weather data"
            }
        ]
    }
}