{
    "@success": "true",
    "@error": "false",
    "@numpods": "15",
    "@datatypes": "AdministrativeDivision,City,NuclearReactor,Person,WeatherStation",
    "@timedout": "",
    "@timedoutpods": "",
    "@timing": "6.447",
    "@parsetiming": "0.25",
    "@parsetimedout": "false",
    "@recalculate": "",
    "@id": "MSP6791ai3196g2g33ddf400002c1g7i87aiai1de7",
    "@host": "https://www5a.wolframalpha.com",
    "@server": "36",
    "@related": "https://www5a.wolframalpha.com/api/v1/relatedQueries.jsp?id=MSPa6801ai3196g2g33ddf4000050he8i8296e01d0i2574324192558130273",
    "@version": "2.6",
    "pod": [
        {
            "@title": "Input interpretation",
            "@scanner": "Identity",
            "@id": "Input",
            "@position": "100",
            "@error": "false",
            "@numsubpods": "1",
            "subpod": {
                "@title": "",
                "img": {
                    "@src": "https://www5a.wolframalpha.com/Calculate/MSP/MSP6811ai3196g2g33ddf40000127dhg2b8bei358g?MSPStoreType=image/gif&s=36",
                    "@alt": "Kingston, Ontario",
                    "@title": "Kingston, Ontario",
                    "@width": "117",
                    "@height": "18",
                    "@type": "Default",
                    "@themes": "1,2,3,4,5,6,7,8,9,10,11,12",
                    "@colorinvertable": "true"
                },
                "plaintext": "Kingston, Ontario"
            },
            "expressiontypes": {
                "@count": "1",
                "expressiontype": {
                    "@name": "Default"
                }
            }
        },
        {
            "@title": "Population",
            "@scanner": "Data",
            "@id": "Population:CityData",
            "@position": "200",
            "@error": "false",
            "@numsubpods": "1",
            "@primary": "true",
            "subpod": {
                "@title": "",
                "microsources": {
                    "microsource": [
                        "CityData",
                        "USCensusData"
                    ]
                },
                "img": {
                    "@src": "https://www5a.wolframalpha.com/Calculate/MSP/MSP6821ai3196g2g33ddf400001i86200e656b6c03?MSPStoreType=image/gif&s=36",
                    "@alt": "city population | 123363 people (country rank: 38th) (2011 estimate)",
                    "@title": "city population | 123363 people (country rank: 38th) (2011 estimate)",
                    "@width": "460",
                    "@height": "36",
                    "@type": "Grid",
                    "@themes": "1,2,3,4,5,6,7,8,9,10,11,12",
                    "@colorinvertable": "true"
                },
                "plaintext": "city population | 123363 people (country rank: 38th) (2011 estimate)"
            },
            "expressiontypes": {
                "@count": "1",
                "expressiontype": {
                    "@name": "Grid"
                }
            },
            "states": {
                "@count": "1",
                "state": {
                    "@name": "Show history",
                    "@input": "Population:CityData__Show history"
                }
            }
        },
        {
            "@title": "Location",
            "@scanner": "Data",
            "@id": "Location:CityData",
            "@position": "300",
            "@error": "false",
            "@numsubpods": "2",
            "subpod": [
                {
                    "@title": "",
                    "microsources": {
                        "microsource": [
                            "AdministrativeDivisionData",
                            "CityData"
                        ]
                    },
                    "img": {
                        "@src": "https://www5a.wolframalpha.com/Calculate/MSP/MSP6831ai3196g2g33ddf400004905288527ffbgg4?MSPStoreType=image/gif&s=36",
                        "@alt": "Ontario, Canada",
                        "@title": "Ontario, Canada",
                        "@width": "109",
                        "@height": "18",
                        "@type": "Default",
                        "@themes": "1,2,3,4,5,6,7,8,9,10,11,12",
                        "@colorinvertable": "true"
                    },
                    "plaintext": "Ontario, Canada"
                },
                {
                    "@title": "",
                    "microsources": {
                        "microsource": [
                            "AdministrativeDivisionData",
                            "CityData",
                            "CountryData"
                        ]
                    },
                    "datasources": {
                        "datasource": "CIAFactbook"
                    },
                    "img": {
                        "@src": "https://www5a.wolframalpha.com/Calculate/MSP/MSP6841ai3196g2g33ddf400003fe1g19g4f860370?MSPStoreType=image/gif&s=36",
                        "@alt": "Location",
                        "@title": "",
                        "@width": "328",
                        "@height": "214",
                        "@type": "Default",
                        "@themes": "1,2,3,4,5,6,7,8,9,10,11,12",
                        "@colorinvertable": "true"
                    },
                    "plaintext": null
                }
            ],
            "expressiontypes": {
                "@count": "2",
                "expressiontype": [
                    {
                        "@name": "Default"
                    },
                    {
                        "@name": "Default"
                    }
                ]
            },
            "states": {
                "@count": "2",
                "state": [
                    {
                        "@name": "World map",
                        "@input": "Location:CityData__World map"
                    },
                    {
                        "@name": "Show coordinates",
                        "@input": "Location:CityData__Show coordinates"
                    }
                ]
            },
            "infos": {
                "@count": "1",
                "info": {
                    "link": {
                        "@url": "http://maps.google.com?ie=UTF8&z=12&t=k&ll=44.23%2C-76.5&q=44.23%20N%2C%2076.5%20W",
                        "@text": "Satellite image"
                    }
                }
            }
        },
        {
            "@title": "Local map",
            "@scanner": "Data",
            "@id": "Map:CityData",
            "@position": "400",
            "@error": "false",
            "@numsubpods": "1",
            "subpod": {
                "@title": "",
                "microsources": {
                    "microsource": [
                        "CityData",
                        "OpenStreetMap"
                    ]
                },
                "img": {
                    "@src": "https://www5a.wolframalpha.com/Calculate/MSP/MSP6851ai3196g2g33ddf400005a7edcbdd39f849h?MSPStoreType=image/gif&s=36",
                    "@alt": "Local map",
                    "@title": "",
                    "@width": "550",
                    "@height": "278",
                    "@type": "Default",
                    "@themes": "1,2,3,4,5,6,7,8,9,10,11,12",
                    "@colorinvertable": "false"
                },
                "plaintext": null
            },
            "expressiontypes": {
                "@count": "1",
                "expressiontype": {
                    "@name": "Default"
                }
            },
            "states": {
                "@count": "2",
                "statelist": {
                    "@count": "13",
                    "@value": "30 kilometers across",
                    "@delimiters": "",
                    "state": [
                        {
                            "@name": "8 kilometers across",
                            "@input": "Map:CityData__8 kilometers across"
                        },
                        {
                            "@name": "20 kilometers across",
                            "@input": "Map:CityData__20 kilometers across"
                        },
                        {
                            "@name": "30 kilometers across",
                            "@input": "Map:CityData__30 kilometers across"
                        },
                        {
                            "@name": "60 kilometers across",
                            "@input": "Map:CityData__60 kilometers across"
                        },
                        {
                            "@name": "120 kilometers across",
                            "@input": "Map:CityData__120 kilometers across"
                        },
                        {
                            "@name": "240 kilometers across",
                            "@input": "Map:CityData__240 kilometers across"
                        },
                        {
                            "@name": "490 kilometers across",
                            "@input": "Map:CityData__490 kilometers across"
                        },
                        {
                            "@name": "970 kilometers across",
                            "@input": "Map:CityData__970 kilometers across"
                        },
                        {
                            "@name": "1900 kilometers across",
                            "@input": "Map:CityData__1900 kilometers across"
                        },
                        {
                            "@name": "3900 kilometers across",
                            "@input": "Map:CityData__3900 kilometers across"
                        },
                        {
                            "@name": "7500 kilometers across",
                            "@input": "Map:CityData__7500 kilometers across"
                        },
                        {
                            "@name": "12000 kilometers across",
                            "@input": "Map:CityData__12000 kilometers across"
                        },
                        {
                            "@name": "24000 kilometers across",
                            "@input": "Map:CityData__24000 kilometers across"
                        }
                    ]
                },
                "state": {
                    "@name": "Non-metric",
                    "@input": "Map:CityData__Non-metric"
                }
            },
            "infos": {
                "@count": "1",
                "info": {
                    "link": {
                        "@url": "http://maps.google.com?ie=UTF8&z=12&t=k&ll=44.23%2C-76.5&q=44.23%20N%2C%2076.5%20W",
                        "@text": "Satellite image"
                    }
                }
            }
        },
        {
            "@title": "Administrative regions",
            "@scanner": "Data",
            "@id": "AdministrativeRegions:CityData",
            "@position": "500",
            "@error": "false",
            "@numsubpods": "1",
            "subpod": {
                "@title": "",
                "microsources": {
                    "microsource": "CityData"
                },
                "img": {
                    "@src": "https://www5a.wolframalpha.com/Calculate/MSP/MSP6861ai3196g2g33ddf400006481hf408f3efc40?MSPStoreType=image/gif&s=36",
                    "@alt": "region | Ontario country | Canada",
                    "@title": "region | Ontario country | Canada",
                    "@width": "151",
                    "@height": "68",
                    "@type": "Grid",
                    "@themes": "1,2,3,4,5,6,7,8,9,10,11,12",
                    "@colorinvertable": "true"
                },
                "plaintext": "region | Ontario\ncountry | Canada"
            },
            "expressiontypes": {
                "@count": "1",
                "expressiontype": {
                    "@name": "Grid"
                }
            }
        },
        {
            "@title": "Current local time",
            "@scanner": "Data",
            "@id": "CurrentTime:CityData",
            "@position": "600",
            "@error": "false",
            "@numsubpods": "1",
            "subpod": {
                "@title": "",
                "microsources": {
                    "microsource": "CityData"
                },
                "img": {
                    "@src": "https://www5a.wolframalpha.com/Calculate/MSP/MSP6871ai3196g2g33ddf40000209ee3gfdhde43g9?MSPStoreType=image/gif&s=36",
                    "@alt": "11:41 pm EST | Saturday, January 18, 2020",
                    "@title": "11:41 pm EST | Saturday, January 18, 2020",
                    "@width": "301",
                    "@height": "18",
                    "@type": "Grid",
                    "@themes": "1,2,3,4,5,6,7,8,9,10,11,12",
                    "@colorinvertable": "true"
                },
                "plaintext": "11:41 pm EST | Saturday, January 18, 2020"
            },
            "expressiontypes": {
                "@count": "1",
                "expressiontype": {
                    "@name": "Default"
                }
            }
        },
        {
            "@title": "Current weather",
            "@scanner": "Data",
            "@id": "WeatherPod:CityData",
            "@position": "700",
            "@error": "false",
            "@numsubpods": "1",
            "subpod": {
                "@title": "",
                "microsources": {
                    "microsource": [
                        "CityData",
                        "WeatherData"
                    ]
                },
                "img": {
                    "@src": "https://www5a.wolframalpha.com/Calculate/MSP/MSP6881ai3196g2g33ddf400005a58c219916ab390?MSPStoreType=image/gif&s=36",
                    "@alt": "-5 \u00b0C (wind chill: -10 \u00b0C) | relative humidity: 93% | wind: 4 m/s | snow, overcast",
                    "@title": "-5 \u00b0C (wind chill: -10 \u00b0C) | relative humidity: 93% | wind: 4 m/s | snow, overcast",
                    "@width": "508",
                    "@height": "39",
                    "@type": "Grid",
                    "@themes": "1,2,3,4,5,6,7,8,9,10,11,12",
                    "@colorinvertable": "true"
                },
                "plaintext": "-5 \u00b0C (wind chill: -10 \u00b0C) | relative humidity: 93% | wind: 4 m/s | snow, overcast"
            },
            "expressiontypes": {
                "@count": "1",
                "expressiontype": {
                    "@name": "Grid"
                }
            },
            "states": {
                "@count": "2",
                "state": [
                    {
                        "@name": "Show history",
                        "@input": "WeatherPod:CityData__Show history"
                    },
                    {
                        "@name": "Show non-metric",
                        "@input": "WeatherPod:CityData__Show non-metric"
                    }
                ]
            }
        },
        {
            "@title": "Nearby cities",
            "@scanner": "Data",
            "@id": "CityHierarchyInfo:CityData",
            "@position": "800",
            "@error": "false",
            "@numsubpods": "1",
            "subpod": {
                "@title": "",
                "microsources": {
                    "microsource": "CityData"
                },
                "img": {
                    "@src": "https://www5a.wolframalpha.com/Calculate/MSP/MSP6891ai3196g2g33ddf4000010h6ai5a14e8ai6f?MSPStoreType=image/gif&s=36",
                    "@alt": "Ottawa, Ontario | 146 km (kilometers) north-northeast | 883391 people Toronto, Ontario | 240 km (kilometers) west-southwest | 2.615 million people Montreal, Quebec | 272 km (kilometers) east-northeast | 1.65 million people (straight-line distances between city centers)",
                    "@title": "Ottawa, Ontario | 146 km (kilometers) north-northeast | 883391 people Toronto, Ontario | 240 km (kilometers) west-southwest | 2.615 million people Montreal, Quebec | 272 km (kilometers) east-northeast | 1.65 million people (straight-line distances between city centers)",
                    "@width": "546",
                    "@height": "156",
                    "@type": "Grid",
                    "@themes": "1,2,3,4,5,6,7,8,9,10,11,12",
                    "@colorinvertable": "true"
                },
                "plaintext": "Ottawa, Ontario | 146 km (kilometers) north-northeast | 883391 people\nToronto, Ontario | 240 km (kilometers) west-southwest | 2.615 million people\nMontreal, Quebec | 272 km (kilometers) east-northeast | 1.65 million people\n(straight-line distances between city centers)"
            },
            "expressiontypes": {
                "@count": "1",
                "expressiontype": {
                    "@name": "Grid"
                }
            },
            "states": {
                "@count": "2",
                "state": [
                    {
                        "@name": "Show non-metric",
                        "@input": "CityHierarchyInfo:CityData__Show non-metric"
                    },
                    {
                        "@name": "More",
                        "@input": "CityHierarchyInfo:CityData__More"
                    }
                ]
            }
        },
        {
            "@title": "Nearby airport",
            "@scanner": "Data",
            "@id": "AirportHierarchyInfo:CityData",
            "@position": "900",
            "@error": "false",
            "@numsubpods": "1",
            "subpod": {
                "@title": "",
                "microsources": {
                    "microsource": "CityData"
                },
                "img": {
                    "@src": "https://www5a.wolframalpha.com/Calculate/MSP/MSP6901ai3196g2g33ddf40000581i5d845bd1bbe4?MSPStoreType=image/gif&s=36",
                    "@alt": "Kingston/Norman Rogers Airport | 8 km (kilometers) west (straight-line distances between city center and airport)",
                    "@title": "Kingston/Norman Rogers Airport | 8 km (kilometers) west (straight-line distances between city center and airport)",
                    "@width": "413",
                    "@height": "58",
                    "@type": "Grid",
                    "@themes": "1,2,3,4,5,6,7,8,9,10,11,12",
                    "@colorinvertable": "true"
                },
                "plaintext": "Kingston/Norman Rogers Airport | 8 km (kilometers) west\n(straight-line distances between city center and airport)"
            },
            "expressiontypes": {
                "@count": "1",
                "expressiontype": {
                    "@name": "Grid"
                }
            },
            "states": {
                "@count": "2",
                "state": [
                    {
                        "@name": "Show non-metric",
                        "@input": "AirportHierarchyInfo:CityData__Show non-metric"
                    },
                    {
                        "@name": "More",
                        "@input": "AirportHierarchyInfo:CityData__More"
                    }
                ]
            }
        },
        {
            "@title": "Nearby hospitals",
            "@scanner": "Data",
            "@id": "HospitalHierarchyInfo:CityData",
            "@position": "1000",
            "@error": "false",
            "@numsubpods": "1",
            "subpod": {
                "@title": "",
                "microsources": {
                    "microsource": "CityData"
                },
                "img": {
                    "@src": "https://www5a.wolframalpha.com/Calculate/MSP/MSP6911ai3196g2g33ddf400003f31bhge5he748c4?MSPStoreType=image/gif&s=36",
                    "@alt": "River Hospital (Alexandria Bay) | 48 km (kilometers) east-northeast Samaritan Medical Center | 55 km (kilometers) east-southeast Carthage Area Hospital | 77 km (kilometers) east-southeast (straight-line distances between city center and hospital)",
                    "@title": "River Hospital (Alexandria Bay) | 48 km (kilometers) east-northeast Samaritan Medical Center | 55 km (kilometers) east-southeast Carthage Area Hospital | 77 km (kilometers) east-southeast (straight-line distances between city center and hospital)",
                    "@width": "471",
                    "@height": "114",
                    "@type": "Grid",
                    "@themes": "1,2,3,4,5,6,7,8,9,10,11,12",
                    "@colorinvertable": "true"
                },
                "plaintext": "River Hospital (Alexandria Bay) | 48 km (kilometers) east-northeast\nSamaritan Medical Center | 55 km (kilometers) east-southeast\nCarthage Area Hospital | 77 km (kilometers) east-southeast\n(straight-line distances between city center and hospital)"
            },
            "expressiontypes": {
                "@count": "1",
                "expressiontype": {
                    "@name": "Grid"
                }
            },
            "states": {
                "@count": "1",
                "state": {
                    "@name": "Show non-metric",
                    "@input": "HospitalHierarchyInfo:CityData__Show non-metric"
                }
            }
        },
        {
            "@title": "Geographic properties",
            "@scanner": "Data",
            "@id": "GeographicProperties:CityData",
            "@position": "1100",
            "@error": "false",
            "@numsubpods": "1",
            "subpod": {
                "@title": "",
                "microsources": {
                    "microsource": "CityData"
                },
                "img": {
                    "@src": "https://www5a.wolframalpha.com/Calculate/MSP/MSP6921ai3196g2g33ddf400005f35e66gach5f07i?MSPStoreType=image/gif&s=36",
                    "@alt": "elevation | 96 m",
                    "@title": "elevation | 96 m",
                    "@width": "139",
                    "@height": "36",
                    "@type": "Grid",
                    "@themes": "1,2,3,4,5,6,7,8,9,10,11,12",
                    "@colorinvertable": "true"
                },
                "plaintext": "elevation | 96 m"
            },
            "expressiontypes": {
                "@count": "1",
                "expressiontype": {
                    "@name": "Grid"
                }
            },
            "states": {
                "@count": "1",
                "state": {
                    "@name": "Show non-metric",
                    "@input": "GeographicProperties:CityData__Show non-metric"
                }
            },
            "infos": {
                "@count": "1",
                "info": {
                    "units": {
                        "@count": "1",
                        "unit": {
                            "@short": "m",
                            "@long": "meters"
                        },
                        "img": {
                            "@src": "https://www5a.wolframalpha.com/Calculate/MSP/MSP6931ai3196g2g33ddf4000069g81h86h8cihbf1?MSPStoreType=image/gif&s=36",
                            "@width": "96",
                            "@height": "26"
                        }
                    }
                }
            }
        },
        {
            "@title": "Nearby features",
            "@scanner": "Data",
            "@id": "FeaturesHierarchyInfo:CityData",
            "@position": "1200",
            "@error": "false",
            "@numsubpods": "1",
            "subpod": {
                "@title": "",
                "microsources": {
                    "microsource": [
                        "CityData",
                        "NuclearReactorData"
                    ]
                },
                "datasources": {
                    "datasource": "IAEAPowerReactorInformationSystem"
                },
                "img": {
                    "@src": "https://www5a.wolframalpha.com/Calculate/MSP/MSP6941ai3196g2g33ddf40000582ff1ahbi7a1b3f?MSPStoreType=image/gif&s=36",
                    "@alt": "earth impact | Holleford Crater (2.35 km (kilometers)) | 28 km (kilometers) north-northwest nuclear power site | Fitzpatrick | 79 km (kilometers) south waterfall | High Falls (29 meters) | 149 km (kilometers) southwest mountain | Algonquin Peak (1559 meters) | 201 km (kilometers) east mountain | Mount Marcy (1629 meters) | 206 km (kilometers) east (straight-line distances between city center and feature coordinates)",
                    "@title": "earth impact | Holleford Crater (2.35 km (kilometers)) | 28 km (kilometers) north-northwest nuclear power site | Fitzpatrick | 79 km (kilometers) south waterfall | High Falls (29 meters) | 149 km (kilometers) southwest mountain | Algonquin Peak (1559 meters) | 201 km (kilometers) east mountain | Mount Marcy (1629 meters) | 206 km (kilometers) east (straight-line distances between city center and feature coordinates)",
                    "@width": "545",
                    "@height": "254",
                    "@type": "Grid",
                    "@themes": "1,2,3,4,5,6,7,8,9,10,11,12",
                    "@colorinvertable": "true"
                },
                "plaintext": "earth impact | Holleford Crater (2.35 km (kilometers)) | 28 km (kilometers) north-northwest\nnuclear power site | Fitzpatrick | 79 km (kilometers) south\nwaterfall | High Falls (29 meters) | 149 km (kilometers) southwest\nmountain | Algonquin Peak (1559 meters) | 201 km (kilometers) east\nmountain | Mount Marcy (1629 meters) | 206 km (kilometers) east\n(straight-line distances between city center and feature coordinates)"
            },
            "expressiontypes": {
                "@count": "1",
                "expressiontype": {
                    "@name": "Grid"
                }
            },
            "states": {
                "@count": "2",
                "state": [
                    {
                        "@name": "Show non-metric",
                        "@input": "FeaturesHierarchyInfo:CityData__Show non-metric"
                    },
                    {
                        "@name": "More",
                        "@input": "FeaturesHierarchyInfo:CityData__More"
                    }
                ]
            }
        },
        {
            "@title": "Nearest sea",
            "@scanner": "Data",
            "@id": "OceansHierarchyInfo:CityData",
            "@position": "1300",
            "@error": "false",
            "@numsubpods": "1",
            "subpod": {
                "@title": "",
                "microsources": {
                    "microsource": "CityData"
                },
                "img": {
                    "@src": "https://www5a.wolframalpha.com/Calculate/MSP/MSP6951ai3196g2g33ddf40000540c58337h7e4ea4?MSPStoreType=image/gif&s=36",
                    "@alt": "Atlantic Ocean (386 km (kilometers) south-southeast)  (straight-line distance between city center and shore)",
                    "@title": "Atlantic Ocean (386 km (kilometers) south-southeast)  (straight-line distance between city center and shore)",
                    "@width": "350",
                    "@height": "41",
                    "@type": "Default",
                    "@themes": "1,2,3,4,5,6,7,8,9,10,11,12",
                    "@colorinvertable": "true"
                },
                "plaintext": "Atlantic Ocean (386 km (kilometers) south-southeast) \n(straight-line distance between city center and shore)"
            },
            "expressiontypes": {
                "@count": "1",
                "expressiontype": {
                    "@name": "Default"
                }
            },
            "states": {
                "@count": "3",
                "state": [
                    {
                        "@name": "Show map",
                        "@input": "OceansHierarchyInfo:CityData__Show map"
                    },
                    {
                        "@name": "Show non-metric",
                        "@input": "OceansHierarchyInfo:CityData__Show non-metric"
                    },
                    {
                        "@name": "More",
                        "@input": "OceansHierarchyInfo:CityData__More"
                    }
                ]
            }
        },
        {
            "@title": "Notable people born in Kingston",
            "@scanner": "Data",
            "@id": "NotablePeople:CityData",
            "@position": "1400",
            "@error": "false",
            "@numsubpods": "1",
            "subpod": {
                "@title": "",
                "microsources": {
                    "microsource": [
                        "CityData",
                        "PeopleData"
                    ]
                },
                "img": {
                    "@src": "https://www5a.wolframalpha.com/Calculate/MSP/MSP6961ai3196g2g33ddf4000039bb22i7c9234873?MSPStoreType=image/gif&s=36",
                    "@alt": "Bryan Adams (musician) (1959) Don Cherry (ice hockey player, etc.) (1934) Tanith Belbin (athlete) (1984) Hugh Dillon (actor, etc.) (1963) Doug Gilmour (ice hockey player) (1963) Robert A. Mundell (economist) (1932) Mike Smith (athlete) (1982) Peter Milliken (politician) (1946) Grant Allen (author) (1848) Kevin Jubinville (actor) (1967) ...",
                    "@title": "Bryan Adams (musician) (1959) Don Cherry (ice hockey player, etc.) (1934) Tanith Belbin (athlete) (1984) Hugh Dillon (actor, etc.) (1963) Doug Gilmour (ice hockey player) (1963) Robert A. Mundell (economist) (1932) Mike Smith (athlete) (1982) Peter Milliken (politician) (1946) Grant Allen (author) (1848) Kevin Jubinville (actor) (1967) ...",
                    "@width": "284",
                    "@height": "209",
                    "@type": "Grid",
                    "@themes": "1,2,3,4,5,6,7,8,9,10,11,12",
                    "@colorinvertable": "true"
                },
                "plaintext": "Bryan Adams (musician) (1959)\nDon Cherry (ice hockey player, etc.) (1934)\nTanith Belbin (athlete) (1984)\nHugh Dillon (actor, etc.) (1963)\nDoug Gilmour (ice hockey player) (1963)\nRobert A. Mundell (economist) (1932)\nMike Smith (athlete) (1982)\nPeter Milliken (politician) (1946)\nGrant Allen (author) (1848)\nKevin Jubinville (actor) (1967)\n..."
            },
            "expressiontypes": {
                "@count": "1",
                "expressiontype": {
                    "@name": "Default"
                }
            },
            "states": {
                "@count": "3",
                "state": [
                    {
                        "@name": "More",
                        "@input": "NotablePeople:CityData__More"
                    },
                    {
                        "@name": "Show dates",
                        "@input": "NotablePeople:CityData__Show dates"
                    },
                    {
                        "@name": "Show deaths",
                        "@input": "NotablePeople:CityData__Show deaths"
                    }
                ]
            }
        },
        {
            "@title": "Wikipedia page hits history",
            "@scanner": "Data",
            "@id": "PopularityPod:WikipediaStatsData",
            "@position": "1500",
            "@error": "false",
            "@numsubpods": "1",
            "subpod": {
                "@title": "",
                "img": {
                    "@src": "https://www5a.wolframalpha.com/Calculate/MSP/MSP6971ai3196g2g33ddf4000042i32cghbh372719?MSPStoreType=image/gif&s=36",
                    "@alt": "Wikipedia page hits history",
                    "@title": "",
                    "@width": "546",
                    "@height": "166",
                    "@type": "TimeSeriesPlot_1",
                    "@themes": "1,2,3,4,5,6,7,8,9,10,11,12",
                    "@colorinvertable": "true"
                },
                "plaintext": null
            },
            "expressiontypes": {
                "@count": "1",
                "expressiontype": {
                    "@name": "TimeSeriesPlot"
                }
            },
            "states": {
                "@count": "1",
                "state": {
                    "@name": "Log scale",
                    "@input": "PopularityPod:WikipediaStatsData__Log scale"
                }
            }
        }
    ],
    "assumptions": {
        "@count": "2",
        "assumption": [
            {
                "@type": "Clash",
                "@word": "Kingston",
                "@template": "Assuming \"${word}\" is ${desc1}. Use as ${desc2} instead",
                "@count": "5",
                "value": [
                    {
                        "@name": "City",
                        "@desc": "a city",
                        "@input": "*C.Kingston-_*City-"
                    },
                    {
                        "@name": "GivenName",
                        "@desc": "a given name",
                        "@input": "*C.Kingston-_*GivenName-"
                    },
                    {
                        "@name": "AdministrativeDivision",
                        "@desc": "an administrative division",
                        "@input": "*C.Kingston-_*AdministrativeDivision-"
                    },
                    {
                        "@name": "Neighborhood",
                        "@desc": "a neighborhood",
                        "@input": "*C.Kingston-_*Neighborhood-"
                    },
                    {
                        "@name": "SolarSystemFeature",
                        "@desc": "a solar system feature",
                        "@input": "*C.Kingston-_*SolarSystemFeature-"
                    }
                ]
            },
            {
                "@type": "SubCategory",
                "@word": "Kingston",
                "@template": "Assuming ${desc1}. Use ${desc2} instead",
                "@count": "22",
                "value": [
                    {
                        "@name": "{Kingston, Ontario, Canada}",
                        "@desc": "Kingston (Canada)",
                        "@input": "*DPClash.CityE.Kingston-_**Kingston.Ontario.Canada--"
                    },
                    {
                        "@name": "{Kingston, Kingston, Jamaica}",
                        "@desc": "Kingston (Jamaica)",
                        "@input": "*DPClash.CityE.Kingston-_**Kingston.Kingston.Jamaica--"
                    },
                    {
                        "@name": "{Kingston, NewYork, UnitedStates}",
                        "@desc": "Kingston (New York, USA)",
                        "@input": "*DPClash.CityE.Kingston-_**Kingston.NewYork.UnitedStates--"
                    },
                    {
                        "@name": "{Kingston, Pennsylvania, UnitedStates}",
                        "@desc": "Kingston (Pennsylvania, USA)",
                        "@input": "*DPClash.CityE.Kingston-_**Kingston.Pennsylvania.UnitedStates--"
                    },
                    {
                        "@name": "{Kingston, NewHampshire, UnitedStates}",
                        "@desc": "Kingston (New Hampshire, USA)",
                        "@input": "*DPClash.CityE.Kingston-_**Kingston.NewHampshire.UnitedStates--"
                    },
                    {
                        "@name": "{Kingston, RhodeIsland, UnitedStates}",
                        "@desc": "Kingston (Rhode Island, USA)",
                        "@input": "*DPClash.CityE.Kingston-_**Kingston.RhodeIsland.UnitedStates--"
                    },
                    {
                        "@name": "{Kingston, Massachusetts, UnitedStates}",
                        "@desc": "Kingston (Massachusetts, USA)",
                        "@input": "*DPClash.CityE.Kingston-_**Kingston.Massachusetts.UnitedStates--"
                    },
                    {
                        "@name": "{Kingston, Tennessee, UnitedStates}",
                        "@desc": "Kingston (Tennessee, USA)",
                        "@input": "*DPClash.CityE.Kingston-_**Kingston.Tennessee.UnitedStates--"
                    },
                    {
                        "@name": "{Kingston, NewJersey, UnitedStates}",
                        "@desc": "Kingston (New Jersey, USA)",
                        "@input": "*DPClash.CityE.Kingston-_**Kingston.NewJersey.UnitedStates--"
                    },
                    {
                        "@name": "{Kingston, Ohio, UnitedStates}",
                        "@desc": "Kingston (Ohio, USA)",
                        "@input": "*DPClash.CityE.Kingston-_**Kingston.Ohio.UnitedStates--"
                    },
                    {
                        "@name": "{Kingston, Illinois, UnitedStates}",
                        "@desc": "Kingston (Illinois, USA)",
                        "@input": "*DPClash.CityE.Kingston-_**Kingston.Illinois.UnitedStates--"
                    },
                    {
                        "@name": "{KingstonBlackmansBay, Tasmania, Australia}",
                        "@desc": "Kingston\u2010Blackmans Bay (Australia)",
                        "@input": "*DPClash.CityE.Kingston-_**KingstonBlackmansBay.Tasmania.Australia--"
                    },
                    {
                        "@name": "{Kingston, Wisconsin, UnitedStates}",
                        "@desc": "Kingston (Wisconsin, USA)",
                        "@input": "*DPClash.CityE.Kingston-_**Kingston.Wisconsin.UnitedStates--"
                    },
                    {
                        "@name": "{Kingston, Oklahoma, UnitedStates}",
                        "@desc": "Kingston (Oklahoma, USA)",
                        "@input": "*DPClash.CityE.Kingston-_**Kingston.Oklahoma.UnitedStates--"
                    },
                    {
                        "@name": "{Kingston, Michigan, UnitedStates}",
                        "@desc": "Kingston (Michigan, USA)",
                        "@input": "*DPClash.CityE.Kingston-_**Kingston.Michigan.UnitedStates--"
                    },
                    {
                        "@name": "{Kingston, Washington, UnitedStates}",
                        "@desc": "Kingston (Washington, USA)",
                        "@input": "*DPClash.CityE.Kingston-_**Kingston.Washington.UnitedStates--"
                    },
                    {
                        "@name": "{Kingston, Georgia, UnitedStates}",
                        "@desc": "Kingston (Georgia, USA)",
                        "@input": "*DPClash.CityE.Kingston-_**Kingston.Georgia.UnitedStates--"
                    },
                    {
                        "@name": "{Kingston, Missouri, UnitedStates}",
                        "@desc": "Kingston (Missouri, USA)",
                        "@input": "*DPClash.CityE.Kingston-_**Kingston.Missouri.UnitedStates--"
                    },
                    {
                        "@name": "{Kingston, Minnesota, UnitedStates}",
                        "@desc": "Kingston (Minnesota, USA)",
                        "@input": "*DPClash.CityE.Kingston-_**Kingston.Minnesota.UnitedStates--"
                    },
                    {
                        "@name": "{Kingston, NorfolkIsland, NorfolkIsland}",
                        "@desc": "Kingston (Norfolk Island)",
                        "@input": "*DPClash.CityE.Kingston-_**Kingston.NorfolkIsland.NorfolkIsland--"
                    },
                    {
                        "@name": "{KingstonJuneau, Wisconsin, UnitedStates}",
                        "@desc": "Kingston (Wisconsin, USA)",
                        "@input": "*DPClash.CityE.Kingston-_**KingstonJuneau.Wisconsin.UnitedStates--"
                    },
                    {
                        "@name": "{Kingston, Utah, UnitedStates}",
                        "@desc": "Kingston (Utah, USA)",
                        "@input": "*DPClash.CityE.Kingston-_**Kingston.Utah.UnitedStates--"
                    }
                ]
            }
        ]
    },
    "userinfoused": {
        "@count": "1",
        "userinfo": {
            "@name": "Country"
        }
    },
    "sources": {
        "@count": "7",
        "source": [
            {
                "@url": "https://www5a.wolframalpha.com/sources/AdministrativeDivisionDataSourceInformationNotes.html",
                "@text": "Administrative division data"
            },
            {
                "@url": "https://www5a.wolframalpha.com/sources/CityDataSourceInformationNotes.html",
                "@text": "City data"
            },
            {
                "@url": "https://www5a.wolframalpha.com/sources/NuclearReactorDataSourceInformationNotes.html",
                "@text": "Nuclear reactor data"
            },
            {
                "@url": "https://www5a.wolframalpha.com/sources/OpenStreetMapSourceInformationNotes.html",
                "@text": "Open street map"
            },
            {
                "@url": "https://www5a.wolframalpha.com/sources/PeopleDataSourceInformationNotes.html",
                "@text": "People data"
            },
            {
                "@url": "https://www5a.wolframalpha.com/sources/USCensusDataSourceInformationNotes.html",
                "@text": "US census data"
            },
            {
                "@url": "https://www5a.wolframalpha.com/sources/WeatherDataSourceInformationNotes.html",
                "@text": "Weather data"
            }
        ]
    }
}