{
    "@success": "true",
    "@error": "false",
    "@numpods": "15",
    "@datatypes": "AdministrativeDivision,City,NuclearReactor,Person,WeatherStation",
    "@timedout": "",
    "@timedoutpods": "",
    "@timing": "6.477",
    "@parsetiming": "0.481",
    "@parsetimedout": "false",
    "@recalculate": "",
    "@id": "MSP952510d25g5g13c9ag040000388c1dedeab7g9h3",
    "@host": "https://www4f.wolframalpha.com",
    "@server": "29",
    "@related": "https://www4f.wolframalpha.com/api/v1/relatedQueries.jsp?id=MSPa952610d25g5g13c9ag0400000h1ed3cf8dcd24b99206740851054054704",
    "@version": "2.6",
    "pod": [
        {
            "@title": "Input interpretation",
            "@scanner": "Identity",
            "@id": "Input",
            "@position": "100",
            "@error": "false",
            "@numsubpods": "1",
            "subpod": {
                "@title": "",
                "img": {
                    "@src": "https://www4f.wolframalpha.com/Calculate/MSP/MSP952710d25g5g13c9ag040000289ia1974a7588bg?MSPStoreType=image/gif&s=29",
                    "@alt": "Brampton, Ontario",
                    "@title": "Brampton, Ontario",
                    "@width": "125",
                    "@height": "18",
                    "@type": "Default",
                    "@themes": "1,2,3,4,5,6,7,8,9,10,11,12",
                    "@colorinvertable": "true"
                },
                "plaintext": "Brampton, Ontario"
            },
            "expressiontypes": {
                "@count": "1",
                "expressiontype": {
                    "@name": "Default"
                }
            }
        },
        {
            "@title": "Population",
            "@scanner": "Data",
            "@id": "Population:CityData",
            "@position": "200",
            "@error": "false",
            "@numsubpods": "1",
            "@primary": "true",
            "subpod": {
                "@title": "",
                "microsources": {
                    "microsource": [
                        "CityData",
                        "USCensusData"
                    ]
                },
                "img": {
                    "@src": "https://www4f.wolframalpha.com/Calculate/MSP/MSP952810d25g5g13c9ag04000033i9811e1g22h47i?MSPStoreType=image/gif&s=29",
                    "@alt": "city population | 593638 people (country rank: 9th) (2016 estimate)",
                    "@title": "city population | 593638 people (country rank: 9th) (2016 estimate)",
                    "@width": "453",
                    "@height": "36",
                    "@type": "Grid",
                    "@themes": "1,2,3,4,5,6,7,8,9,10,11,12",
                    "@colorinvertable": "true"
                },
                "plaintext": "city population | 593638 people (country rank: 9th) (2016 estimate)"
            },
            "expressiontypes": {
                "@count": "1",
                "expressiontype": {
                    "@name": "Grid"
                }
            },
            "states": {
                "@count": "1",
                "state": {
                    "@name": "Show history",
                    "@input": "Population:CityData__Show history"
                }
            }
        },
        {
            "@title": "Location",
            "@scanner": "Data",
            "@id": "Location:CityData",
            "@position": "300",
            "@error": "false",
            "@numsubpods": "2",
            "subpod": [
                {
                    "@title": "",
                    "microsources": {
                        "microsource": [
                            "AdministrativeDivisionData",
                            "CityData"
                        ]
                    },
                    "img": {
                        "@src": "https://www4f.wolframalpha.com/Calculate/MSP/MSP952910d25g5g13c9ag040000228ifea91e9egbe4?MSPStoreType=image/gif&s=29",
                        "@alt": "Ontario, Canada",
                        "@title": "Ontario, Canada",
                        "@width": "109",
                        "@height": "18",
                        "@type": "Default",
                        "@themes": "1,2,3,4,5,6,7,8,9,10,11,12",
                        "@colorinvertable": "true"
                    },
                    "plaintext": "Ontario, Canada"
                },
                {
                    "@title": "",
                    "microsources": {
                        "microsource": [
                            "AdministrativeDivisionData",
                            "CityData",
                            "CountryData"
                        ]
                    },
                    "datasources": {
                        "datasource": "CIAFactbook"
                    },
                    "img": {
                        "@src": "https://www4f.wolframalpha.com/Calculate/MSP/MSP953010d25g5g13c9ag04000047bb13a470ga25c5?MSPStoreType=image/gif&s=29",
                        "@alt": "Location",
                        "@title": "",
                        "@width": "328",
                        "@height": "214",
                        "@type": "Default",
                        "@themes": "1,2,3,4,5,6,7,8,9,10,11,12",
                        "@colorinvertable": "true"
                    },
                    "plaintext": null
                }
            ],
            "expressiontypes": {
                "@count": "2",
                "expressiontype": [
                    {
                        "@name": "Default"
                    },
                    {
                        "@name": "Default"
                    }
                ]
            },
            "states": {
                "@count": "2",
                "state": [
                    {
                        "@name": "World map",
                        "@input": "Location:CityData__World map"
                    },
                    {
                        "@name": "Show coordinates",
                        "@input": "Location:CityData__Show coordinates"
                    }
                ]
            },
            "infos": {
                "@count": "1",
                "info": {
                    "link": {
                        "@url": "http://maps.google.com?ie=UTF8&z=12&t=k&ll=43.6833%2C-79.7667&q=43.6833%20N%2C%2079.7667%20W",
                        "@text": "Satellite image"
                    }
                }
            }
        },
        {
            "@title": "Local map",
            "@scanner": "Data",
            "@id": "Map:CityData",
            "@position": "400",
            "@error": "false",
            "@numsubpods": "1",
            "subpod": {
                "@title": "",
                "microsources": {
                    "microsource": [
                        "CityData",
                        "OpenStreetMap"
                    ]
                },
                "img": {
                    "@src": "https://www4f.wolframalpha.com/Calculate/MSP/MSP953110d25g5g13c9ag0400004hiai1b87h05gbb8?MSPStoreType=image/gif&s=29",
                    "@alt": "Local map",
                    "@title": "",
                    "@width": "550",
                    "@height": "278",
                    "@type": "Default",
                    "@themes": "1,2,3,4,5,6,7,8,9,10,11,12",
                    "@colorinvertable": "false"
                },
                "plaintext": null
            },
            "expressiontypes": {
                "@count": "1",
                "expressiontype": {
                    "@name": "Default"
                }
            },
            "states": {
                "@count": "2",
                "statelist": {
                    "@count": "13",
                    "@value": "120 kilometers across",
                    "@delimiters": "",
                    "state": [
                        {
                            "@name": "8 kilometers across",
                            "@input": "Map:CityData__8 kilometers across"
                        },
                        {
                            "@name": "20 kilometers across",
                            "@input": "Map:CityData__20 kilometers across"
                        },
                        {
                            "@name": "30 kilometers across",
                            "@input": "Map:CityData__30 kilometers across"
                        },
                        {
                            "@name": "60 kilometers across",
                            "@input": "Map:CityData__60 kilometers across"
                        },
                        {
                            "@name": "120 kilometers across",
                            "@input": "Map:CityData__120 kilometers across"
                        },
                        {
                            "@name": "250 kilometers across",
                            "@input": "Map:CityData__250 kilometers across"
                        },
                        {
                            "@name": "490 kilometers across",
                            "@input": "Map:CityData__490 kilometers across"
                        },
                        {
                            "@name": "980 kilometers across",
                            "@input": "Map:CityData__980 kilometers across"
                        },
                        {
                            "@name": "2000 kilometers across",
                            "@input": "Map:CityData__2000 kilometers across"
                        },
                        {
                            "@name": "3900 kilometers across",
                            "@input": "Map:CityData__3900 kilometers across"
                        },
                        {
                            "@name": "7600 kilometers across",
                            "@input": "Map:CityData__7600 kilometers across"
                        },
                        {
                            "@name": "13000 kilometers across",
                            "@input": "Map:CityData__13000 kilometers across"
                        },
                        {
                            "@name": "24000 kilometers across",
                            "@input": "Map:CityData__24000 kilometers across"
                        }
                    ]
                },
                "state": {
                    "@name": "Non-metric",
                    "@input": "Map:CityData__Non-metric"
                }
            },
            "infos": {
                "@count": "1",
                "info": {
                    "link": {
                        "@url": "http://maps.google.com?ie=UTF8&z=12&t=k&ll=43.6833%2C-79.7667&q=43.6833%20N%2C%2079.7667%20W",
                        "@text": "Satellite image"
                    }
                }
            }
        },
        {
            "@title": "Administrative regions",
            "@scanner": "Data",
            "@id": "AdministrativeRegions:CityData",
            "@position": "500",
            "@error": "false",
            "@numsubpods": "1",
            "subpod": {
                "@title": "",
                "microsources": {
                    "microsource": "CityData"
                },
                "img": {
                    "@src": "https://www4f.wolframalpha.com/Calculate/MSP/MSP953210d25g5g13c9ag04000028e28d1gi5h2h212?MSPStoreType=image/gif&s=29",
                    "@alt": "region | Ontario country | Canada",
                    "@title": "region | Ontario country | Canada",
                    "@width": "151",
                    "@height": "68",
                    "@type": "Grid",
                    "@themes": "1,2,3,4,5,6,7,8,9,10,11,12",
                    "@colorinvertable": "true"
                },
                "plaintext": "region | Ontario\ncountry | Canada"
            },
            "expressiontypes": {
                "@count": "1",
                "expressiontype": {
                    "@name": "Grid"
                }
            }
        },
        {
            "@title": "Current local time",
            "@scanner": "Data",
            "@id": "CurrentTime:CityData",
            "@position": "600",
            "@error": "false",
            "@numsubpods": "1",
            "subpod": {
                "@title": "",
                "microsources": {
                    "microsource": "CityData"
                },
                "img": {
                    "@src": "https://www4f.wolframalpha.com/Calculate/MSP/MSP953310d25g5g13c9ag0400004e6d781dcd98bic5?MSPStoreType=image/gif&s=29",
                    "@alt": "11:34 pm EST | Saturday, January 18, 2020",
                    "@title": "11:34 pm EST | Saturday, January 18, 2020",
                    "@width": "301",
                    "@height": "18",
                    "@type": "Grid",
                    "@themes": "1,2,3,4,5,6,7,8,9,10,11,12",
                    "@colorinvertable": "true"
                },
                "plaintext": "11:34 pm EST | Saturday, January 18, 2020"
            },
            "expressiontypes": {
                "@count": "1",
                "expressiontype": {
                    "@name": "Default"
                }
            }
        },
        {
            "@title": "Current weather",
            "@scanner": "Data",
            "@id": "WeatherPod:CityData",
            "@position": "700",
            "@error": "false",
            "@numsubpods": "1",
            "subpod": {
                "@title": "",
                "microsources": {
                    "microsource": [
                        "CityData",
                        "WeatherData"
                    ]
                },
                "img": {
                    "@src": "https://www4f.wolframalpha.com/Calculate/MSP/MSP953410d25g5g13c9ag04000050be8282ib1iae23?MSPStoreType=image/gif&s=29",
                    "@alt": "1 \u00b0C (wind chill: -4 \u00b0C) | relative humidity: 80% | wind: 6 m/s | cloudy",
                    "@title": "1 \u00b0C (wind chill: -4 \u00b0C) | relative humidity: 80% | wind: 6 m/s | cloudy",
                    "@width": "492",
                    "@height": "22",
                    "@type": "Grid",
                    "@themes": "1,2,3,4,5,6,7,8,9,10,11,12",
                    "@colorinvertable": "true"
                },
                "plaintext": "1 \u00b0C (wind chill: -4 \u00b0C) | relative humidity: 80% | wind: 6 m/s | cloudy"
            },
            "expressiontypes": {
                "@count": "1",
                "expressiontype": {
                    "@name": "Grid"
                }
            },
            "states": {
                "@count": "2",
                "state": [
                    {
                        "@name": "Show history",
                        "@input": "WeatherPod:CityData__Show history"
                    },
                    {
                        "@name": "Show non-metric",
                        "@input": "WeatherPod:CityData__Show non-metric"
                    }
                ]
            }
        },
        {
            "@title": "Nearby cities",
            "@scanner": "Data",
            "@id": "CityHierarchyInfo:CityData",
            "@position": "800",
            "@error": "false",
            "@numsubpods": "1",
            "subpod": {
                "@title": "",
                "microsources": {
                    "microsource": "CityData"
                },
                "img": {
                    "@src": "https://www4f.wolframalpha.com/Calculate/MSP/MSP953510d25g5g13c9ag0400005b9hh56gb7i6a1d3?MSPStoreType=image/gif&s=29",
                    "@alt": "Mississauga, Ontario | 13 km (kilometers) southeast | 668549 people Toronto, Ontario | 31 km (kilometers) east | 2.615 million people Hamilton, Ontario | 48 km (kilometers) south | 519949 people (straight-line distances between city centers)",
                    "@title": "Mississauga, Ontario | 13 km (kilometers) southeast | 668549 people Toronto, Ontario | 31 km (kilometers) east | 2.615 million people Hamilton, Ontario | 48 km (kilometers) south | 519949 people (straight-line distances between city centers)",
                    "@width": "518",
                    "@height": "114",
                    "@type": "Grid",
                    "@themes": "1,2,3,4,5,6,7,8,9,10,11,12",
                    "@colorinvertable": "true"
                },
                "plaintext": "Mississauga, Ontario | 13 km (kilometers) southeast | 668549 people\nToronto, Ontario | 31 km (kilometers) east | 2.615 million people\nHamilton, Ontario | 48 km (kilometers) south | 519949 people\n(straight-line distances between city centers)"
            },
            "expressiontypes": {
                "@count": "1",
                "expressiontype": {
                    "@name": "Grid"
                }
            },
            "states": {
                "@count": "2",
                "state": [
                    {
                        "@name": "Show non-metric",
                        "@input": "CityHierarchyInfo:CityData__Show non-metric"
                    },
                    {
                        "@name": "More",
                        "@input": "CityHierarchyInfo:CityData__More"
                    }
                ]
            }
        },
        {
            "@title": "Nearby airport",
            "@scanner": "Data",
            "@id": "AirportHierarchyInfo:CityData",
            "@position": "900",
            "@error": "false",
            "@numsubpods": "1",
            "subpod": {
                "@title": "",
                "microsources": {
                    "microsource": "CityData"
                },
                "img": {
                    "@src": "https://www4f.wolframalpha.com/Calculate/MSP/MSP953610d25g5g13c9ag04000017e5c349afdbed12?MSPStoreType=image/gif&s=29",
                    "@alt": "Toronto Pearson International Airport | 11 km (kilometers) east (straight-line distances between city center and airport)",
                    "@title": "Toronto Pearson International Airport | 11 km (kilometers) east (straight-line distances between city center and airport)",
                    "@width": "450",
                    "@height": "58",
                    "@type": "Grid",
                    "@themes": "1,2,3,4,5,6,7,8,9,10,11,12",
                    "@colorinvertable": "true"
                },
                "plaintext": "Toronto Pearson International Airport | 11 km (kilometers) east\n(straight-line distances between city center and airport)"
            },
            "expressiontypes": {
                "@count": "1",
                "expressiontype": {
                    "@name": "Grid"
                }
            },
            "states": {
                "@count": "2",
                "state": [
                    {
                        "@name": "Show non-metric",
                        "@input": "AirportHierarchyInfo:CityData__Show non-metric"
                    },
                    {
                        "@name": "More",
                        "@input": "AirportHierarchyInfo:CityData__More"
                    }
                ]
            }
        },
        {
            "@title": "Notable company headquarters",
            "@scanner": "Data",
            "@id": "CompaniesInCity:CityData",
            "@position": "1000",
            "@error": "false",
            "@numsubpods": "1",
            "subpod": {
                "@title": "",
                "microsources": {
                    "microsource": "CityData"
                },
                "datasources": {
                    "datasource": [
                        "ForbesAmericasLargestPrivateCompanies",
                        "CrunchBase"
                    ]
                },
                "img": {
                    "@src": "https://www4f.wolframalpha.com/Calculate/MSP/MSP953710d25g5g13c9ag04000033hcecb1b78efh6i?MSPStoreType=image/gif&s=29",
                    "@alt": "Loblaw | 198000 employees (Quarter 4 2017) | $37.15 billion per year (Quarter 4 2017) Brampton Brick Ltd | 319 employees (Quarter 4 2017) | $124.3 million per year (Quarter 4 2017) Nortel Networks Corp | 30300 employees (Quarter 4 2011) | $7 million per year (Quarter 2 2012)",
                    "@title": "Loblaw | 198000 employees (Quarter 4 2017) | $37.15 billion per year (Quarter 4 2017) Brampton Brick Ltd | 319 employees (Quarter 4 2017) | $124.3 million per year (Quarter 4 2017) Nortel Networks Corp | 30300 employees (Quarter 4 2011) | $7 million per year (Quarter 2 2012)",
                    "@width": "545",
                    "@height": "151",
                    "@type": "Grid",
                    "@themes": "1,2,3,4,5,6,7,8,9,10,11,12",
                    "@colorinvertable": "true"
                },
                "plaintext": "Loblaw | 198000 employees (Quarter 4 2017) | $37.15 billion per year (Quarter 4 2017)\nBrampton Brick Ltd | 319 employees (Quarter 4 2017) | $124.3 million per year (Quarter 4 2017)\nNortel Networks Corp | 30300 employees (Quarter 4 2011) | $7 million per year (Quarter 2 2012)"
            },
            "expressiontypes": {
                "@count": "1",
                "expressiontype": {
                    "@name": "Grid"
                }
            }
        },
        {
            "@title": "Nearby features",
            "@scanner": "Data",
            "@id": "FeaturesHierarchyInfo:CityData",
            "@position": "1100",
            "@error": "false",
            "@numsubpods": "1",
            "subpod": {
                "@title": "",
                "microsources": {
                    "microsource": [
                        "CityData",
                        "NuclearReactorData"
                    ]
                },
                "datasources": {
                    "datasource": "IAEAPowerReactorInformationSystem"
                },
                "img": {
                    "@src": "https://www4f.wolframalpha.com/Calculate/MSP/MSP953810d25g5g13c9ag0400002i4a0f18gg342014?MSPStoreType=image/gif&s=29",
                    "@alt": "nuclear power site | Pickering | 58 km (kilometers) east-northeast waterfall | Niagara Falls (51 meters) | 88 km (kilometers) southeast (straight-line distances between city center and feature coordinates)",
                    "@title": "nuclear power site | Pickering | 58 km (kilometers) east-northeast waterfall | Niagara Falls (51 meters) | 88 km (kilometers) southeast (straight-line distances between city center and feature coordinates)",
                    "@width": "546",
                    "@height": "106",
                    "@type": "Grid",
                    "@themes": "1,2,3,4,5,6,7,8,9,10,11,12",
                    "@colorinvertable": "true"
                },
                "plaintext": "nuclear power site | Pickering | 58 km (kilometers) east-northeast\nwaterfall | Niagara Falls (51 meters) | 88 km (kilometers) southeast\n(straight-line distances between city center and feature coordinates)"
            },
            "expressiontypes": {
                "@count": "1",
                "expressiontype": {
                    "@name": "Grid"
                }
            },
            "states": {
                "@count": "1",
                "state": {
                    "@name": "Show non-metric",
                    "@input": "FeaturesHierarchyInfo:CityData__Show non-metric"
                }
            }
        },
        {
            "@title": "Nearest sea",
            "@scanner": "Data",
            "@id": "OceansHierarchyInfo:CityData",
            "@position": "1200",
            "@error": "false",
            "@numsubpods": "1",
            "subpod": {
                "@title": "",
                "microsources": {
                    "microsource": "CityData"
                },
                "img": {
                    "@src": "https://www4f.wolframalpha.com/Calculate/MSP/MSP953910d25g5g13c9ag04000069b7gdgh92ad238b?MSPStoreType=image/gif&s=29",
                    "@alt": "Atlantic Ocean (546 km (kilometers) east-southeast)  (straight-line distance between city center and shore)",
                    "@title": "Atlantic Ocean (546 km (kilometers) east-southeast)  (straight-line distance between city center and shore)",
                    "@width": "339",
                    "@height": "41",
                    "@type": "Default",
                    "@themes": "1,2,3,4,5,6,7,8,9,10,11,12",
                    "@colorinvertable": "true"
                },
                "plaintext": "Atlantic Ocean (546 km (kilometers) east-southeast) \n(straight-line distance between city center and shore)"
            },
            "expressiontypes": {
                "@count": "1",
                "expressiontype": {
                    "@name": "Default"
                }
            },
            "states": {
                "@count": "3",
                "state": [
                    {
                        "@name": "Show map",
                        "@input": "OceansHierarchyInfo:CityData__Show map"
                    },
                    {
                        "@name": "Show non-metric",
                        "@input": "OceansHierarchyInfo:CityData__Show non-metric"
                    },
                    {
                        "@name": "More",
                        "@input": "OceansHierarchyInfo:CityData__More"
                    }
                ]
            }
        },
        {
            "@title": "Notable people born in Brampton",
            "@scanner": "Data",
            "@id": "NotablePeople:CityData",
            "@position": "1300",
            "@error": "false",
            "@numsubpods": "1",
            "subpod": {
                "@title": "",
                "microsources": {
                    "microsource": [
                        "CityData",
                        "PeopleData"
                    ]
                },
                "img": {
                    "@src": "https://www4f.wolframalpha.com/Calculate/MSP/MSP954010d25g5g13c9ag040000297h14f20h9g8890?MSPStoreType=image/gif&s=29",
                    "@alt": "Tyler Seguin (athlete) (1992) Tristan Thompson (basketball player) (1991) Rick Nash (athlete) (1984) Nathaniel Branden (writer) (1930) Atiba Hutchinson (soccer player) (1983) Mike Danton (ice hockey player) (1980) Kyle Labine (actor) (1983) Jason Collett (songwriter, etc.) (\u2248 1900) Jerome Messam (football player) (1985) Mike Weaver (ice hockey player) (1978) ...",
                    "@title": "Tyler Seguin (athlete) (1992) Tristan Thompson (basketball player) (1991) Rick Nash (athlete) (1984) Nathaniel Branden (writer) (1930) Atiba Hutchinson (soccer player) (1983) Mike Danton (ice hockey player) (1980) Kyle Labine (actor) (1983) Jason Collett (songwriter, etc.) (\u2248 1900) Jerome Messam (football player) (1985) Mike Weaver (ice hockey player) (1978) ...",
                    "@width": "297",
                    "@height": "209",
                    "@type": "Grid",
                    "@themes": "1,2,3,4,5,6,7,8,9,10,11,12",
                    "@colorinvertable": "true"
                },
                "plaintext": "Tyler Seguin (athlete) (1992)\nTristan Thompson (basketball player) (1991)\nRick Nash (athlete) (1984)\nNathaniel Branden (writer) (1930)\nAtiba Hutchinson (soccer player) (1983)\nMike Danton (ice hockey player) (1980)\nKyle Labine (actor) (1983)\nJason Collett (songwriter, etc.) (\u2248 1900)\nJerome Messam (football player) (1985)\nMike Weaver (ice hockey player) (1978)\n..."
            },
            "expressiontypes": {
                "@count": "1",
                "expressiontype": {
                    "@name": "Default"
                }
            },
            "states": {
                "@count": "3",
                "state": [
                    {
                        "@name": "More",
                        "@input": "NotablePeople:CityData__More"
                    },
                    {
                        "@name": "Show dates",
                        "@input": "NotablePeople:CityData__Show dates"
                    },
                    {
                        "@name": "Show deaths",
                        "@input": "NotablePeople:CityData__Show deaths"
                    }
                ]
            }
        },
        {
            "@title": "Founding date",
            "@scanner": "Data",
            "@id": "FoundingDates:CityData",
            "@position": "1400",
            "@error": "false",
            "@numsubpods": "1",
            "subpod": {
                "@title": "",
                "microsources": {
                    "microsource": "CityData"
                },
                "img": {
                    "@src": "https://www4f.wolframalpha.com/Calculate/MSP/MSP954110d25g5g13c9ag04000023eg524a1h610701?MSPStoreType=image/gif&s=29",
                    "@alt": "1974 (46 years ago) (incorporation date)",
                    "@title": "1974 (46 years ago) (incorporation date)",
                    "@width": "260",
                    "@height": "18",
                    "@type": "Default",
                    "@themes": "1,2,3,4,5,6,7,8,9,10,11,12",
                    "@colorinvertable": "true"
                },
                "plaintext": "1974 (46 years ago) (incorporation date)"
            },
            "expressiontypes": {
                "@count": "1",
                "expressiontype": {
                    "@name": "Default"
                }
            },
            "states": {
                "@count": "1",
                "state": {
                    "@name": "More",
                    "@input": "FoundingDates:CityData__More"
                }
            }
        },
        {
            "@title": "Wikipedia page hits history",
            "@scanner": "Data",
            "@id": "PopularityPod:WikipediaStatsData",
            "@position": "1500",
            "@error": "false",
            "@numsubpods": "1",
            "subpod": {
                "@title": "",
                "img": {
                    "@src": "https://www4f.wolframalpha.com/Calculate/MSP/MSP954210d25g5g13c9ag0400005f8fg1i64a2h8bb5?MSPStoreType=image/gif&s=29",
                    "@alt": "Wikipedia page hits history",
                    "@title": "",
                    "@width": "546",
                    "@height": "167",
                    "@type": "TimeSeriesPlot_1",
                    "@themes": "1,2,3,4,5,6,7,8,9,10,11,12",
                    "@colorinvertable": "true"
                },
                "plaintext": null
            },
            "expressiontypes": {
                "@count": "1",
                "expressiontype": {
                    "@name": "TimeSeriesPlot"
                }
            },
            "states": {
                "@count": "1",
                "state": {
                    "@name": "Log scale",
                    "@input": "PopularityPod:WikipediaStatsData__Log scale"
                }
            }
        }
    ],
    "assumptions": {
        "@count": "1",
        "assumption": {
            "@type": "SubCategory",
            "@word": "City of Brampton",
            "@template": "Assuming ${desc1}. Use ${desc2} instead",
            "@count": "4",
            "value": [
                {
                    "@name": "{Brampton, Ontario, Canada}",
                    "@desc": "Brampton (Canada)",
                    "@input": "*DPClash.CityE.City+of+Brampton-_**Brampton.Ontario.Canada--"
                },
                {
                    "@name": "{Brampton, Cambridgeshire, UnitedKingdom}",
                    "@desc": "Brampton (Cambridgeshire, United Kingdom)",
                    "@input": "*DPClash.CityE.City+of+Brampton-_**Brampton.Cambridgeshire.UnitedKingdom--"
                },
                {
                    "@name": "{Brampton, Cumbria, UnitedKingdom}",
                    "@desc": "Brampton (Cumbria, United Kingdom)",
                    "@input": "*DPClash.CityE.City+of+Brampton-_**Brampton.Cumbria.UnitedKingdom--"
                },
                {
                    "@name": "{Brampton, Northamptonshire, UnitedKingdom}",
                    "@desc": "Brampton (Northamptonshire, United Kingdom)",
                    "@input": "*DPClash.CityE.City+of+Brampton-_**Brampton.Northamptonshire.UnitedKingdom--"
                }
            ]
        }
    },
    "userinfoused": {
        "@count": "1",
        "userinfo": {
            "@name": "Country"
        }
    },
    "sources": {
        "@count": "7",
        "source": [
            {
                "@url": "https://www4f.wolframalpha.com/sources/AdministrativeDivisionDataSourceInformationNotes.html",
                "@text": "Administrative division data"
            },
            {
                "@url": "https://www4f.wolframalpha.com/sources/CityDataSourceInformationNotes.html",
                "@text": "City data"
            },
            {
                "@url": "https://www4f.wolframalpha.com/sources/NuclearReactorDataSourceInformationNotes.html",
                "@text": "Nuclear reactor data"
            },
            {
                "@url": "https://www4f.wolframalpha.com/sources/OpenStreetMapSourceInformationNotes.html",
                "@text": "Open street map"
            },
            {
                "@url": "https://www4f.wolframalpha.com/sources/PeopleDataSourceInformationNotes.html",
                "@text": "People data"
            },
            {
                "@url": "https://www4f.wolframalpha.com/sources/USCensusDataSourceInformationNotes.html",
                "@text": "US census data"
            },
            {
                "@url": "https://www4f.wolframalpha.com/sources/WeatherDataSourceInformationNotes.html",
                "@text": "Weather data"
            }
        ]
    }
}