{
    "@success": "true",
    "@error": "false",
    "@numpods": "16",
    "@datatypes": "AdministrativeDivision,City,MetropolitanArea,NuclearReactor,Person,WeatherStation",
    "@timedout": "",
    "@timedoutpods": "",
    "@timing": "7.0760000000000005",
    "@parsetiming": "0.168",
    "@parsetimedout": "false",
    "@recalculate": "",
    "@id": "MSP132910g1gch7c18cf57200003f69i024ghdd3210",
    "@host": "https://www5a.wolframalpha.com",
    "@server": "56",
    "@related": "https://www5a.wolframalpha.com/api/v1/relatedQueries.jsp?id=MSPa133010g1gch7c18cf57200000hed7d0ch75393g71335321721000003642",
    "@version": "2.6",
    "pod": [
        {
            "@title": "Input interpretation",
            "@scanner": "Identity",
            "@id": "Input",
            "@position": "100",
            "@error": "false",
            "@numsubpods": "1",
            "subpod": {
                "@title": "",
                "img": {
                    "@src": "https://www5a.wolframalpha.com/Calculate/MSP/MSP133110g1gch7c18cf57200001180d19842d619bf?MSPStoreType=image/gif&s=56",
                    "@alt": "London, Greater London, United Kingdom",
                    "@title": "London, Greater London, United Kingdom",
                    "@width": "275",
                    "@height": "18",
                    "@type": "Default",
                    "@themes": "1,2,3,4,5,6,7,8,9,10,11,12",
                    "@colorinvertable": "true"
                },
                "plaintext": "London, Greater London, United Kingdom"
            },
            "expressiontypes": {
                "@count": "1",
                "expressiontype": {
                    "@name": "Default"
                }
            }
        },
        {
            "@title": "Populations",
            "@scanner": "Data",
            "@id": "Population:CityData",
            "@position": "200",
            "@error": "false",
            "@numsubpods": "1",
            "@primary": "true",
            "subpod": {
                "@title": "",
                "microsources": {
                    "microsource": [
                        "CityData",
                        "MetropolitanAreaData",
                        "USCensusData"
                    ]
                },
                "img": {
                    "@src": "https://www5a.wolframalpha.com/Calculate/MSP/MSP133210g1gch7c18cf57200003fib3ah32733d7h4?MSPStoreType=image/gif&s=56",
                    "@alt": "city population | 8.674 million people (country rank: 1st) (2015 estimate) metro area population | 12.58 million people (London metro area) (2007 estimate)",
                    "@title": "city population | 8.674 million people (country rank: 1st) (2015 estimate) metro area population | 12.58 million people (London metro area) (2007 estimate)",
                    "@width": "542",
                    "@height": "68",
                    "@type": "Grid",
                    "@themes": "1,2,3,4,5,6,7,8,9,10,11,12",
                    "@colorinvertable": "true"
                },
                "plaintext": "city population | 8.674 million people (country rank: 1st) (2015 estimate)\nmetro area population | 12.58 million people (London metro area) (2007 estimate)"
            },
            "expressiontypes": {
                "@count": "1",
                "expressiontype": {
                    "@name": "Grid"
                }
            },
            "states": {
                "@count": "1",
                "state": {
                    "@name": "Show history",
                    "@input": "Population:CityData__Show history"
                }
            }
        },
        {
            "@title": "Location",
            "@scanner": "Data",
            "@id": "Location:CityData",
            "@position": "300",
            "@error": "false",
            "@numsubpods": "2",
            "subpod": [
                {
                    "@title": "",
                    "microsources": {
                        "microsource": [
                            "AdministrativeDivisionData",
                            "CityData"
                        ]
                    },
                    "img": {
                        "@src": "https://www5a.wolframalpha.com/Calculate/MSP/MSP133310g1gch7c18cf57200005012bab63d4ihdcg?MSPStoreType=image/gif&s=56",
                        "@alt": "Greater London, England, United Kingdom",
                        "@title": "Greater London, England, United Kingdom",
                        "@width": "280",
                        "@height": "18",
                        "@type": "Default",
                        "@themes": "1,2,3,4,5,6,7,8,9,10,11,12",
                        "@colorinvertable": "true"
                    },
                    "plaintext": "Greater London, England, United Kingdom"
                },
                {
                    "@title": "",
                    "microsources": {
                        "microsource": [
                            "AdministrativeDivisionData",
                            "CityData",
                            "CountryData"
                        ]
                    },
                    "datasources": {
                        "datasource": "CIAFactbook"
                    },
                    "img": {
                        "@src": "https://www5a.wolframalpha.com/Calculate/MSP/MSP133410g1gch7c18cf5720000282007eebfch6509?MSPStoreType=image/gif&s=56",
                        "@alt": "Location",
                        "@title": "",
                        "@width": "195",
                        "@height": "326",
                        "@type": "Default",
                        "@themes": "1,2,3,4,5,6,7,8,9,10,11,12",
                        "@colorinvertable": "true"
                    },
                    "plaintext": null
                }
            ],
            "expressiontypes": {
                "@count": "2",
                "expressiontype": [
                    {
                        "@name": "Default"
                    },
                    {
                        "@name": "Default"
                    }
                ]
            },
            "states": {
                "@count": "2",
                "state": [
                    {
                        "@name": "World map",
                        "@input": "Location:CityData__World map"
                    },
                    {
                        "@name": "Show coordinates",
                        "@input": "Location:CityData__Show coordinates"
                    }
                ]
            },
            "infos": {
                "@count": "1",
                "info": {
                    "link": {
                        "@url": "http://maps.google.com?ie=UTF8&z=12&t=k&ll=51.5%2C-0.116667&q=51.5%20N%2C%200.116667%20W",
                        "@text": "Satellite image"
                    }
                }
            }
        },
        {
            "@title": "Local map",
            "@scanner": "Data",
            "@id": "Map:CityData",
            "@position": "400",
            "@error": "false",
            "@numsubpods": "1",
            "subpod": {
                "@title": "",
                "microsources": {
                    "microsource": [
                        "CityData",
                        "OpenStreetMap"
                    ]
                },
                "img": {
                    "@src": "https://www5a.wolframalpha.com/Calculate/MSP/MSP133510g1gch7c18cf5720000607f4icdbi9f2a1f?MSPStoreType=image/gif&s=56",
                    "@alt": "Local map",
                    "@title": "",
                    "@width": "550",
                    "@height": "278",
                    "@type": "Default",
                    "@themes": "1,2,3,4,5,6,7,8,9,10,11,12",
                    "@colorinvertable": "false"
                },
                "plaintext": null
            },
            "expressiontypes": {
                "@count": "1",
                "expressiontype": {
                    "@name": "Default"
                }
            },
            "states": {
                "@count": "2",
                "statelist": {
                    "@count": "13",
                    "@value": "210 kilometers across",
                    "@delimiters": "",
                    "state": [
                        {
                            "@name": "7 kilometers across",
                            "@input": "Map:CityData__7 kilometers across"
                        },
                        {
                            "@name": "10 kilometers across",
                            "@input": "Map:CityData__10 kilometers across"
                        },
                        {
                            "@name": "30 kilometers across",
                            "@input": "Map:CityData__30 kilometers across"
                        },
                        {
                            "@name": "50 kilometers across",
                            "@input": "Map:CityData__50 kilometers across"
                        },
                        {
                            "@name": "110 kilometers across",
                            "@input": "Map:CityData__110 kilometers across"
                        },
                        {
                            "@name": "210 kilometers across",
                            "@input": "Map:CityData__210 kilometers across"
                        },
                        {
                            "@name": "430 kilometers across",
                            "@input": "Map:CityData__430 kilometers across"
                        },
                        {
                            "@name": "850 kilometers across",
                            "@input": "Map:CityData__850 kilometers across"
                        },
                        {
                            "@name": "1700 kilometers across",
                            "@input": "Map:CityData__1700 kilometers across"
                        },
                        {
                            "@name": "3400 kilometers across",
                            "@input": "Map:CityData__3400 kilometers across"
                        },
                        {
                            "@name": "6500 kilometers across",
                            "@input": "Map:CityData__6500 kilometers across"
                        },
                        {
                            "@name": "10000 kilometers across",
                            "@input": "Map:CityData__10000 kilometers across"
                        },
                        {
                            "@name": "20000 kilometers across",
                            "@input": "Map:CityData__20000 kilometers across"
                        }
                    ]
                },
                "state": {
                    "@name": "Non-metric",
                    "@input": "Map:CityData__Non-metric"
                }
            },
            "infos": {
                "@count": "1",
                "info": {
                    "link": {
                        "@url": "http://maps.google.com?ie=UTF8&z=12&t=k&ll=51.5%2C-0.116667&q=51.5%20N%2C%200.116667%20W",
                        "@text": "Satellite image"
                    }
                }
            }
        },
        {
            "@title": "Administrative regions",
            "@scanner": "Data",
            "@id": "AdministrativeRegions:CityData",
            "@position": "500",
            "@error": "false",
            "@numsubpods": "1",
            "subpod": {
                "@title": "",
                "microsources": {
                    "microsource": "CityData"
                },
                "img": {
                    "@src": "https://www5a.wolframalpha.com/Calculate/MSP/MSP133610g1gch7c18cf572000047824fid589089a0?MSPStoreType=image/gif&s=56",
                    "@alt": "region | Greater London country | United Kingdom",
                    "@title": "region | Greater London country | United Kingdom",
                    "@width": "206",
                    "@height": "68",
                    "@type": "Grid",
                    "@themes": "1,2,3,4,5,6,7,8,9,10,11,12",
                    "@colorinvertable": "true"
                },
                "plaintext": "region | Greater London\ncountry | United Kingdom"
            },
            "expressiontypes": {
                "@count": "1",
                "expressiontype": {
                    "@name": "Grid"
                }
            }
        },
        {
            "@title": "Current local time",
            "@scanner": "Data",
            "@id": "CurrentTime:CityData",
            "@position": "600",
            "@error": "false",
            "@numsubpods": "1",
            "subpod": {
                "@title": "",
                "microsources": {
                    "microsource": "CityData"
                },
                "img": {
                    "@src": "https://www5a.wolframalpha.com/Calculate/MSP/MSP133710g1gch7c18cf57200001h2baf0aefciid47?MSPStoreType=image/gif&s=56",
                    "@alt": "4:41 am GMT | Sunday, January 19, 2020",
                    "@title": "4:41 am GMT | Sunday, January 19, 2020",
                    "@width": "288",
                    "@height": "18",
                    "@type": "Grid",
                    "@themes": "1,2,3,4,5,6,7,8,9,10,11,12",
                    "@colorinvertable": "true"
                },
                "plaintext": "4:41 am GMT | Sunday, January 19, 2020"
            },
            "expressiontypes": {
                "@count": "1",
                "expressiontype": {
                    "@name": "Default"
                }
            }
        },
        {
            "@title": "Current weather",
            "@scanner": "Data",
            "@id": "WeatherPod:CityData",
            "@position": "700",
            "@error": "false",
            "@numsubpods": "1",
            "subpod": {
                "@title": "",
                "microsources": {
                    "microsource": [
                        "CityData",
                        "WeatherData"
                    ]
                },
                "img": {
                    "@src": "https://www5a.wolframalpha.com/Calculate/MSP/MSP133810g1gch7c18cf57200001253202hg745d7ha?MSPStoreType=image/gif&s=56",
                    "@alt": "3 \u00b0C (wind chill: 0 \u00b0C) | relative humidity: 81% | wind: 3 m/s",
                    "@title": "3 \u00b0C (wind chill: 0 \u00b0C) | relative humidity: 81% | wind: 3 m/s",
                    "@width": "414",
                    "@height": "22",
                    "@type": "Grid",
                    "@themes": "1,2,3,4,5,6,7,8,9,10,11,12",
                    "@colorinvertable": "true"
                },
                "plaintext": "3 \u00b0C (wind chill: 0 \u00b0C) | relative humidity: 81% | wind: 3 m/s"
            },
            "expressiontypes": {
                "@count": "1",
                "expressiontype": {
                    "@name": "Grid"
                }
            },
            "states": {
                "@count": "2",
                "state": [
                    {
                        "@name": "Show history",
                        "@input": "WeatherPod:CityData__Show history"
                    },
                    {
                        "@name": "Show non-metric",
                        "@input": "WeatherPod:CityData__Show non-metric"
                    }
                ]
            }
        },
        {
            "@title": "Nearby cities",
            "@scanner": "Data",
            "@id": "CityHierarchyInfo:CityData",
            "@position": "800",
            "@error": "false",
            "@numsubpods": "1",
            "subpod": {
                "@title": "",
                "microsources": {
                    "microsource": "CityData"
                },
                "img": {
                    "@src": "https://www5a.wolframalpha.com/Calculate/MSP/MSP133910g1gch7c18cf572000027h8ebda4abf51f0?MSPStoreType=image/gif&s=56",
                    "@alt": "Greenwich, Greater London | 8 km (kilometers) east-southeast | 254557 people Croydon, Greater London | 14 km (kilometers) south | 363378 people Reading | 62 km (kilometers) west | 244070 people Milton Keynes | 72 km (kilometers) northwest | 248821 people Southampton | 112 km (kilometers) southwest | 246201 people Birmingham | 164 km (kilometers) northwest | 1.073 million people (straight-line distances between city centers)",
                    "@title": "Greenwich, Greater London | 8 km (kilometers) east-southeast | 254557 people Croydon, Greater London | 14 km (kilometers) south | 363378 people Reading | 62 km (kilometers) west | 244070 people Milton Keynes | 72 km (kilometers) northwest | 248821 people Southampton | 112 km (kilometers) southwest | 246201 people Birmingham | 164 km (kilometers) northwest | 1.073 million people (straight-line distances between city centers)",
                    "@width": "545",
                    "@height": "282",
                    "@type": "Grid",
                    "@themes": "1,2,3,4,5,6,7,8,9,10,11,12",
                    "@colorinvertable": "true"
                },
                "plaintext": "Greenwich, Greater London | 8 km (kilometers) east-southeast | 254557 people\nCroydon, Greater London | 14 km (kilometers) south | 363378 people\nReading | 62 km (kilometers) west | 244070 people\nMilton Keynes | 72 km (kilometers) northwest | 248821 people\nSouthampton | 112 km (kilometers) southwest | 246201 people\nBirmingham | 164 km (kilometers) northwest | 1.073 million people\n(straight-line distances between city centers)"
            },
            "expressiontypes": {
                "@count": "1",
                "expressiontype": {
                    "@name": "Grid"
                }
            },
            "states": {
                "@count": "2",
                "state": [
                    {
                        "@name": "Show non-metric",
                        "@input": "CityHierarchyInfo:CityData__Show non-metric"
                    },
                    {
                        "@name": "More",
                        "@input": "CityHierarchyInfo:CityData__More"
                    }
                ]
            }
        },
        {
            "@title": "Nearby airports",
            "@scanner": "Data",
            "@id": "AirportHierarchyInfo:CityData",
            "@position": "900",
            "@error": "false",
            "@numsubpods": "1",
            "subpod": {
                "@title": "",
                "microsources": {
                    "microsource": "CityData"
                },
                "img": {
                    "@src": "https://www5a.wolframalpha.com/Calculate/MSP/MSP134010g1gch7c18cf572000044g6a815c27c5h37?MSPStoreType=image/gif&s=56",
                    "@alt": "London City Airport | 12 km (kilometers) east Biggin Hill Airport | 21 km (kilometers) south-southeast London Heathrow Airport | 24 km (kilometers) west North Weald Airport | 31 km (kilometers) northeast London Gatwick Airport | 39 km (kilometers) south (straight-line distances between city center and airport)",
                    "@title": "London City Airport | 12 km (kilometers) east Biggin Hill Airport | 21 km (kilometers) south-southeast London Heathrow Airport | 24 km (kilometers) west North Weald Airport | 31 km (kilometers) northeast London Gatwick Airport | 39 km (kilometers) south (straight-line distances between city center and airport)",
                    "@width": "446",
                    "@height": "170",
                    "@type": "Grid",
                    "@themes": "1,2,3,4,5,6,7,8,9,10,11,12",
                    "@colorinvertable": "true"
                },
                "plaintext": "London City Airport | 12 km (kilometers) east\nBiggin Hill Airport | 21 km (kilometers) south-southeast\nLondon Heathrow Airport | 24 km (kilometers) west\nNorth Weald Airport | 31 km (kilometers) northeast\nLondon Gatwick Airport | 39 km (kilometers) south\n(straight-line distances between city center and airport)"
            },
            "expressiontypes": {
                "@count": "1",
                "expressiontype": {
                    "@name": "Grid"
                }
            },
            "states": {
                "@count": "2",
                "state": [
                    {
                        "@name": "Show non-metric",
                        "@input": "AirportHierarchyInfo:CityData__Show non-metric"
                    },
                    {
                        "@name": "More",
                        "@input": "AirportHierarchyInfo:CityData__More"
                    }
                ]
            }
        },
        {
            "@title": "Notable company headquarters",
            "@scanner": "Data",
            "@id": "CompaniesInCity:CityData",
            "@position": "1000",
            "@error": "false",
            "@numsubpods": "1",
            "subpod": {
                "@title": "",
                "microsources": {
                    "microsource": "CityData"
                },
                "datasources": {
                    "datasource": [
                        "ForbesAmericasLargestPrivateCompanies",
                        "CrunchBase"
                    ]
                },
                "img": {
                    "@src": "https://www5a.wolframalpha.com/Calculate/MSP/MSP134110g1gch7c18cf572000026h78b64h11f16de?MSPStoreType=image/gif&s=56",
                    "@alt": "BP PLC | 74700 employees (Quarter 4 2017) | $242.3 billion per year (Quarter 4 2017) Prudential | 27151 employees (Quarter 4 2017) | $65.61 billion per year (Quarter 4 2007) Unilever | 161000 employees (Quarter 4 2017) | $59.24 billion per year (Quarter 4 2010) BHP Billiton | 26146 employees (Quarter 2 2017) | $54.51 billion per year (Quarter 4 2007) Rio Tinto | 47000 employees (Quarter 4 2017) | $54.26 billion per year (Quarter 4 2008)",
                    "@title": "BP PLC | 74700 employees (Quarter 4 2017) | $242.3 billion per year (Quarter 4 2017) Prudential | 27151 employees (Quarter 4 2017) | $65.61 billion per year (Quarter 4 2007) Unilever | 161000 employees (Quarter 4 2017) | $59.24 billion per year (Quarter 4 2010) BHP Billiton | 26146 employees (Quarter 2 2017) | $54.51 billion per year (Quarter 4 2007) Rio Tinto | 47000 employees (Quarter 4 2017) | $54.26 billion per year (Quarter 4 2008)",
                    "@width": "546",
                    "@height": "249",
                    "@type": "Grid",
                    "@themes": "1,2,3,4,5,6,7,8,9,10,11,12",
                    "@colorinvertable": "true"
                },
                "plaintext": "BP PLC | 74700 employees (Quarter 4 2017) | $242.3 billion per year (Quarter 4 2017)\nPrudential | 27151 employees (Quarter 4 2017) | $65.61 billion per year (Quarter 4 2007)\nUnilever | 161000 employees (Quarter 4 2017) | $59.24 billion per year (Quarter 4 2010)\nBHP Billiton | 26146 employees (Quarter 2 2017) | $54.51 billion per year (Quarter 4 2007)\nRio Tinto | 47000 employees (Quarter 4 2017) | $54.26 billion per year (Quarter 4 2008)"
            },
            "expressiontypes": {
                "@count": "1",
                "expressiontype": {
                    "@name": "Grid"
                }
            },
            "states": {
                "@count": "1",
                "state": {
                    "@name": "More",
                    "@input": "CompaniesInCity:CityData__More"
                }
            }
        },
        {
            "@title": "Geographic properties",
            "@scanner": "Data",
            "@id": "GeographicProperties:CityData",
            "@position": "1100",
            "@error": "false",
            "@numsubpods": "1",
            "subpod": {
                "@title": "",
                "microsources": {
                    "microsource": "CityData"
                },
                "img": {
                    "@src": "https://www5a.wolframalpha.com/Calculate/MSP/MSP134210g1gch7c18cf572000043d2ei8badgea181?MSPStoreType=image/gif&s=56",
                    "@alt": "elevation | 7 m",
                    "@title": "elevation | 7 m",
                    "@width": "131",
                    "@height": "36",
                    "@type": "Grid",
                    "@themes": "1,2,3,4,5,6,7,8,9,10,11,12",
                    "@colorinvertable": "true"
                },
                "plaintext": "elevation | 7 m"
            },
            "expressiontypes": {
                "@count": "1",
                "expressiontype": {
                    "@name": "Grid"
                }
            },
            "states": {
                "@count": "1",
                "state": {
                    "@name": "Show non-metric",
                    "@input": "GeographicProperties:CityData__Show non-metric"
                }
            },
            "infos": {
                "@count": "1",
                "info": {
                    "units": {
                        "@count": "1",
                        "unit": {
                            "@short": "m",
                            "@long": "meters"
                        },
                        "img": {
                            "@src": "https://www5a.wolframalpha.com/Calculate/MSP/MSP134310g1gch7c18cf57200002033d824739ccf0g?MSPStoreType=image/gif&s=56",
                            "@width": "96",
                            "@height": "26"
                        }
                    }
                }
            }
        },
        {
            "@title": "Nearby feature",
            "@scanner": "Data",
            "@id": "FeaturesHierarchyInfo:CityData",
            "@position": "1200",
            "@error": "false",
            "@numsubpods": "1",
            "subpod": {
                "@title": "",
                "microsources": {
                    "microsource": [
                        "CityData",
                        "NuclearReactorData"
                    ]
                },
                "datasources": {
                    "datasource": "IAEAPowerReactorInformationSystem"
                },
                "img": {
                    "@src": "https://www5a.wolframalpha.com/Calculate/MSP/MSP134410g1gch7c18cf572000053bb5ha4e5db8iaa?MSPStoreType=image/gif&s=56",
                    "@alt": "nuclear power site | Bradwell (permanent shutdown) | 75 km (kilometers) east-northeast (straight-line distances between city center and feature coordinates)",
                    "@title": "nuclear power site | Bradwell (permanent shutdown) | 75 km (kilometers) east-northeast (straight-line distances between city center and feature coordinates)",
                    "@width": "545",
                    "@height": "78",
                    "@type": "Grid",
                    "@themes": "1,2,3,4,5,6,7,8,9,10,11,12",
                    "@colorinvertable": "true"
                },
                "plaintext": "nuclear power site | Bradwell (permanent shutdown) | 75 km (kilometers) east-northeast\n(straight-line distances between city center and feature coordinates)"
            },
            "expressiontypes": {
                "@count": "1",
                "expressiontype": {
                    "@name": "Grid"
                }
            },
            "states": {
                "@count": "1",
                "state": {
                    "@name": "Show non-metric",
                    "@input": "FeaturesHierarchyInfo:CityData__Show non-metric"
                }
            }
        },
        {
            "@title": "Nearest sea",
            "@scanner": "Data",
            "@id": "OceansHierarchyInfo:CityData",
            "@position": "1300",
            "@error": "false",
            "@numsubpods": "1",
            "subpod": {
                "@title": "",
                "microsources": {
                    "microsource": "CityData"
                },
                "img": {
                    "@src": "https://www5a.wolframalpha.com/Calculate/MSP/MSP134510g1gch7c18cf57200002b0g594hh2c52ei8?MSPStoreType=image/gif&s=56",
                    "@alt": "North Sea (36 km (kilometers) east)  (straight-line distance between city center and shore)",
                    "@title": "North Sea (36 km (kilometers) east)  (straight-line distance between city center and shore)",
                    "@width": "301",
                    "@height": "41",
                    "@type": "Default",
                    "@themes": "1,2,3,4,5,6,7,8,9,10,11,12",
                    "@colorinvertable": "true"
                },
                "plaintext": "North Sea (36 km (kilometers) east) \n(straight-line distance between city center and shore)"
            },
            "expressiontypes": {
                "@count": "1",
                "expressiontype": {
                    "@name": "Default"
                }
            },
            "states": {
                "@count": "1",
                "state": {
                    "@name": "Show non-metric",
                    "@input": "OceansHierarchyInfo:CityData__Show non-metric"
                }
            }
        },
        {
            "@title": "Nickname",
            "@scanner": "Data",
            "@id": "BasicInformation:CityData",
            "@position": "1400",
            "@error": "false",
            "@numsubpods": "1",
            "subpod": {
                "@title": "",
                "microsources": {
                    "microsource": "CityData"
                },
                "img": {
                    "@src": "https://www5a.wolframalpha.com/Calculate/MSP/MSP134610g1gch7c18cf5720000559iie83281f277h?MSPStoreType=image/gif&s=56",
                    "@alt": "The Big Smoke",
                    "@title": "The Big Smoke",
                    "@width": "97",
                    "@height": "18",
                    "@type": "Default",
                    "@themes": "1,2,3,4,5,6,7,8,9,10,11,12",
                    "@colorinvertable": "true"
                },
                "plaintext": "The Big Smoke"
            },
            "expressiontypes": {
                "@count": "1",
                "expressiontype": {
                    "@name": "Grid"
                }
            }
        },
        {
            "@title": "Notable people born in London",
            "@scanner": "Data",
            "@id": "NotablePeople:CityData",
            "@position": "1500",
            "@error": "false",
            "@numsubpods": "1",
            "subpod": {
                "@title": "",
                "microsources": {
                    "microsource": [
                        "CityData",
                        "PeopleData"
                    ]
                },
                "img": {
                    "@src": "https://www5a.wolframalpha.com/Calculate/MSP/MSP134710g1gch7c18cf57200004a139163079845b2?MSPStoreType=image/gif&s=56",
                    "@alt": "Queen Elizabeth II (royalty) (1926) Adele (singer/songwriter, etc.) (1988) King Henry VIII (royalty) (1491) David Bowie (musician) (1947) Queen Elizabeth I (royalty) (1533) Queen Victoria (royalty) (1819) Amy Winehouse (singer) (1983) Robert Pattinson (actor) (1986) David Beckham (soccer player) (1975) Tom Hardy (actor) (1977) ...",
                    "@title": "Queen Elizabeth II (royalty) (1926) Adele (singer/songwriter, etc.) (1988) King Henry VIII (royalty) (1491) David Bowie (musician) (1947) Queen Elizabeth I (royalty) (1533) Queen Victoria (royalty) (1819) Amy Winehouse (singer) (1983) Robert Pattinson (actor) (1986) David Beckham (soccer player) (1975) Tom Hardy (actor) (1977) ...",
                    "@width": "251",
                    "@height": "209",
                    "@type": "Grid",
                    "@themes": "1,2,3,4,5,6,7,8,9,10,11,12",
                    "@colorinvertable": "true"
                },
                "plaintext": "Queen Elizabeth II (royalty) (1926)\nAdele (singer/songwriter, etc.) (1988)\nKing Henry VIII (royalty) (1491)\nDavid Bowie (musician) (1947)\nQueen Elizabeth I (royalty) (1533)\nQueen Victoria (royalty) (1819)\nAmy Winehouse (singer) (1983)\nRobert Pattinson (actor) (1986)\nDavid Beckham (soccer player) (1975)\nTom Hardy (actor) (1977)\n..."
            },
            "expressiontypes": {
                "@count": "1",
                "expressiontype": {
                    "@name": "Default"
                }
            },
            "states": {
                "@count": "3",
                "state": [
                    {
                        "@name": "More",
                        "@input": "NotablePeople:CityData__More"
                    },
                    {
                        "@name": "Show dates",
                        "@input": "NotablePeople:CityData__Show dates"
                    },
                    {
                        "@name": "Show deaths",
                        "@input": "NotablePeople:CityData__Show deaths"
                    }
                ]
            }
        },
        {
            "@title": "Wikipedia page hits history",
            "@scanner": "Data",
            "@id": "PopularityPod:WikipediaStatsData",
            "@position": "1600",
            "@error": "false",
            "@numsubpods": "1",
            "subpod": {
                "@title": "",
                "img": {
                    "@src": "https://www5a.wolframalpha.com/Calculate/MSP/MSP134810g1gch7c18cf57200004ie11309ga8cfhgd?MSPStoreType=image/gif&s=56",
                    "@alt": "Wikipedia page hits history",
                    "@title": "",
                    "@width": "546",
                    "@height": "164",
                    "@type": "TimeSeriesPlot_1",
                    "@themes": "1,2,3,4,5,6,7,8,9,10,11,12",
                    "@colorinvertable": "true"
                },
                "plaintext": null
            },
            "expressiontypes": {
                "@count": "1",
                "expressiontype": {
                    "@name": "TimeSeriesPlot"
                }
            },
            "states": {
                "@count": "1",
                "state": {
                    "@name": "Log scale",
                    "@input": "PopularityPod:WikipediaStatsData__Log scale"
                }
            }
        }
    ],
    "assumptions": {
        "@count": "2",
        "assumption": [
            {
                "@type": "Clash",
                "@word": "London",
                "@template": "Assuming \"${word}\" is ${desc1}. Use as ${desc2} instead",
                "@count": "4",
                "value": [
                    {
                        "@name": "City",
                        "@desc": "a city",
                        "@input": "*C.London-_*City-"
                    },
                    {
                        "@name": "AdministrativeDivision",
                        "@desc": "an administrative division",
                        "@input": "*C.London-_*AdministrativeDivision-"
                    },
                    {
                        "@name": "GivenName",
                        "@desc": "a given name",
                        "@input": "*C.London-_*GivenName-"
                    },
                    {
                        "@name": "Surname",
                        "@desc": "a surname",
                        "@input": "*C.London-_*Surname-"
                    }
                ]
            },
            {
                "@type": "SubCategory",
                "@word": "London",
                "@template": "Assuming ${desc1}. Use ${desc2} instead",
                "@count": "7",
                "value": [
                    {
                        "@name": "{London, GreaterLondon, UnitedKingdom}",
                        "@desc": "London (United Kingdom)",
                        "@input": "*DPClash.CityE.London-_**London.GreaterLondon.UnitedKingdom--"
                    },
                    {
                        "@name": "{London, Ontario, Canada}",
                        "@desc": "London (Canada)",
                        "@input": "*DPClash.CityE.London-_**London.Ontario.Canada--"
                    },
                    {
                        "@name": "{London, Ohio, UnitedStates}",
                        "@desc": "London (Ohio, USA)",
                        "@input": "*DPClash.CityE.London-_**London.Ohio.UnitedStates--"
                    },
                    {
                        "@name": "{London, Kentucky, UnitedStates}",
                        "@desc": "London (Kentucky, USA)",
                        "@input": "*DPClash.CityE.London-_**London.Kentucky.UnitedStates--"
                    },
                    {
                        "@name": "{London, Arkansas, UnitedStates}",
                        "@desc": "London (Arkansas, USA)",
                        "@input": "*DPClash.CityE.London-_**London.Arkansas.UnitedStates--"
                    },
                    {
                        "@name": "{London, California, UnitedStates}",
                        "@desc": "London (California, USA)",
                        "@input": "*DPClash.CityE.London-_**London.California.UnitedStates--"
                    },
                    {
                        "@name": "{London, Kiritimati, Kiribati}",
                        "@desc": "London (Kiribati)",
                        "@input": "*DPClash.CityE.London-_**London.Kiritimati.Kiribati--"
                    }
                ]
            }
        ]
    },
    "userinfoused": {
        "@count": "1",
        "userinfo": {
            "@name": "Country"
        }
    },
    "sources": {
        "@count": "8",
        "source": [
            {
                "@url": "https://www5a.wolframalpha.com/sources/AdministrativeDivisionDataSourceInformationNotes.html",
                "@text": "Administrative division data"
            },
            {
                "@url": "https://www5a.wolframalpha.com/sources/CityDataSourceInformationNotes.html",
                "@text": "City data"
            },
            {
                "@url": "https://www5a.wolframalpha.com/sources/MetropolitanAreaDataSourceInformationNotes.html",
                "@text": "Metropolitan area data"
            },
            {
                "@url": "https://www5a.wolframalpha.com/sources/NuclearReactorDataSourceInformationNotes.html",
                "@text": "Nuclear reactor data"
            },
            {
                "@url": "https://www5a.wolframalpha.com/sources/OpenStreetMapSourceInformationNotes.html",
                "@text": "Open street map"
            },
            {
                "@url": "https://www5a.wolframalpha.com/sources/PeopleDataSourceInformationNotes.html",
                "@text": "People data"
            },
            {
                "@url": "https://www5a.wolframalpha.com/sources/USCensusDataSourceInformationNotes.html",
                "@text": "US census data"
            },
            {
                "@url": "https://www5a.wolframalpha.com/sources/WeatherDataSourceInformationNotes.html",
                "@text": "Weather data"
            }
        ]
    }
}