{
    "@success": "true",
    "@error": "false",
    "@numpods": "13",
    "@datatypes": "AdministrativeDivision,City,Person,WeatherStation",
    "@timedout": "",
    "@timedoutpods": "",
    "@timing": "5.99",
    "@parsetiming": "0.216",
    "@parsetimedout": "false",
    "@recalculate": "",
    "@id": "MSP15791c6eg7idga12b008000055ag7cehc2a873d2",
    "@host": "https://www5a.wolframalpha.com",
    "@server": "53",
    "@related": "https://www5a.wolframalpha.com/api/v1/relatedQueries.jsp?id=MSPa15801c6eg7idga12b00800004dhdb9366dffb57f4970140347629816757",
    "@version": "2.6",
    "pod": [
        {
            "@title": "Input interpretation",
            "@scanner": "Identity",
            "@id": "Input",
            "@position": "100",
            "@error": "false",
            "@numsubpods": "1",
            "subpod": {
                "@title": "",
                "img": {
                    "@src": "https://www5a.wolframalpha.com/Calculate/MSP/MSP15811c6eg7idga12b00800006832fdi1g9d858g7?MSPStoreType=image/gif&s=53",
                    "@alt": "Moose Factory, Ontario",
                    "@title": "Moose Factory, Ontario",
                    "@width": "155",
                    "@height": "18",
                    "@type": "Default",
                    "@themes": "1,2,3,4,5,6,7,8,9,10,11,12",
                    "@colorinvertable": "true"
                },
                "plaintext": "Moose Factory, Ontario"
            },
            "expressiontypes": {
                "@count": "1",
                "expressiontype": {
                    "@name": "Default"
                }
            }
        },
        {
            "@title": "Population",
            "@scanner": "Data",
            "@id": "Population:CityData",
            "@position": "200",
            "@error": "false",
            "@numsubpods": "1",
            "@primary": "true",
            "subpod": {
                "@title": "",
                "microsources": {
                    "microsource": [
                        "CityData",
                        "USCensusData"
                    ]
                },
                "img": {
                    "@src": "https://www5a.wolframalpha.com/Calculate/MSP/MSP15821c6eg7idga12b00800000gd877c65hie8ed8?MSPStoreType=image/gif&s=53",
                    "@alt": "city population | 2458 people (country rank: \u2248635th) (2006 estimate)",
                    "@title": "city population | 2458 people (country rank: \u2248635th) (2006 estimate)",
                    "@width": "461",
                    "@height": "36",
                    "@type": "Grid",
                    "@themes": "1,2,3,4,5,6,7,8,9,10,11,12",
                    "@colorinvertable": "true"
                },
                "plaintext": "city population | 2458 people (country rank: \u2248635th) (2006 estimate)"
            },
            "expressiontypes": {
                "@count": "1",
                "expressiontype": {
                    "@name": "Grid"
                }
            }
        },
        {
            "@title": "Location",
            "@scanner": "Data",
            "@id": "Location:CityData",
            "@position": "300",
            "@error": "false",
            "@numsubpods": "2",
            "subpod": [
                {
                    "@title": "",
                    "microsources": {
                        "microsource": [
                            "AdministrativeDivisionData",
                            "CityData"
                        ]
                    },
                    "img": {
                        "@src": "https://www5a.wolframalpha.com/Calculate/MSP/MSP15831c6eg7idga12b008000050h7eed9e3if4eii?MSPStoreType=image/gif&s=53",
                        "@alt": "Ontario, Canada",
                        "@title": "Ontario, Canada",
                        "@width": "109",
                        "@height": "18",
                        "@type": "Default",
                        "@themes": "1,2,3,4,5,6,7,8,9,10,11,12",
                        "@colorinvertable": "true"
                    },
                    "plaintext": "Ontario, Canada"
                },
                {
                    "@title": "",
                    "microsources": {
                        "microsource": [
                            "AdministrativeDivisionData",
                            "CityData",
                            "CountryData"
                        ]
                    },
                    "datasources": {
                        "datasource": "CIAFactbook"
                    },
                    "img": {
                        "@src": "https://www5a.wolframalpha.com/Calculate/MSP/MSP15841c6eg7idga12b00800002d3098888894c09g?MSPStoreType=image/gif&s=53",
                        "@alt": "Location",
                        "@title": "",
                        "@width": "328",
                        "@height": "214",
                        "@type": "Default",
                        "@themes": "1,2,3,4,5,6,7,8,9,10,11,12",
                        "@colorinvertable": "true"
                    },
                    "plaintext": null
                }
            ],
            "expressiontypes": {
                "@count": "2",
                "expressiontype": [
                    {
                        "@name": "Default"
                    },
                    {
                        "@name": "Default"
                    }
                ]
            },
            "states": {
                "@count": "2",
                "state": [
                    {
                        "@name": "World map",
                        "@input": "Location:CityData__World map"
                    },
                    {
                        "@name": "Show coordinates",
                        "@input": "Location:CityData__Show coordinates"
                    }
                ]
            },
            "infos": {
                "@count": "1",
                "info": {
                    "link": {
                        "@url": "http://maps.google.com?ie=UTF8&z=12&t=k&ll=51.25%2C-80.6&q=51.25%20N%2C%2080.6%20W",
                        "@text": "Satellite image"
                    }
                }
            }
        },
        {
            "@title": "Local map",
            "@scanner": "Data",
            "@id": "Map:CityData",
            "@position": "400",
            "@error": "false",
            "@numsubpods": "1",
            "subpod": {
                "@title": "",
                "microsources": {
                    "microsource": [
                        "CityData",
                        "OpenStreetMap"
                    ]
                },
                "img": {
                    "@src": "https://www5a.wolframalpha.com/Calculate/MSP/MSP15851c6eg7idga12b0080000415icbigcidc7g4h?MSPStoreType=image/gif&s=53",
                    "@alt": "Local map",
                    "@title": "",
                    "@width": "550",
                    "@height": "278",
                    "@type": "Default",
                    "@themes": "1,2,3,4,5,6,7,8,9,10,11,12",
                    "@colorinvertable": "false"
                },
                "plaintext": null
            },
            "expressiontypes": {
                "@count": "1",
                "expressiontype": {
                    "@name": "Default"
                }
            },
            "states": {
                "@count": "2",
                "statelist": {
                    "@count": "13",
                    "@value": "10 kilometers across",
                    "@delimiters": "",
                    "state": [
                        {
                            "@name": "7 kilometers across",
                            "@input": "Map:CityData__7 kilometers across"
                        },
                        {
                            "@name": "10 kilometers across",
                            "@input": "Map:CityData__10 kilometers across"
                        },
                        {
                            "@name": "30 kilometers across",
                            "@input": "Map:CityData__30 kilometers across"
                        },
                        {
                            "@name": "50 kilometers across",
                            "@input": "Map:CityData__50 kilometers across"
                        },
                        {
                            "@name": "110 kilometers across",
                            "@input": "Map:CityData__110 kilometers across"
                        },
                        {
                            "@name": "210 kilometers across",
                            "@input": "Map:CityData__210 kilometers across"
                        },
                        {
                            "@name": "430 kilometers across",
                            "@input": "Map:CityData__430 kilometers across"
                        },
                        {
                            "@name": "850 kilometers across",
                            "@input": "Map:CityData__850 kilometers across"
                        },
                        {
                            "@name": "1700 kilometers across",
                            "@input": "Map:CityData__1700 kilometers across"
                        },
                        {
                            "@name": "3400 kilometers across",
                            "@input": "Map:CityData__3400 kilometers across"
                        },
                        {
                            "@name": "6500 kilometers across",
                            "@input": "Map:CityData__6500 kilometers across"
                        },
                        {
                            "@name": "11000 kilometers across",
                            "@input": "Map:CityData__11000 kilometers across"
                        },
                        {
                            "@name": "20000 kilometers across",
                            "@input": "Map:CityData__20000 kilometers across"
                        }
                    ]
                },
                "state": {
                    "@name": "Non-metric",
                    "@input": "Map:CityData__Non-metric"
                }
            },
            "infos": {
                "@count": "1",
                "info": {
                    "link": {
                        "@url": "http://maps.google.com?ie=UTF8&z=12&t=k&ll=51.25%2C-80.6&q=51.25%20N%2C%2080.6%20W",
                        "@text": "Satellite image"
                    }
                }
            }
        },
        {
            "@title": "Administrative regions",
            "@scanner": "Data",
            "@id": "AdministrativeRegions:CityData",
            "@position": "500",
            "@error": "false",
            "@numsubpods": "1",
            "subpod": {
                "@title": "",
                "microsources": {
                    "microsource": "CityData"
                },
                "img": {
                    "@src": "https://www5a.wolframalpha.com/Calculate/MSP/MSP15861c6eg7idga12b00800000ggd6e153iic7b3e?MSPStoreType=image/gif&s=53",
                    "@alt": "region | Ontario country | Canada",
                    "@title": "region | Ontario country | Canada",
                    "@width": "151",
                    "@height": "68",
                    "@type": "Grid",
                    "@themes": "1,2,3,4,5,6,7,8,9,10,11,12",
                    "@colorinvertable": "true"
                },
                "plaintext": "region | Ontario\ncountry | Canada"
            },
            "expressiontypes": {
                "@count": "1",
                "expressiontype": {
                    "@name": "Grid"
                }
            }
        },
        {
            "@title": "Current local time",
            "@scanner": "Data",
            "@id": "CurrentTime:CityData",
            "@position": "600",
            "@error": "false",
            "@numsubpods": "1",
            "subpod": {
                "@title": "",
                "microsources": {
                    "microsource": "CityData"
                },
                "img": {
                    "@src": "https://www5a.wolframalpha.com/Calculate/MSP/MSP15871c6eg7idga12b00800005ei4iab87ga3ee42?MSPStoreType=image/gif&s=53",
                    "@alt": "11:42 pm EST | Saturday, January 18, 2020",
                    "@title": "11:42 pm EST | Saturday, January 18, 2020",
                    "@width": "301",
                    "@height": "18",
                    "@type": "Grid",
                    "@themes": "1,2,3,4,5,6,7,8,9,10,11,12",
                    "@colorinvertable": "true"
                },
                "plaintext": "11:42 pm EST | Saturday, January 18, 2020"
            },
            "expressiontypes": {
                "@count": "1",
                "expressiontype": {
                    "@name": "Default"
                }
            }
        },
        {
            "@title": "Current weather",
            "@scanner": "Data",
            "@id": "WeatherPod:CityData",
            "@position": "700",
            "@error": "false",
            "@numsubpods": "1",
            "subpod": {
                "@title": "",
                "microsources": {
                    "microsource": [
                        "CityData",
                        "WeatherData"
                    ]
                },
                "img": {
                    "@src": "https://www5a.wolframalpha.com/Calculate/MSP/MSP15881c6eg7idga12b008000034695i23c6ad25f3?MSPStoreType=image/gif&s=53",
                    "@alt": "-16 \u00b0C (wind chill: -22 \u00b0C) | relative humidity: 78% | wind: 3 m/s | cloudy",
                    "@title": "-16 \u00b0C (wind chill: -22 \u00b0C) | relative humidity: 78% | wind: 3 m/s | cloudy",
                    "@width": "517",
                    "@height": "22",
                    "@type": "Grid",
                    "@themes": "1,2,3,4,5,6,7,8,9,10,11,12",
                    "@colorinvertable": "true"
                },
                "plaintext": "-16 \u00b0C (wind chill: -22 \u00b0C) | relative humidity: 78% | wind: 3 m/s | cloudy"
            },
            "expressiontypes": {
                "@count": "1",
                "expressiontype": {
                    "@name": "Grid"
                }
            },
            "states": {
                "@count": "2",
                "state": [
                    {
                        "@name": "Show history",
                        "@input": "WeatherPod:CityData__Show history"
                    },
                    {
                        "@name": "Show non-metric",
                        "@input": "WeatherPod:CityData__Show non-metric"
                    }
                ]
            }
        },
        {
            "@title": "Nearby cities",
            "@scanner": "Data",
            "@id": "CityHierarchyInfo:CityData",
            "@position": "800",
            "@error": "false",
            "@numsubpods": "1",
            "subpod": {
                "@title": "",
                "microsources": {
                    "microsource": "CityData"
                },
                "img": {
                    "@src": "https://www5a.wolframalpha.com/Calculate/MSP/MSP15891c6eg7idga12b008000029gbc03i7cc81iab?MSPStoreType=image/gif&s=53",
                    "@alt": "Moosonee, Ontario | 4 km (kilometers) northwest | 2006 people Saint-Lambert, Quebec | 268 km (kilometers) south-southeast | 21599 people Timmins, Ontario | 312 km (kilometers) south | 42997 people (straight-line distances between city centers)",
                    "@title": "Moosonee, Ontario | 4 km (kilometers) northwest | 2006 people Saint-Lambert, Quebec | 268 km (kilometers) south-southeast | 21599 people Timmins, Ontario | 312 km (kilometers) south | 42997 people (straight-line distances between city centers)",
                    "@width": "544",
                    "@height": "114",
                    "@type": "Grid",
                    "@themes": "1,2,3,4,5,6,7,8,9,10,11,12",
                    "@colorinvertable": "true"
                },
                "plaintext": "Moosonee, Ontario | 4 km (kilometers) northwest | 2006 people\nSaint-Lambert, Quebec | 268 km (kilometers) south-southeast | 21599 people\nTimmins, Ontario | 312 km (kilometers) south | 42997 people\n(straight-line distances between city centers)"
            },
            "expressiontypes": {
                "@count": "1",
                "expressiontype": {
                    "@name": "Grid"
                }
            },
            "states": {
                "@count": "2",
                "state": [
                    {
                        "@name": "Show non-metric",
                        "@input": "CityHierarchyInfo:CityData__Show non-metric"
                    },
                    {
                        "@name": "More",
                        "@input": "CityHierarchyInfo:CityData__More"
                    }
                ]
            }
        },
        {
            "@title": "Nearby airport",
            "@scanner": "Data",
            "@id": "AirportHierarchyInfo:CityData",
            "@position": "900",
            "@error": "false",
            "@numsubpods": "1",
            "subpod": {
                "@title": "",
                "microsources": {
                    "microsource": "CityData"
                },
                "img": {
                    "@src": "https://www5a.wolframalpha.com/Calculate/MSP/MSP15901c6eg7idga12b00800006a6g7ib357h62ib7?MSPStoreType=image/gif&s=53",
                    "@alt": "Moosonee Airport | 5 km (kilometers) north (straight-line distances between city center and airport)",
                    "@title": "Moosonee Airport | 5 km (kilometers) north (straight-line distances between city center and airport)",
                    "@width": "318",
                    "@height": "58",
                    "@type": "Grid",
                    "@themes": "1,2,3,4,5,6,7,8,9,10,11,12",
                    "@colorinvertable": "true"
                },
                "plaintext": "Moosonee Airport | 5 km (kilometers) north\n(straight-line distances between city center and airport)"
            },
            "expressiontypes": {
                "@count": "1",
                "expressiontype": {
                    "@name": "Grid"
                }
            },
            "states": {
                "@count": "1",
                "state": {
                    "@name": "Show non-metric",
                    "@input": "AirportHierarchyInfo:CityData__Show non-metric"
                }
            }
        },
        {
            "@title": "Geographic properties",
            "@scanner": "Data",
            "@id": "GeographicProperties:CityData",
            "@position": "1000",
            "@error": "false",
            "@numsubpods": "1",
            "subpod": {
                "@title": "",
                "microsources": {
                    "microsource": "CityData"
                },
                "img": {
                    "@src": "https://www5a.wolframalpha.com/Calculate/MSP/MSP15911c6eg7idga12b008000051h0b193fc8fh21f?MSPStoreType=image/gif&s=53",
                    "@alt": "elevation | 0 m",
                    "@title": "elevation | 0 m",
                    "@width": "131",
                    "@height": "36",
                    "@type": "Grid",
                    "@themes": "1,2,3,4,5,6,7,8,9,10,11,12",
                    "@colorinvertable": "true"
                },
                "plaintext": "elevation | 0 m"
            },
            "expressiontypes": {
                "@count": "1",
                "expressiontype": {
                    "@name": "Grid"
                }
            },
            "states": {
                "@count": "1",
                "state": {
                    "@name": "Show non-metric",
                    "@input": "GeographicProperties:CityData__Show non-metric"
                }
            },
            "infos": {
                "@count": "1",
                "info": {
                    "units": {
                        "@count": "1",
                        "unit": {
                            "@short": "m",
                            "@long": "meters"
                        },
                        "img": {
                            "@src": "https://www5a.wolframalpha.com/Calculate/MSP/MSP15921c6eg7idga12b00800004e8ad07473b6065g?MSPStoreType=image/gif&s=53",
                            "@width": "96",
                            "@height": "26"
                        }
                    }
                }
            }
        },
        {
            "@title": "Nearest sea",
            "@scanner": "Data",
            "@id": "OceansHierarchyInfo:CityData",
            "@position": "1100",
            "@error": "false",
            "@numsubpods": "1",
            "subpod": {
                "@title": "",
                "microsources": {
                    "microsource": "CityData"
                },
                "img": {
                    "@src": "https://www5a.wolframalpha.com/Calculate/MSP/MSP15931c6eg7idga12b00800004a55gh0c28a6b139?MSPStoreType=image/gif&s=53",
                    "@alt": "Hudson Bay (<5 km (kilometers))  (straight-line distance between city center and shore)",
                    "@title": "Hudson Bay (<5 km (kilometers))  (straight-line distance between city center and shore)",
                    "@width": "301",
                    "@height": "41",
                    "@type": "Default",
                    "@themes": "1,2,3,4,5,6,7,8,9,10,11,12",
                    "@colorinvertable": "true"
                },
                "plaintext": "Hudson Bay (<5 km (kilometers)) \n(straight-line distance between city center and shore)"
            },
            "expressiontypes": {
                "@count": "1",
                "expressiontype": {
                    "@name": "Default"
                }
            },
            "states": {
                "@count": "1",
                "state": {
                    "@name": "Show non-metric",
                    "@input": "OceansHierarchyInfo:CityData__Show non-metric"
                }
            }
        },
        {
            "@title": "Notable people born in Moose Factory",
            "@scanner": "Data",
            "@id": "NotablePeople:CityData",
            "@position": "1200",
            "@error": "false",
            "@numsubpods": "1",
            "subpod": {
                "@title": "",
                "microsources": {
                    "microsource": [
                        "CityData",
                        "PeopleData"
                    ]
                },
                "img": {
                    "@src": "https://www5a.wolframalpha.com/Calculate/MSP/MSP15941c6eg7idga12b008000028db5ce34f7bb035?MSPStoreType=image/gif&s=53",
                    "@alt": "(none known)",
                    "@title": "(none known)",
                    "@width": "92",
                    "@height": "18",
                    "@type": "Default",
                    "@themes": "1,2,3,4,5,6,7,8,9,10,11,12",
                    "@colorinvertable": "true"
                },
                "plaintext": "(none known)"
            },
            "expressiontypes": {
                "@count": "1",
                "expressiontype": {
                    "@name": "Default"
                }
            },
            "states": {
                "@count": "2",
                "state": [
                    {
                        "@name": "Show dates",
                        "@input": "NotablePeople:CityData__Show dates"
                    },
                    {
                        "@name": "Show deaths",
                        "@input": "NotablePeople:CityData__Show deaths"
                    }
                ]
            }
        },
        {
            "@title": "Wikipedia page hits history",
            "@scanner": "Data",
            "@id": "PopularityPod:WikipediaStatsData",
            "@position": "1300",
            "@error": "false",
            "@numsubpods": "1",
            "subpod": {
                "@title": "",
                "img": {
                    "@src": "https://www5a.wolframalpha.com/Calculate/MSP/MSP15951c6eg7idga12b008000011gecdd895a2ii80?MSPStoreType=image/gif&s=53",
                    "@alt": "Wikipedia page hits history",
                    "@title": "",
                    "@width": "546",
                    "@height": "169",
                    "@type": "TimeSeriesPlot_1",
                    "@themes": "1,2,3,4,5,6,7,8,9,10,11,12",
                    "@colorinvertable": "true"
                },
                "plaintext": null
            },
            "expressiontypes": {
                "@count": "1",
                "expressiontype": {
                    "@name": "TimeSeriesPlot"
                }
            },
            "states": {
                "@count": "1",
                "state": {
                    "@name": "Log scale",
                    "@input": "PopularityPod:WikipediaStatsData__Log scale"
                }
            }
        }
    ],
    "userinfoused": {
        "@count": "1",
        "userinfo": {
            "@name": "Country"
        }
    },
    "sources": {
        "@count": "6",
        "source": [
            {
                "@url": "https://www5a.wolframalpha.com/sources/AdministrativeDivisionDataSourceInformationNotes.html",
                "@text": "Administrative division data"
            },
            {
                "@url": "https://www5a.wolframalpha.com/sources/CityDataSourceInformationNotes.html",
                "@text": "City data"
            },
            {
                "@url": "https://www5a.wolframalpha.com/sources/OpenStreetMapSourceInformationNotes.html",
                "@text": "Open street map"
            },
            {
                "@url": "https://www5a.wolframalpha.com/sources/PeopleDataSourceInformationNotes.html",
                "@text": "People data"
            },
            {
                "@url": "https://www5a.wolframalpha.com/sources/USCensusDataSourceInformationNotes.html",
                "@text": "US census data"
            },
            {
                "@url": "https://www5a.wolframalpha.com/sources/WeatherDataSourceInformationNotes.html",
                "@text": "Weather data"
            }
        ]
    }
}