{
    "@success": "true",
    "@error": "false",
    "@numpods": "14",
    "@datatypes": "AdministrativeDivision,City,NuclearReactor,Person,WeatherStation",
    "@timedout": "",
    "@timedoutpods": "",
    "@timing": "5.899",
    "@parsetiming": "0.099",
    "@parsetimedout": "false",
    "@recalculate": "",
    "@id": "MSP49211h3aa98428c766ag00003cii00gdce7hidhe",
    "@host": "https://www5a.wolframalpha.com",
    "@server": "48",
    "@related": "https://www5a.wolframalpha.com/api/v1/relatedQueries.jsp?id=MSPa49221h3aa98428c766ag00005ca8aahb5100h4g33371779614356333042",
    "@version": "2.6",
    "pod": [
        {
            "@title": "Input interpretation",
            "@scanner": "Identity",
            "@id": "Input",
            "@position": "100",
            "@error": "false",
            "@numsubpods": "1",
            "subpod": {
                "@title": "",
                "img": {
                    "@src": "https://www5a.wolframalpha.com/Calculate/MSP/MSP49231h3aa98428c766ag00005b40cd616e7618i8?MSPStoreType=image/gif&s=48",
                    "@alt": "Nicolet, Quebec",
                    "@title": "Nicolet, Quebec",
                    "@width": "104",
                    "@height": "18",
                    "@type": "Default",
                    "@themes": "1,2,3,4,5,6,7,8,9,10,11,12",
                    "@colorinvertable": "true"
                },
                "plaintext": "Nicolet, Quebec"
            },
            "expressiontypes": {
                "@count": "1",
                "expressiontype": {
                    "@name": "Default"
                }
            }
        },
        {
            "@title": "Population",
            "@scanner": "Data",
            "@id": "Population:CityData",
            "@position": "200",
            "@error": "false",
            "@numsubpods": "1",
            "@primary": "true",
            "subpod": {
                "@title": "",
                "microsources": {
                    "microsource": [
                        "CityData",
                        "USCensusData"
                    ]
                },
                "img": {
                    "@src": "https://www5a.wolframalpha.com/Calculate/MSP/MSP49241h3aa98428c766ag000038f3d97dg57b725e?MSPStoreType=image/gif&s=48",
                    "@alt": "city population | 5180 people (country rank: \u2248398th) (2006 estimate)",
                    "@title": "city population | 5180 people (country rank: \u2248398th) (2006 estimate)",
                    "@width": "461",
                    "@height": "36",
                    "@type": "Grid",
                    "@themes": "1,2,3,4,5,6,7,8,9,10,11,12",
                    "@colorinvertable": "true"
                },
                "plaintext": "city population | 5180 people (country rank: \u2248398th) (2006 estimate)"
            },
            "expressiontypes": {
                "@count": "1",
                "expressiontype": {
                    "@name": "Grid"
                }
            },
            "states": {
                "@count": "1",
                "state": {
                    "@name": "Show history",
                    "@input": "Population:CityData__Show history"
                }
            }
        },
        {
            "@title": "Location",
            "@scanner": "Data",
            "@id": "Location:CityData",
            "@position": "300",
            "@error": "false",
            "@numsubpods": "2",
            "subpod": [
                {
                    "@title": "",
                    "microsources": {
                        "microsource": [
                            "AdministrativeDivisionData",
                            "CityData"
                        ]
                    },
                    "img": {
                        "@src": "https://www5a.wolframalpha.com/Calculate/MSP/MSP49251h3aa98428c766ag000057i0degbgd92cf1c?MSPStoreType=image/gif&s=48",
                        "@alt": "Quebec, Canada",
                        "@title": "Quebec, Canada",
                        "@width": "107",
                        "@height": "18",
                        "@type": "Default",
                        "@themes": "1,2,3,4,5,6,7,8,9,10,11,12",
                        "@colorinvertable": "true"
                    },
                    "plaintext": "Quebec, Canada"
                },
                {
                    "@title": "",
                    "microsources": {
                        "microsource": [
                            "AdministrativeDivisionData",
                            "CityData",
                            "CountryData"
                        ]
                    },
                    "datasources": {
                        "datasource": "CIAFactbook"
                    },
                    "img": {
                        "@src": "https://www5a.wolframalpha.com/Calculate/MSP/MSP49261h3aa98428c766ag00001f602b1462agddh4?MSPStoreType=image/gif&s=48",
                        "@alt": "Location",
                        "@title": "",
                        "@width": "328",
                        "@height": "214",
                        "@type": "Default",
                        "@themes": "1,2,3,4,5,6,7,8,9,10,11,12",
                        "@colorinvertable": "true"
                    },
                    "plaintext": null
                }
            ],
            "expressiontypes": {
                "@count": "2",
                "expressiontype": [
                    {
                        "@name": "Default"
                    },
                    {
                        "@name": "Default"
                    }
                ]
            },
            "states": {
                "@count": "2",
                "state": [
                    {
                        "@name": "World map",
                        "@input": "Location:CityData__World map"
                    },
                    {
                        "@name": "Show coordinates",
                        "@input": "Location:CityData__Show coordinates"
                    }
                ]
            },
            "infos": {
                "@count": "1",
                "info": {
                    "link": {
                        "@url": "http://maps.google.com?ie=UTF8&z=12&t=k&ll=46.22%2C-72.6&q=46.22%20N%2C%2072.6%20W",
                        "@text": "Satellite image"
                    }
                }
            }
        },
        {
            "@title": "Local map",
            "@scanner": "Data",
            "@id": "Map:CityData",
            "@position": "400",
            "@error": "false",
            "@numsubpods": "1",
            "subpod": {
                "@title": "",
                "microsources": {
                    "microsource": [
                        "CityData",
                        "OpenStreetMap"
                    ]
                },
                "img": {
                    "@src": "https://www5a.wolframalpha.com/Calculate/MSP/MSP49271h3aa98428c766ag00004986b4h22b10bghc?MSPStoreType=image/gif&s=48",
                    "@alt": "Local map",
                    "@title": "",
                    "@width": "550",
                    "@height": "278",
                    "@type": "Default",
                    "@themes": "1,2,3,4,5,6,7,8,9,10,11,12",
                    "@colorinvertable": "false"
                },
                "plaintext": null
            },
            "expressiontypes": {
                "@count": "1",
                "expressiontype": {
                    "@name": "Default"
                }
            },
            "states": {
                "@count": "2",
                "statelist": {
                    "@count": "13",
                    "@value": "10 kilometers across",
                    "@delimiters": "",
                    "state": [
                        {
                            "@name": "7 kilometers across",
                            "@input": "Map:CityData__7 kilometers across"
                        },
                        {
                            "@name": "10 kilometers across",
                            "@input": "Map:CityData__10 kilometers across"
                        },
                        {
                            "@name": "30 kilometers across",
                            "@input": "Map:CityData__30 kilometers across"
                        },
                        {
                            "@name": "60 kilometers across",
                            "@input": "Map:CityData__60 kilometers across"
                        },
                        {
                            "@name": "120 kilometers across",
                            "@input": "Map:CityData__120 kilometers across"
                        },
                        {
                            "@name": "240 kilometers across",
                            "@input": "Map:CityData__240 kilometers across"
                        },
                        {
                            "@name": "470 kilometers across",
                            "@input": "Map:CityData__470 kilometers across"
                        },
                        {
                            "@name": "940 kilometers across",
                            "@input": "Map:CityData__940 kilometers across"
                        },
                        {
                            "@name": "1900 kilometers across",
                            "@input": "Map:CityData__1900 kilometers across"
                        },
                        {
                            "@name": "3700 kilometers across",
                            "@input": "Map:CityData__3700 kilometers across"
                        },
                        {
                            "@name": "7300 kilometers across",
                            "@input": "Map:CityData__7300 kilometers across"
                        },
                        {
                            "@name": "12000 kilometers across",
                            "@input": "Map:CityData__12000 kilometers across"
                        },
                        {
                            "@name": "23000 kilometers across",
                            "@input": "Map:CityData__23000 kilometers across"
                        }
                    ]
                },
                "state": {
                    "@name": "Non-metric",
                    "@input": "Map:CityData__Non-metric"
                }
            },
            "infos": {
                "@count": "1",
                "info": {
                    "link": {
                        "@url": "http://maps.google.com?ie=UTF8&z=12&t=k&ll=46.22%2C-72.6&q=46.22%20N%2C%2072.6%20W",
                        "@text": "Satellite image"
                    }
                }
            }
        },
        {
            "@title": "Administrative regions",
            "@scanner": "Data",
            "@id": "AdministrativeRegions:CityData",
            "@position": "500",
            "@error": "false",
            "@numsubpods": "1",
            "subpod": {
                "@title": "",
                "microsources": {
                    "microsource": "CityData"
                },
                "img": {
                    "@src": "https://www5a.wolframalpha.com/Calculate/MSP/MSP49281h3aa98428c766ag00006aih8a113i25bg9h?MSPStoreType=image/gif&s=48",
                    "@alt": "region | Quebec country | Canada",
                    "@title": "region | Quebec country | Canada",
                    "@width": "150",
                    "@height": "68",
                    "@type": "Grid",
                    "@themes": "1,2,3,4,5,6,7,8,9,10,11,12",
                    "@colorinvertable": "true"
                },
                "plaintext": "region | Quebec\ncountry | Canada"
            },
            "expressiontypes": {
                "@count": "1",
                "expressiontype": {
                    "@name": "Grid"
                }
            }
        },
        {
            "@title": "Current local time",
            "@scanner": "Data",
            "@id": "CurrentTime:CityData",
            "@position": "600",
            "@error": "false",
            "@numsubpods": "1",
            "subpod": {
                "@title": "",
                "microsources": {
                    "microsource": "CityData"
                },
                "img": {
                    "@src": "https://www5a.wolframalpha.com/Calculate/MSP/MSP49291h3aa98428c766ag00006a6f016f3gf2abd0?MSPStoreType=image/gif&s=48",
                    "@alt": "11:43 pm EST | Saturday, January 18, 2020",
                    "@title": "11:43 pm EST | Saturday, January 18, 2020",
                    "@width": "301",
                    "@height": "18",
                    "@type": "Grid",
                    "@themes": "1,2,3,4,5,6,7,8,9,10,11,12",
                    "@colorinvertable": "true"
                },
                "plaintext": "11:43 pm EST | Saturday, January 18, 2020"
            },
            "expressiontypes": {
                "@count": "1",
                "expressiontype": {
                    "@name": "Default"
                }
            }
        },
        {
            "@title": "Current weather",
            "@scanner": "Data",
            "@id": "WeatherPod:CityData",
            "@position": "700",
            "@error": "false",
            "@numsubpods": "1",
            "subpod": {
                "@title": "",
                "microsources": {
                    "microsource": [
                        "CityData",
                        "WeatherData"
                    ]
                },
                "img": {
                    "@src": "https://www5a.wolframalpha.com/Calculate/MSP/MSP49301h3aa98428c766ag00001d5hbgdd73d6b928?MSPStoreType=image/gif&s=48",
                    "@alt": "-16 \u00b0C (wind chill: -26 \u00b0C) | relative humidity: 89% | wind: 6 m/s",
                    "@title": "-16 \u00b0C (wind chill: -26 \u00b0C) | relative humidity: 89% | wind: 6 m/s",
                    "@width": "448",
                    "@height": "22",
                    "@type": "Grid",
                    "@themes": "1,2,3,4,5,6,7,8,9,10,11,12",
                    "@colorinvertable": "true"
                },
                "plaintext": "-16 \u00b0C (wind chill: -26 \u00b0C) | relative humidity: 89% | wind: 6 m/s"
            },
            "expressiontypes": {
                "@count": "1",
                "expressiontype": {
                    "@name": "Grid"
                }
            },
            "states": {
                "@count": "2",
                "state": [
                    {
                        "@name": "Show history",
                        "@input": "WeatherPod:CityData__Show history"
                    },
                    {
                        "@name": "Show non-metric",
                        "@input": "WeatherPod:CityData__Show non-metric"
                    }
                ]
            }
        },
        {
            "@title": "Nearby cities",
            "@scanner": "Data",
            "@id": "CityHierarchyInfo:CityData",
            "@position": "800",
            "@error": "false",
            "@numsubpods": "1",
            "subpod": {
                "@title": "",
                "microsources": {
                    "microsource": "CityData"
                },
                "img": {
                    "@src": "https://www5a.wolframalpha.com/Calculate/MSP/MSP49311h3aa98428c766ag00005a53ie3he596bg94?MSPStoreType=image/gif&s=48",
                    "@alt": "Trois-Rivieres, Quebec | 15 km (kilometers) north | 131338 people Montreal, Quebec | 108 km (kilometers) southwest | 1.65 million people Quebec City, Quebec | 124 km (kilometers) east-northeast | 516622 people (straight-line distances between city centers)",
                    "@title": "Trois-Rivieres, Quebec | 15 km (kilometers) north | 131338 people Montreal, Quebec | 108 km (kilometers) southwest | 1.65 million people Quebec City, Quebec | 124 km (kilometers) east-northeast | 516622 people (straight-line distances between city centers)",
                    "@width": "546",
                    "@height": "134",
                    "@type": "Grid",
                    "@themes": "1,2,3,4,5,6,7,8,9,10,11,12",
                    "@colorinvertable": "true"
                },
                "plaintext": "Trois-Rivieres, Quebec | 15 km (kilometers) north | 131338 people\nMontreal, Quebec | 108 km (kilometers) southwest | 1.65 million people\nQuebec City, Quebec | 124 km (kilometers) east-northeast | 516622 people\n(straight-line distances between city centers)"
            },
            "expressiontypes": {
                "@count": "1",
                "expressiontype": {
                    "@name": "Grid"
                }
            },
            "states": {
                "@count": "2",
                "state": [
                    {
                        "@name": "Show non-metric",
                        "@input": "CityHierarchyInfo:CityData__Show non-metric"
                    },
                    {
                        "@name": "More",
                        "@input": "CityHierarchyInfo:CityData__More"
                    }
                ]
            }
        },
        {
            "@title": "Nearby airport",
            "@scanner": "Data",
            "@id": "AirportHierarchyInfo:CityData",
            "@position": "900",
            "@error": "false",
            "@numsubpods": "1",
            "subpod": {
                "@title": "",
                "microsources": {
                    "microsource": "CityData"
                },
                "img": {
                    "@src": "https://www5a.wolframalpha.com/Calculate/MSP/MSP49321h3aa98428c766ag000055923ff273abfad5?MSPStoreType=image/gif&s=48",
                    "@alt": "Trois-Rivieres Airport | 16 km (kilometers) north-northwest (straight-line distances between city center and airport)",
                    "@title": "Trois-Rivieres Airport | 16 km (kilometers) north-northwest (straight-line distances between city center and airport)",
                    "@width": "423",
                    "@height": "58",
                    "@type": "Grid",
                    "@themes": "1,2,3,4,5,6,7,8,9,10,11,12",
                    "@colorinvertable": "true"
                },
                "plaintext": "Trois-Rivieres Airport | 16 km (kilometers) north-northwest\n(straight-line distances between city center and airport)"
            },
            "expressiontypes": {
                "@count": "1",
                "expressiontype": {
                    "@name": "Grid"
                }
            },
            "states": {
                "@count": "2",
                "state": [
                    {
                        "@name": "Show non-metric",
                        "@input": "AirportHierarchyInfo:CityData__Show non-metric"
                    },
                    {
                        "@name": "More",
                        "@input": "AirportHierarchyInfo:CityData__More"
                    }
                ]
            }
        },
        {
            "@title": "Geographic properties",
            "@scanner": "Data",
            "@id": "GeographicProperties:CityData",
            "@position": "1000",
            "@error": "false",
            "@numsubpods": "1",
            "subpod": {
                "@title": "",
                "microsources": {
                    "microsource": "CityData"
                },
                "img": {
                    "@src": "https://www5a.wolframalpha.com/Calculate/MSP/MSP49331h3aa98428c766ag00002e4a2h26be6d7d71?MSPStoreType=image/gif&s=48",
                    "@alt": "elevation | 21 m",
                    "@title": "elevation | 21 m",
                    "@width": "139",
                    "@height": "36",
                    "@type": "Grid",
                    "@themes": "1,2,3,4,5,6,7,8,9,10,11,12",
                    "@colorinvertable": "true"
                },
                "plaintext": "elevation | 21 m"
            },
            "expressiontypes": {
                "@count": "1",
                "expressiontype": {
                    "@name": "Grid"
                }
            },
            "states": {
                "@count": "1",
                "state": {
                    "@name": "Show non-metric",
                    "@input": "GeographicProperties:CityData__Show non-metric"
                }
            },
            "infos": {
                "@count": "1",
                "info": {
                    "units": {
                        "@count": "1",
                        "unit": {
                            "@short": "m",
                            "@long": "meters"
                        },
                        "img": {
                            "@src": "https://www5a.wolframalpha.com/Calculate/MSP/MSP49341h3aa98428c766ag00005f4f2ae571i62g9g?MSPStoreType=image/gif&s=48",
                            "@width": "96",
                            "@height": "26"
                        }
                    }
                }
            }
        },
        {
            "@title": "Nearby features",
            "@scanner": "Data",
            "@id": "FeaturesHierarchyInfo:CityData",
            "@position": "1100",
            "@error": "false",
            "@numsubpods": "1",
            "subpod": {
                "@title": "",
                "microsources": {
                    "microsource": [
                        "CityData",
                        "NuclearReactorData"
                    ]
                },
                "datasources": {
                    "datasource": "IAEAPowerReactorInformationSystem"
                },
                "img": {
                    "@src": "https://www5a.wolframalpha.com/Calculate/MSP/MSP49351h3aa98428c766ag000014c5eg5f1c93g922?MSPStoreType=image/gif&s=48",
                    "@alt": "nuclear power site | Gentilly | 30 km (kilometers) northeast mountain | Mount Madison (1636 meters) | 234 km (kilometers) south-southeast mountain | Mount Washington (1917 meters) | 239 km (kilometers) south-southeast mountain | Mount Monroe (1641 meters) | 240 km (kilometers) south-southeast (straight-line distances between city center and feature coordinates)",
                    "@title": "nuclear power site | Gentilly | 30 km (kilometers) northeast mountain | Mount Madison (1636 meters) | 234 km (kilometers) south-southeast mountain | Mount Washington (1917 meters) | 239 km (kilometers) south-southeast mountain | Mount Monroe (1641 meters) | 240 km (kilometers) south-southeast (straight-line distances between city center and feature coordinates)",
                    "@width": "545",
                    "@height": "226",
                    "@type": "Grid",
                    "@themes": "1,2,3,4,5,6,7,8,9,10,11,12",
                    "@colorinvertable": "true"
                },
                "plaintext": "nuclear power site | Gentilly | 30 km (kilometers) northeast\nmountain | Mount Madison (1636 meters) | 234 km (kilometers) south-southeast\nmountain | Mount Washington (1917 meters) | 239 km (kilometers) south-southeast\nmountain | Mount Monroe (1641 meters) | 240 km (kilometers) south-southeast\n(straight-line distances between city center and feature coordinates)"
            },
            "expressiontypes": {
                "@count": "1",
                "expressiontype": {
                    "@name": "Grid"
                }
            },
            "states": {
                "@count": "2",
                "state": [
                    {
                        "@name": "Show non-metric",
                        "@input": "FeaturesHierarchyInfo:CityData__Show non-metric"
                    },
                    {
                        "@name": "More",
                        "@input": "FeaturesHierarchyInfo:CityData__More"
                    }
                ]
            }
        },
        {
            "@title": "Nearest sea",
            "@scanner": "Data",
            "@id": "OceansHierarchyInfo:CityData",
            "@position": "1200",
            "@error": "false",
            "@numsubpods": "1",
            "subpod": {
                "@title": "",
                "microsources": {
                    "microsource": "CityData"
                },
                "img": {
                    "@src": "https://www5a.wolframalpha.com/Calculate/MSP/MSP49361h3aa98428c766ag00002b1aea3e564afe26?MSPStoreType=image/gif&s=48",
                    "@alt": "Gulf of Saint Lawrence (116 km (kilometers) east-northeast)  (straight-line distance between city center and shore)",
                    "@title": "Gulf of Saint Lawrence (116 km (kilometers) east-northeast)  (straight-line distance between city center and shore)",
                    "@width": "394",
                    "@height": "41",
                    "@type": "Default",
                    "@themes": "1,2,3,4,5,6,7,8,9,10,11,12",
                    "@colorinvertable": "true"
                },
                "plaintext": "Gulf of Saint Lawrence (116 km (kilometers) east-northeast) \n(straight-line distance between city center and shore)"
            },
            "expressiontypes": {
                "@count": "1",
                "expressiontype": {
                    "@name": "Default"
                }
            },
            "states": {
                "@count": "2",
                "state": [
                    {
                        "@name": "Show map",
                        "@input": "OceansHierarchyInfo:CityData__Show map"
                    },
                    {
                        "@name": "Show non-metric",
                        "@input": "OceansHierarchyInfo:CityData__Show non-metric"
                    }
                ]
            }
        },
        {
            "@title": "Notable people born in Nicolet",
            "@scanner": "Data",
            "@id": "NotablePeople:CityData",
            "@position": "1300",
            "@error": "false",
            "@numsubpods": "1",
            "subpod": {
                "@title": "",
                "microsources": {
                    "microsource": [
                        "CityData",
                        "PeopleData"
                    ]
                },
                "img": {
                    "@src": "https://www5a.wolframalpha.com/Calculate/MSP/MSP49371h3aa98428c766ag000056a9de51idg25hf2?MSPStoreType=image/gif&s=48",
                    "@alt": "Roch Pinard (lawyer, etc.) (1910) Camille Roy (politician) (1911)",
                    "@title": "Roch Pinard (lawyer, etc.) (1910) Camille Roy (politician) (1911)",
                    "@width": "220",
                    "@height": "38",
                    "@type": "Grid",
                    "@themes": "1,2,3,4,5,6,7,8,9,10,11,12",
                    "@colorinvertable": "true"
                },
                "plaintext": "Roch Pinard (lawyer, etc.) (1910)\nCamille Roy (politician) (1911)"
            },
            "expressiontypes": {
                "@count": "1",
                "expressiontype": {
                    "@name": "Default"
                }
            },
            "states": {
                "@count": "2",
                "state": [
                    {
                        "@name": "Show dates",
                        "@input": "NotablePeople:CityData__Show dates"
                    },
                    {
                        "@name": "Show deaths",
                        "@input": "NotablePeople:CityData__Show deaths"
                    }
                ]
            }
        },
        {
            "@title": "Wikipedia page hits history",
            "@scanner": "Data",
            "@id": "PopularityPod:WikipediaStatsData",
            "@position": "1400",
            "@error": "false",
            "@numsubpods": "1",
            "subpod": {
                "@title": "",
                "img": {
                    "@src": "https://www5a.wolframalpha.com/Calculate/MSP/MSP49381h3aa98428c766ag000044i84bcdga51a4hd?MSPStoreType=image/gif&s=48",
                    "@alt": "Wikipedia page hits history",
                    "@title": "",
                    "@width": "546",
                    "@height": "168",
                    "@type": "TimeSeriesPlot_1",
                    "@themes": "1,2,3,4,5,6,7,8,9,10,11,12",
                    "@colorinvertable": "true"
                },
                "plaintext": null
            },
            "expressiontypes": {
                "@count": "1",
                "expressiontype": {
                    "@name": "TimeSeriesPlot"
                }
            },
            "states": {
                "@count": "1",
                "state": {
                    "@name": "Log scale",
                    "@input": "PopularityPod:WikipediaStatsData__Log scale"
                }
            }
        }
    ],
    "assumptions": {
        "@count": "1",
        "assumption": {
            "@type": "Clash",
            "@word": "Nicolet",
            "@template": "Assuming \"${word}\" is ${desc1}. Use as ${desc2} instead",
            "@count": "2",
            "value": [
                {
                    "@name": "City",
                    "@desc": "a city",
                    "@input": "*C.Nicolet-_*City-"
                },
                {
                    "@name": "GivenName",
                    "@desc": "a given name",
                    "@input": "*C.Nicolet-_*GivenName-"
                }
            ]
        }
    },
    "userinfoused": {
        "@count": "1",
        "userinfo": {
            "@name": "Country"
        }
    },
    "sources": {
        "@count": "7",
        "source": [
            {
                "@url": "https://www5a.wolframalpha.com/sources/AdministrativeDivisionDataSourceInformationNotes.html",
                "@text": "Administrative division data"
            },
            {
                "@url": "https://www5a.wolframalpha.com/sources/CityDataSourceInformationNotes.html",
                "@text": "City data"
            },
            {
                "@url": "https://www5a.wolframalpha.com/sources/NuclearReactorDataSourceInformationNotes.html",
                "@text": "Nuclear reactor data"
            },
            {
                "@url": "https://www5a.wolframalpha.com/sources/OpenStreetMapSourceInformationNotes.html",
                "@text": "Open street map"
            },
            {
                "@url": "https://www5a.wolframalpha.com/sources/PeopleDataSourceInformationNotes.html",
                "@text": "People data"
            },
            {
                "@url": "https://www5a.wolframalpha.com/sources/USCensusDataSourceInformationNotes.html",
                "@text": "US census data"
            },
            {
                "@url": "https://www5a.wolframalpha.com/sources/WeatherDataSourceInformationNotes.html",
                "@text": "Weather data"
            }
        ]
    }
}