{
    "@success": "true",
    "@error": "false",
    "@numpods": "14",
    "@datatypes": "AdministrativeDivision,City,Person,WeatherStation",
    "@timedout": "",
    "@timedoutpods": "",
    "@timing": "6.231",
    "@parsetiming": "0.28300000000000003",
    "@parsetimedout": "false",
    "@recalculate": "",
    "@id": "MSP39921dg63gae27182h5100000f7ceb176bbg4fgi",
    "@host": "https://www5b.wolframalpha.com",
    "@server": "55",
    "@related": "https://www5b.wolframalpha.com/api/v1/relatedQueries.jsp?id=MSPa39931dg63gae27182h51000030h4fa5i2ai629gg7113371518146264914",
    "@version": "2.6",
    "pod": [
        {
            "@title": "Input interpretation",
            "@scanner": "Identity",
            "@id": "Input",
            "@position": "100",
            "@error": "false",
            "@numsubpods": "1",
            "subpod": {
                "@title": "",
                "img": {
                    "@src": "https://www5b.wolframalpha.com/Calculate/MSP/MSP39941dg63gae27182h51000054g73g9a6c293fe0?MSPStoreType=image/gif&s=55",
                    "@alt": "Powell River, British Columbia",
                    "@title": "Powell River, British Columbia",
                    "@width": "200",
                    "@height": "18",
                    "@type": "Default",
                    "@themes": "1,2,3,4,5,6,7,8,9,10,11,12",
                    "@colorinvertable": "true"
                },
                "plaintext": "Powell River, British Columbia"
            },
            "expressiontypes": {
                "@count": "1",
                "expressiontype": {
                    "@name": "Default"
                }
            }
        },
        {
            "@title": "Population",
            "@scanner": "Data",
            "@id": "Population:CityData",
            "@position": "200",
            "@error": "false",
            "@numsubpods": "1",
            "@primary": "true",
            "subpod": {
                "@title": "",
                "microsources": {
                    "microsource": [
                        "CityData",
                        "USCensusData"
                    ]
                },
                "img": {
                    "@src": "https://www5b.wolframalpha.com/Calculate/MSP/MSP39951dg63gae27182h5100005bab7i8g3ag74d93?MSPStoreType=image/gif&s=55",
                    "@alt": "city population | 13157 people (country rank: \u2248214th) (2016 estimate)",
                    "@title": "city population | 13157 people (country rank: \u2248214th) (2016 estimate)",
                    "@width": "471",
                    "@height": "36",
                    "@type": "Grid",
                    "@themes": "1,2,3,4,5,6,7,8,9,10,11,12",
                    "@colorinvertable": "true"
                },
                "plaintext": "city population | 13157 people (country rank: \u2248214th) (2016 estimate)"
            },
            "expressiontypes": {
                "@count": "1",
                "expressiontype": {
                    "@name": "Grid"
                }
            },
            "states": {
                "@count": "1",
                "state": {
                    "@name": "Show history",
                    "@input": "Population:CityData__Show history"
                }
            }
        },
        {
            "@title": "Location",
            "@scanner": "Data",
            "@id": "Location:CityData",
            "@position": "300",
            "@error": "false",
            "@numsubpods": "2",
            "subpod": [
                {
                    "@title": "",
                    "microsources": {
                        "microsource": [
                            "AdministrativeDivisionData",
                            "CityData"
                        ]
                    },
                    "img": {
                        "@src": "https://www5b.wolframalpha.com/Calculate/MSP/MSP39961dg63gae27182h51000043400di8ci170405?MSPStoreType=image/gif&s=55",
                        "@alt": "British Columbia, Canada",
                        "@title": "British Columbia, Canada",
                        "@width": "168",
                        "@height": "18",
                        "@type": "Default",
                        "@themes": "1,2,3,4,5,6,7,8,9,10,11,12",
                        "@colorinvertable": "true"
                    },
                    "plaintext": "British Columbia, Canada"
                },
                {
                    "@title": "",
                    "microsources": {
                        "microsource": [
                            "AdministrativeDivisionData",
                            "CityData",
                            "CountryData"
                        ]
                    },
                    "datasources": {
                        "datasource": "CIAFactbook"
                    },
                    "img": {
                        "@src": "https://www5b.wolframalpha.com/Calculate/MSP/MSP39971dg63gae27182h51000043b1gb9641c4c3ce?MSPStoreType=image/gif&s=55",
                        "@alt": "Location",
                        "@title": "",
                        "@width": "328",
                        "@height": "214",
                        "@type": "Default",
                        "@themes": "1,2,3,4,5,6,7,8,9,10,11,12",
                        "@colorinvertable": "true"
                    },
                    "plaintext": null
                }
            ],
            "expressiontypes": {
                "@count": "2",
                "expressiontype": [
                    {
                        "@name": "Default"
                    },
                    {
                        "@name": "Default"
                    }
                ]
            },
            "states": {
                "@count": "2",
                "state": [
                    {
                        "@name": "World map",
                        "@input": "Location:CityData__World map"
                    },
                    {
                        "@name": "Show coordinates",
                        "@input": "Location:CityData__Show coordinates"
                    }
                ]
            },
            "infos": {
                "@count": "1",
                "info": {
                    "link": {
                        "@url": "http://maps.google.com?ie=UTF8&z=12&t=k&ll=49.85%2C-124.52&q=49.85%20N%2C%20124.52%20W",
                        "@text": "Satellite image"
                    }
                }
            }
        },
        {
            "@title": "Local map",
            "@scanner": "Data",
            "@id": "Map:CityData",
            "@position": "400",
            "@error": "false",
            "@numsubpods": "1",
            "subpod": {
                "@title": "",
                "microsources": {
                    "microsource": [
                        "CityData",
                        "OpenStreetMap"
                    ]
                },
                "img": {
                    "@src": "https://www5b.wolframalpha.com/Calculate/MSP/MSP39981dg63gae27182h5100002g9fffeh97b2cgi2?MSPStoreType=image/gif&s=55",
                    "@alt": "Local map",
                    "@title": "",
                    "@width": "550",
                    "@height": "278",
                    "@type": "Default",
                    "@themes": "1,2,3,4,5,6,7,8,9,10,11,12",
                    "@colorinvertable": "false"
                },
                "plaintext": null
            },
            "expressiontypes": {
                "@count": "1",
                "expressiontype": {
                    "@name": "Default"
                }
            },
            "states": {
                "@count": "2",
                "statelist": {
                    "@count": "13",
                    "@value": "10 kilometers across",
                    "@delimiters": "",
                    "state": [
                        {
                            "@name": "7 kilometers across",
                            "@input": "Map:CityData__7 kilometers across"
                        },
                        {
                            "@name": "10 kilometers across",
                            "@input": "Map:CityData__10 kilometers across"
                        },
                        {
                            "@name": "30 kilometers across",
                            "@input": "Map:CityData__30 kilometers across"
                        },
                        {
                            "@name": "60 kilometers across",
                            "@input": "Map:CityData__60 kilometers across"
                        },
                        {
                            "@name": "110 kilometers across",
                            "@input": "Map:CityData__110 kilometers across"
                        },
                        {
                            "@name": "220 kilometers across",
                            "@input": "Map:CityData__220 kilometers across"
                        },
                        {
                            "@name": "440 kilometers across",
                            "@input": "Map:CityData__440 kilometers across"
                        },
                        {
                            "@name": "880 kilometers across",
                            "@input": "Map:CityData__880 kilometers across"
                        },
                        {
                            "@name": "1800 kilometers across",
                            "@input": "Map:CityData__1800 kilometers across"
                        },
                        {
                            "@name": "3500 kilometers across",
                            "@input": "Map:CityData__3500 kilometers across"
                        },
                        {
                            "@name": "6700 kilometers across",
                            "@input": "Map:CityData__6700 kilometers across"
                        },
                        {
                            "@name": "11000 kilometers across",
                            "@input": "Map:CityData__11000 kilometers across"
                        },
                        {
                            "@name": "21000 kilometers across",
                            "@input": "Map:CityData__21000 kilometers across"
                        }
                    ]
                },
                "state": {
                    "@name": "Non-metric",
                    "@input": "Map:CityData__Non-metric"
                }
            },
            "infos": {
                "@count": "1",
                "info": {
                    "link": {
                        "@url": "http://maps.google.com?ie=UTF8&z=12&t=k&ll=49.85%2C-124.52&q=49.85%20N%2C%20124.52%20W",
                        "@text": "Satellite image"
                    }
                }
            }
        },
        {
            "@title": "Administrative regions",
            "@scanner": "Data",
            "@id": "AdministrativeRegions:CityData",
            "@position": "500",
            "@error": "false",
            "@numsubpods": "1",
            "subpod": {
                "@title": "",
                "microsources": {
                    "microsource": "CityData"
                },
                "img": {
                    "@src": "https://www5b.wolframalpha.com/Calculate/MSP/MSP39991dg63gae27182h5100004gdab3badh89e7ii?MSPStoreType=image/gif&s=55",
                    "@alt": "region | British Columbia country | Canada",
                    "@title": "region | British Columbia country | Canada",
                    "@width": "210",
                    "@height": "68",
                    "@type": "Grid",
                    "@themes": "1,2,3,4,5,6,7,8,9,10,11,12",
                    "@colorinvertable": "true"
                },
                "plaintext": "region | British Columbia\ncountry | Canada"
            },
            "expressiontypes": {
                "@count": "1",
                "expressiontype": {
                    "@name": "Grid"
                }
            }
        },
        {
            "@title": "Current local time",
            "@scanner": "Data",
            "@id": "CurrentTime:CityData",
            "@position": "600",
            "@error": "false",
            "@numsubpods": "1",
            "subpod": {
                "@title": "",
                "microsources": {
                    "microsource": "CityData"
                },
                "img": {
                    "@src": "https://www5b.wolframalpha.com/Calculate/MSP/MSP40001dg63gae27182h5100005ifc5ia799h0e60i?MSPStoreType=image/gif&s=55",
                    "@alt": "8:43 pm PST | Saturday, January 18, 2020",
                    "@title": "8:43 pm PST | Saturday, January 18, 2020",
                    "@width": "292",
                    "@height": "18",
                    "@type": "Grid",
                    "@themes": "1,2,3,4,5,6,7,8,9,10,11,12",
                    "@colorinvertable": "true"
                },
                "plaintext": "8:43 pm PST | Saturday, January 18, 2020"
            },
            "expressiontypes": {
                "@count": "1",
                "expressiontype": {
                    "@name": "Default"
                }
            }
        },
        {
            "@title": "Current weather",
            "@scanner": "Data",
            "@id": "WeatherPod:CityData",
            "@position": "700",
            "@error": "false",
            "@numsubpods": "1",
            "subpod": {
                "@title": "",
                "microsources": {
                    "microsource": [
                        "CityData",
                        "WeatherData"
                    ]
                },
                "img": {
                    "@src": "https://www5b.wolframalpha.com/Calculate/MSP/MSP40011dg63gae27182h5100003c9c38h5fe6a21id?MSPStoreType=image/gif&s=55",
                    "@alt": "5 \u00b0C (wind chill: 1 \u00b0C) | relative humidity: 100% | wind: 5 m/s | rain, overcast",
                    "@title": "5 \u00b0C (wind chill: 1 \u00b0C) | relative humidity: 100% | wind: 5 m/s | rain, overcast",
                    "@width": "536",
                    "@height": "22",
                    "@type": "Grid",
                    "@themes": "1,2,3,4,5,6,7,8,9,10,11,12",
                    "@colorinvertable": "true"
                },
                "plaintext": "5 \u00b0C (wind chill: 1 \u00b0C) | relative humidity: 100% | wind: 5 m/s | rain, overcast"
            },
            "expressiontypes": {
                "@count": "1",
                "expressiontype": {
                    "@name": "Grid"
                }
            },
            "states": {
                "@count": "2",
                "state": [
                    {
                        "@name": "Show history",
                        "@input": "WeatherPod:CityData__Show history"
                    },
                    {
                        "@name": "Show non-metric",
                        "@input": "WeatherPod:CityData__Show non-metric"
                    }
                ]
            }
        },
        {
            "@title": "Nearby cities",
            "@scanner": "Data",
            "@id": "CityHierarchyInfo:CityData",
            "@position": "800",
            "@error": "false",
            "@numsubpods": "1",
            "subpod": {
                "@title": "",
                "microsources": {
                    "microsource": "CityData"
                },
                "img": {
                    "@src": "https://www5b.wolframalpha.com/Calculate/MSP/MSP40021dg63gae27182h5100002hafi7743e2ihbc1?MSPStoreType=image/gif&s=55",
                    "@alt": "Courtenay, British Columbia | 39 km (kilometers) west-southwest | 37161 people Vancouver, British Columbia | 119 km (kilometers) east-southeast | 603502 people Surrey, British Columbia | 142 km (kilometers) east-southeast | 394976 people (straight-line distances between city centers)",
                    "@title": "Courtenay, British Columbia | 39 km (kilometers) west-southwest | 37161 people Vancouver, British Columbia | 119 km (kilometers) east-southeast | 603502 people Surrey, British Columbia | 142 km (kilometers) east-southeast | 394976 people (straight-line distances between city centers)",
                    "@width": "546",
                    "@height": "176",
                    "@type": "Grid",
                    "@themes": "1,2,3,4,5,6,7,8,9,10,11,12",
                    "@colorinvertable": "true"
                },
                "plaintext": "Courtenay, British Columbia | 39 km (kilometers) west-southwest | 37161 people\nVancouver, British Columbia | 119 km (kilometers) east-southeast | 603502 people\nSurrey, British Columbia | 142 km (kilometers) east-southeast | 394976 people\n(straight-line distances between city centers)"
            },
            "expressiontypes": {
                "@count": "1",
                "expressiontype": {
                    "@name": "Grid"
                }
            },
            "states": {
                "@count": "2",
                "state": [
                    {
                        "@name": "Show non-metric",
                        "@input": "CityHierarchyInfo:CityData__Show non-metric"
                    },
                    {
                        "@name": "More",
                        "@input": "CityHierarchyInfo:CityData__More"
                    }
                ]
            }
        },
        {
            "@title": "Nearby airport",
            "@scanner": "Data",
            "@id": "AirportHierarchyInfo:CityData",
            "@position": "900",
            "@error": "false",
            "@numsubpods": "1",
            "subpod": {
                "@title": "",
                "microsources": {
                    "microsource": "CityData"
                },
                "img": {
                    "@src": "https://www5b.wolframalpha.com/Calculate/MSP/MSP40031dg63gae27182h510000388aedcbi7i512b0?MSPStoreType=image/gif&s=55",
                    "@alt": "Powell River Airport | 2 km (kilometers) southeast (straight-line distances between city center and airport)",
                    "@title": "Powell River Airport | 2 km (kilometers) southeast (straight-line distances between city center and airport)",
                    "@width": "359",
                    "@height": "58",
                    "@type": "Grid",
                    "@themes": "1,2,3,4,5,6,7,8,9,10,11,12",
                    "@colorinvertable": "true"
                },
                "plaintext": "Powell River Airport | 2 km (kilometers) southeast\n(straight-line distances between city center and airport)"
            },
            "expressiontypes": {
                "@count": "1",
                "expressiontype": {
                    "@name": "Grid"
                }
            },
            "states": {
                "@count": "2",
                "state": [
                    {
                        "@name": "Show non-metric",
                        "@input": "AirportHierarchyInfo:CityData__Show non-metric"
                    },
                    {
                        "@name": "More",
                        "@input": "AirportHierarchyInfo:CityData__More"
                    }
                ]
            }
        },
        {
            "@title": "Geographic properties",
            "@scanner": "Data",
            "@id": "GeographicProperties:CityData",
            "@position": "1000",
            "@error": "false",
            "@numsubpods": "1",
            "subpod": {
                "@title": "",
                "microsources": {
                    "microsource": "CityData"
                },
                "img": {
                    "@src": "https://www5b.wolframalpha.com/Calculate/MSP/MSP40041dg63gae27182h51000043519g2g4fg78i38?MSPStoreType=image/gif&s=55",
                    "@alt": "elevation | 74 m",
                    "@title": "elevation | 74 m",
                    "@width": "139",
                    "@height": "36",
                    "@type": "Grid",
                    "@themes": "1,2,3,4,5,6,7,8,9,10,11,12",
                    "@colorinvertable": "true"
                },
                "plaintext": "elevation | 74 m"
            },
            "expressiontypes": {
                "@count": "1",
                "expressiontype": {
                    "@name": "Grid"
                }
            },
            "states": {
                "@count": "1",
                "state": {
                    "@name": "Show non-metric",
                    "@input": "GeographicProperties:CityData__Show non-metric"
                }
            },
            "infos": {
                "@count": "1",
                "info": {
                    "units": {
                        "@count": "1",
                        "unit": {
                            "@short": "m",
                            "@long": "meters"
                        },
                        "img": {
                            "@src": "https://www5b.wolframalpha.com/Calculate/MSP/MSP40051dg63gae27182h5100006ag4ife5aif610cc?MSPStoreType=image/gif&s=55",
                            "@width": "96",
                            "@height": "26"
                        }
                    }
                }
            }
        },
        {
            "@title": "Nearby features",
            "@scanner": "Data",
            "@id": "FeaturesHierarchyInfo:CityData",
            "@position": "1100",
            "@error": "false",
            "@numsubpods": "1",
            "subpod": {
                "@title": "",
                "microsources": {
                    "microsource": "CityData"
                },
                "img": {
                    "@src": "https://www5b.wolframalpha.com/Calculate/MSP/MSP40061dg63gae27182h5100001d1f48ia59368097?MSPStoreType=image/gif&s=55",
                    "@alt": "waterfall | Harmony Falls (444 meters) | 38 km (kilometers) east dam | Comox Lake Dam (138 meters) | 47 km (kilometers) west-southwest mountain | Mount Alfred (2381 meters) | 51 km (kilometers) northeast mountain | Mount Tinniswood (2682 meters) | 70 km (kilometers) northeast volcano | Garibaldi (2678 meters) | 109 km (kilometers) east (straight-line distances between city center and feature coordinates)",
                    "@title": "waterfall | Harmony Falls (444 meters) | 38 km (kilometers) east dam | Comox Lake Dam (138 meters) | 47 km (kilometers) west-southwest mountain | Mount Alfred (2381 meters) | 51 km (kilometers) northeast mountain | Mount Tinniswood (2682 meters) | 70 km (kilometers) northeast volcano | Garibaldi (2678 meters) | 109 km (kilometers) east (straight-line distances between city center and feature coordinates)",
                    "@width": "546",
                    "@height": "212",
                    "@type": "Grid",
                    "@themes": "1,2,3,4,5,6,7,8,9,10,11,12",
                    "@colorinvertable": "true"
                },
                "plaintext": "waterfall | Harmony Falls (444 meters) | 38 km (kilometers) east\ndam | Comox Lake Dam (138 meters) | 47 km (kilometers) west-southwest\nmountain | Mount Alfred (2381 meters) | 51 km (kilometers) northeast\nmountain | Mount Tinniswood (2682 meters) | 70 km (kilometers) northeast\nvolcano | Garibaldi (2678 meters) | 109 km (kilometers) east\n(straight-line distances between city center and feature coordinates)"
            },
            "expressiontypes": {
                "@count": "1",
                "expressiontype": {
                    "@name": "Grid"
                }
            },
            "states": {
                "@count": "2",
                "state": [
                    {
                        "@name": "Show non-metric",
                        "@input": "FeaturesHierarchyInfo:CityData__Show non-metric"
                    },
                    {
                        "@name": "More",
                        "@input": "FeaturesHierarchyInfo:CityData__More"
                    }
                ]
            }
        },
        {
            "@title": "Nearest sea",
            "@scanner": "Data",
            "@id": "OceansHierarchyInfo:CityData",
            "@position": "1200",
            "@error": "false",
            "@numsubpods": "1",
            "subpod": {
                "@title": "",
                "microsources": {
                    "microsource": "CityData"
                },
                "img": {
                    "@src": "https://www5b.wolframalpha.com/Calculate/MSP/MSP40071dg63gae27182h51000055b6h0ei3f6ca582?MSPStoreType=image/gif&s=55",
                    "@alt": "Coastal Waters Of Southeast Alaska and British Columbia (<5 km (kilometers))  (straight-line distance between city center and shore)",
                    "@title": "Coastal Waters Of Southeast Alaska and British Columbia (<5 km (kilometers))  (straight-line distance between city center and shore)",
                    "@width": "515",
                    "@height": "41",
                    "@type": "Default",
                    "@themes": "1,2,3,4,5,6,7,8,9,10,11,12",
                    "@colorinvertable": "true"
                },
                "plaintext": "Coastal Waters Of Southeast Alaska and British Columbia (<5 km (kilometers)) \n(straight-line distance between city center and shore)"
            },
            "expressiontypes": {
                "@count": "1",
                "expressiontype": {
                    "@name": "Default"
                }
            },
            "states": {
                "@count": "1",
                "state": {
                    "@name": "Show non-metric",
                    "@input": "OceansHierarchyInfo:CityData__Show non-metric"
                }
            }
        },
        {
            "@title": "Notable people born in Powell River",
            "@scanner": "Data",
            "@id": "NotablePeople:CityData",
            "@position": "1300",
            "@error": "false",
            "@numsubpods": "1",
            "subpod": {
                "@title": "",
                "microsources": {
                    "microsource": [
                        "CityData",
                        "PeopleData"
                    ]
                },
                "img": {
                    "@src": "https://www5b.wolframalpha.com/Calculate/MSP/MSP40081dg63gae27182h5100005igh21674fe31f9f?MSPStoreType=image/gif&s=55",
                    "@alt": "Harold Long (politician) (1941)",
                    "@title": "Harold Long (politician) (1941)",
                    "@width": "208",
                    "@height": "18",
                    "@type": "Default",
                    "@themes": "1,2,3,4,5,6,7,8,9,10,11,12",
                    "@colorinvertable": "true"
                },
                "plaintext": "Harold Long (politician) (1941)"
            },
            "expressiontypes": {
                "@count": "1",
                "expressiontype": {
                    "@name": "Default"
                }
            },
            "states": {
                "@count": "2",
                "state": [
                    {
                        "@name": "Show dates",
                        "@input": "NotablePeople:CityData__Show dates"
                    },
                    {
                        "@name": "Show deaths",
                        "@input": "NotablePeople:CityData__Show deaths"
                    }
                ]
            }
        },
        {
            "@title": "Wikipedia page hits history",
            "@scanner": "Data",
            "@id": "PopularityPod:WikipediaStatsData",
            "@position": "1400",
            "@error": "false",
            "@numsubpods": "1",
            "subpod": {
                "@title": "",
                "img": {
                    "@src": "https://www5b.wolframalpha.com/Calculate/MSP/MSP40091dg63gae27182h510000665ab68309dhh54e?MSPStoreType=image/gif&s=55",
                    "@alt": "Wikipedia page hits history",
                    "@title": "",
                    "@width": "546",
                    "@height": "167",
                    "@type": "TimeSeriesPlot_1",
                    "@themes": "1,2,3,4,5,6,7,8,9,10,11,12",
                    "@colorinvertable": "true"
                },
                "plaintext": null
            },
            "expressiontypes": {
                "@count": "1",
                "expressiontype": {
                    "@name": "TimeSeriesPlot"
                }
            },
            "states": {
                "@count": "1",
                "state": {
                    "@name": "Log scale",
                    "@input": "PopularityPod:WikipediaStatsData__Log scale"
                }
            }
        }
    ],
    "assumptions": {
        "@count": "1",
        "assumption": {
            "@type": "Clash",
            "@word": "Powell River",
            "@template": "Assuming \"${word}\" is ${desc1}. Use as ${desc2} instead",
            "@count": "2",
            "value": [
                {
                    "@name": "City",
                    "@desc": "a city",
                    "@input": "*C.Powell+River-_*City-"
                },
                {
                    "@name": "AdministrativeDivision",
                    "@desc": "an administrative division",
                    "@input": "*C.Powell+River-_*AdministrativeDivision-"
                }
            ]
        }
    },
    "userinfoused": {
        "@count": "1",
        "userinfo": {
            "@name": "Country"
        }
    },
    "sources": {
        "@count": "6",
        "source": [
            {
                "@url": "https://www5b.wolframalpha.com/sources/AdministrativeDivisionDataSourceInformationNotes.html",
                "@text": "Administrative division data"
            },
            {
                "@url": "https://www5b.wolframalpha.com/sources/CityDataSourceInformationNotes.html",
                "@text": "City data"
            },
            {
                "@url": "https://www5b.wolframalpha.com/sources/OpenStreetMapSourceInformationNotes.html",
                "@text": "Open street map"
            },
            {
                "@url": "https://www5b.wolframalpha.com/sources/PeopleDataSourceInformationNotes.html",
                "@text": "People data"
            },
            {
                "@url": "https://www5b.wolframalpha.com/sources/USCensusDataSourceInformationNotes.html",
                "@text": "US census data"
            },
            {
                "@url": "https://www5b.wolframalpha.com/sources/WeatherDataSourceInformationNotes.html",
                "@text": "Weather data"
            }
        ]
    }
}