{
    "@success": "true",
    "@error": "false",
    "@numpods": "4",
    "@datatypes": "AdministrativeDivision,Country",
    "@timedout": "",
    "@timedoutpods": "",
    "@timing": "0.929",
    "@parsetiming": "0.152",
    "@parsetimedout": "false",
    "@recalculate": "",
    "@id": "MSP39291i953i8a93f67b8d00000i4diafie939b491",
    "@host": "https://www5b.wolframalpha.com",
    "@server": "49",
    "@related": "https://www5b.wolframalpha.com/api/v1/relatedQueries.jsp?id=MSPa39301i953i8a93f67b8d0000515410g9ddai11f55180319528487869589",
    "@version": "2.6",
    "pod": [
        {
            "@title": "Input interpretation",
            "@scanner": "Identity",
            "@id": "Input",
            "@position": "100",
            "@error": "false",
            "@numsubpods": "1",
            "subpod": {
                "@title": "",
                "img": {
                    "@src": "https://www5b.wolframalpha.com/Calculate/MSP/MSP39311i953i8a93f67b8d00005664246dbhb34g70?MSPStoreType=image/gif&s=49",
                    "@alt": "Saint-Nazaire, Loire-Atlantique, Pays-de-la-Loire, France (arrondissement)",
                    "@title": "Saint-Nazaire, Loire-Atlantique, Pays-de-la-Loire, France (arrondissement)",
                    "@width": "489",
                    "@height": "18",
                    "@type": "Default",
                    "@themes": "1,2,3,4,5,6,7,8,9,10,11,12",
                    "@colorinvertable": "true"
                },
                "plaintext": "Saint-Nazaire, Loire-Atlantique, Pays-de-la-Loire, France (arrondissement)"
            },
            "expressiontypes": {
                "@count": "1",
                "expressiontype": {
                    "@name": "Default"
                }
            }
        },
        {
            "@title": "Population",
            "@scanner": "Data",
            "@id": "Population:AdministrativeDivisionData",
            "@position": "200",
            "@error": "false",
            "@numsubpods": "1",
            "subpod": {
                "@title": "",
                "microsources": {
                    "microsource": [
                        "AdministrativeDivisionData",
                        "CountryData"
                    ]
                },
                "datasources": {
                    "datasource": "Statoids"
                },
                "img": {
                    "@src": "https://www5b.wolframalpha.com/Calculate/MSP/MSP39321i953i8a93f67b8d000066bca8ba03011d5g?MSPStoreType=image/gif&s=49",
                    "@alt": "267796 people (0.43% of total for France)",
                    "@title": "267796 people (0.43% of total for France)",
                    "@width": "247",
                    "@height": "18",
                    "@type": "Default",
                    "@themes": "1,2,3,4,5,6,7,8,9,10,11,12",
                    "@colorinvertable": "true"
                },
                "plaintext": "267796 people (0.43% of total for France)"
            },
            "expressiontypes": {
                "@count": "1",
                "expressiontype": {
                    "@name": "Default"
                }
            }
        },
        {
            "@title": "Area",
            "@scanner": "Data",
            "@id": "Area:AdministrativeDivisionData",
            "@position": "300",
            "@error": "false",
            "@numsubpods": "1",
            "subpod": {
                "@title": "",
                "microsources": {
                    "microsource": [
                        "AdministrativeDivisionData",
                        "CountryData"
                    ]
                },
                "datasources": {
                    "datasource": "CIAFactbook"
                },
                "img": {
                    "@src": "https://www5b.wolframalpha.com/Calculate/MSP/MSP39331i953i8a93f67b8d00001hc92e9353id5e00?MSPStoreType=image/gif&s=49",
                    "@alt": "1758 km^2 (square kilometers) (0.32% of total for France)",
                    "@title": "1758 km^2 (square kilometers) (0.32% of total for France)",
                    "@width": "343",
                    "@height": "18",
                    "@type": "Default",
                    "@themes": "1,2,3,4,5,6,7,8,9,10,11,12",
                    "@colorinvertable": "true"
                },
                "plaintext": "1758 km^2 (square kilometers) (0.32% of total for France)"
            },
            "expressiontypes": {
                "@count": "1",
                "expressiontype": {
                    "@name": "Default"
                }
            }
        },
        {
            "@title": "Current local time",
            "@scanner": "Data",
            "@id": "CurrentLocalTimeNoCoord:AdministrativeDivisionData",
            "@position": "400",
            "@error": "false",
            "@numsubpods": "1",
            "subpod": {
                "@title": "",
                "microsources": {
                    "microsource": "AdministrativeDivisionData"
                },
                "img": {
                    "@src": "https://www5b.wolframalpha.com/Calculate/MSP/MSP39341i953i8a93f67b8d00000g133dh9de434hd9?MSPStoreType=image/gif&s=49",
                    "@alt": "5:44:12 am CET | Sunday, January 19, 2020",
                    "@title": "5:44:12 am CET | Sunday, January 19, 2020",
                    "@width": "304",
                    "@height": "18",
                    "@type": "Grid",
                    "@themes": "1,2,3,4,5,6,7,8,9,10,11,12",
                    "@colorinvertable": "true"
                },
                "plaintext": "5:44:12 am CET | Sunday, January 19, 2020"
            },
            "expressiontypes": {
                "@count": "1",
                "expressiontype": {
                    "@name": "Default"
                }
            }
        }
    ],
    "sources": {
        "@count": "2",
        "source": [
            {
                "@url": "https://www5b.wolframalpha.com/sources/AdministrativeDivisionDataSourceInformationNotes.html",
                "@text": "Administrative division data"
            },
            {
                "@url": "https://www5b.wolframalpha.com/sources/CountryDataSourceInformationNotes.html",
                "@text": "Country data"
            }
        ]
    }
}