{
    "@success": "true",
    "@error": "false",
    "@numpods": "15",
    "@datatypes": "AdministrativeDivision,City,NuclearReactor,Person,WeatherStation",
    "@timedout": "",
    "@timedoutpods": "",
    "@timing": "6.383",
    "@parsetiming": "0.113",
    "@parsetimedout": "false",
    "@recalculate": "",
    "@id": "MSP52571i953fe3i8e8fe19000069hfhb2a9fgii582",
    "@host": "https://www5b.wolframalpha.com",
    "@server": "49",
    "@related": "https://www5b.wolframalpha.com/api/v1/relatedQueries.jsp?id=MSPa52581i953fe3i8e8fe1900002g9834892bc80g1c5180319528487869589",
    "@version": "2.6",
    "pod": [
        {
            "@title": "Input interpretation",
            "@scanner": "Identity",
            "@id": "Input",
            "@position": "100",
            "@error": "false",
            "@numsubpods": "1",
            "subpod": {
                "@title": "",
                "img": {
                    "@src": "https://www5b.wolframalpha.com/Calculate/MSP/MSP52591i953fe3i8e8fe1900004aee05bf31ig9eh4?MSPStoreType=image/gif&s=49",
                    "@alt": "Sherbrooke, Quebec",
                    "@title": "Sherbrooke, Quebec",
                    "@width": "131",
                    "@height": "18",
                    "@type": "Default",
                    "@themes": "1,2,3,4,5,6,7,8,9,10,11,12",
                    "@colorinvertable": "true"
                },
                "plaintext": "Sherbrooke, Quebec"
            },
            "expressiontypes": {
                "@count": "1",
                "expressiontype": {
                    "@name": "Default"
                }
            }
        },
        {
            "@title": "Population",
            "@scanner": "Data",
            "@id": "Population:CityData",
            "@position": "200",
            "@error": "false",
            "@numsubpods": "1",
            "@primary": "true",
            "subpod": {
                "@title": "",
                "microsources": {
                    "microsource": [
                        "CityData",
                        "USCensusData"
                    ]
                },
                "img": {
                    "@src": "https://www5b.wolframalpha.com/Calculate/MSP/MSP52601i953fe3i8e8fe19000022c072e8fe78d6f5?MSPStoreType=image/gif&s=49",
                    "@alt": "city population | 154601 people (country rank: 31st) (2011 estimate)",
                    "@title": "city population | 154601 people (country rank: 31st) (2011 estimate)",
                    "@width": "459",
                    "@height": "36",
                    "@type": "Grid",
                    "@themes": "1,2,3,4,5,6,7,8,9,10,11,12",
                    "@colorinvertable": "true"
                },
                "plaintext": "city population | 154601 people (country rank: 31st) (2011 estimate)"
            },
            "expressiontypes": {
                "@count": "1",
                "expressiontype": {
                    "@name": "Grid"
                }
            },
            "states": {
                "@count": "1",
                "state": {
                    "@name": "Show history",
                    "@input": "Population:CityData__Show history"
                }
            }
        },
        {
            "@title": "Location",
            "@scanner": "Data",
            "@id": "Location:CityData",
            "@position": "300",
            "@error": "false",
            "@numsubpods": "2",
            "subpod": [
                {
                    "@title": "",
                    "microsources": {
                        "microsource": [
                            "AdministrativeDivisionData",
                            "CityData"
                        ]
                    },
                    "img": {
                        "@src": "https://www5b.wolframalpha.com/Calculate/MSP/MSP52611i953fe3i8e8fe1900000g6e6617dhcgc4a2?MSPStoreType=image/gif&s=49",
                        "@alt": "Quebec, Canada",
                        "@title": "Quebec, Canada",
                        "@width": "107",
                        "@height": "18",
                        "@type": "Default",
                        "@themes": "1,2,3,4,5,6,7,8,9,10,11,12",
                        "@colorinvertable": "true"
                    },
                    "plaintext": "Quebec, Canada"
                },
                {
                    "@title": "",
                    "microsources": {
                        "microsource": [
                            "AdministrativeDivisionData",
                            "CityData",
                            "CountryData"
                        ]
                    },
                    "datasources": {
                        "datasource": "CIAFactbook"
                    },
                    "img": {
                        "@src": "https://www5b.wolframalpha.com/Calculate/MSP/MSP52621i953fe3i8e8fe1900005i0ei9h1g9g52301?MSPStoreType=image/gif&s=49",
                        "@alt": "Location",
                        "@title": "",
                        "@width": "328",
                        "@height": "214",
                        "@type": "Default",
                        "@themes": "1,2,3,4,5,6,7,8,9,10,11,12",
                        "@colorinvertable": "true"
                    },
                    "plaintext": null
                }
            ],
            "expressiontypes": {
                "@count": "2",
                "expressiontype": [
                    {
                        "@name": "Default"
                    },
                    {
                        "@name": "Default"
                    }
                ]
            },
            "states": {
                "@count": "2",
                "state": [
                    {
                        "@name": "World map",
                        "@input": "Location:CityData__World map"
                    },
                    {
                        "@name": "Show coordinates",
                        "@input": "Location:CityData__Show coordinates"
                    }
                ]
            },
            "infos": {
                "@count": "1",
                "info": {
                    "link": {
                        "@url": "http://maps.google.com?ie=UTF8&z=12&t=k&ll=45.4%2C-71.9&q=45.4%20N%2C%2071.9%20W",
                        "@text": "Satellite image"
                    }
                }
            }
        },
        {
            "@title": "Local map",
            "@scanner": "Data",
            "@id": "Map:CityData",
            "@position": "400",
            "@error": "false",
            "@numsubpods": "1",
            "subpod": {
                "@title": "",
                "microsources": {
                    "microsource": [
                        "CityData",
                        "OpenStreetMap"
                    ]
                },
                "img": {
                    "@src": "https://www5b.wolframalpha.com/Calculate/MSP/MSP52631i953fe3i8e8fe19000012g3h68f3496d7h2?MSPStoreType=image/gif&s=49",
                    "@alt": "Local map",
                    "@title": "",
                    "@width": "550",
                    "@height": "278",
                    "@type": "Default",
                    "@themes": "1,2,3,4,5,6,7,8,9,10,11,12",
                    "@colorinvertable": "false"
                },
                "plaintext": null
            },
            "expressiontypes": {
                "@count": "1",
                "expressiontype": {
                    "@name": "Default"
                }
            },
            "states": {
                "@count": "2",
                "statelist": {
                    "@count": "13",
                    "@value": "60 kilometers across",
                    "@delimiters": "",
                    "state": [
                        {
                            "@name": "7 kilometers across",
                            "@input": "Map:CityData__7 kilometers across"
                        },
                        {
                            "@name": "10 kilometers across",
                            "@input": "Map:CityData__10 kilometers across"
                        },
                        {
                            "@name": "30 kilometers across",
                            "@input": "Map:CityData__30 kilometers across"
                        },
                        {
                            "@name": "60 kilometers across",
                            "@input": "Map:CityData__60 kilometers across"
                        },
                        {
                            "@name": "120 kilometers across",
                            "@input": "Map:CityData__120 kilometers across"
                        },
                        {
                            "@name": "240 kilometers across",
                            "@input": "Map:CityData__240 kilometers across"
                        },
                        {
                            "@name": "480 kilometers across",
                            "@input": "Map:CityData__480 kilometers across"
                        },
                        {
                            "@name": "950 kilometers across",
                            "@input": "Map:CityData__950 kilometers across"
                        },
                        {
                            "@name": "1900 kilometers across",
                            "@input": "Map:CityData__1900 kilometers across"
                        },
                        {
                            "@name": "3800 kilometers across",
                            "@input": "Map:CityData__3800 kilometers across"
                        },
                        {
                            "@name": "7400 kilometers across",
                            "@input": "Map:CityData__7400 kilometers across"
                        },
                        {
                            "@name": "12000 kilometers across",
                            "@input": "Map:CityData__12000 kilometers across"
                        },
                        {
                            "@name": "23000 kilometers across",
                            "@input": "Map:CityData__23000 kilometers across"
                        }
                    ]
                },
                "state": {
                    "@name": "Non-metric",
                    "@input": "Map:CityData__Non-metric"
                }
            },
            "infos": {
                "@count": "1",
                "info": {
                    "link": {
                        "@url": "http://maps.google.com?ie=UTF8&z=12&t=k&ll=45.4%2C-71.9&q=45.4%20N%2C%2071.9%20W",
                        "@text": "Satellite image"
                    }
                }
            }
        },
        {
            "@title": "Administrative regions",
            "@scanner": "Data",
            "@id": "AdministrativeRegions:CityData",
            "@position": "500",
            "@error": "false",
            "@numsubpods": "1",
            "subpod": {
                "@title": "",
                "microsources": {
                    "microsource": "CityData"
                },
                "img": {
                    "@src": "https://www5b.wolframalpha.com/Calculate/MSP/MSP52641i953fe3i8e8fe19000067512ei50f59a63c?MSPStoreType=image/gif&s=49",
                    "@alt": "region | Quebec country | Canada",
                    "@title": "region | Quebec country | Canada",
                    "@width": "150",
                    "@height": "68",
                    "@type": "Grid",
                    "@themes": "1,2,3,4,5,6,7,8,9,10,11,12",
                    "@colorinvertable": "true"
                },
                "plaintext": "region | Quebec\ncountry | Canada"
            },
            "expressiontypes": {
                "@count": "1",
                "expressiontype": {
                    "@name": "Grid"
                }
            }
        },
        {
            "@title": "Current local time",
            "@scanner": "Data",
            "@id": "CurrentTime:CityData",
            "@position": "600",
            "@error": "false",
            "@numsubpods": "1",
            "subpod": {
                "@title": "",
                "microsources": {
                    "microsource": "CityData"
                },
                "img": {
                    "@src": "https://www5b.wolframalpha.com/Calculate/MSP/MSP52651i953fe3i8e8fe1900003d5b9150c39giai0?MSPStoreType=image/gif&s=49",
                    "@alt": "11:44 pm EST | Saturday, January 18, 2020",
                    "@title": "11:44 pm EST | Saturday, January 18, 2020",
                    "@width": "301",
                    "@height": "18",
                    "@type": "Grid",
                    "@themes": "1,2,3,4,5,6,7,8,9,10,11,12",
                    "@colorinvertable": "true"
                },
                "plaintext": "11:44 pm EST | Saturday, January 18, 2020"
            },
            "expressiontypes": {
                "@count": "1",
                "expressiontype": {
                    "@name": "Default"
                }
            }
        },
        {
            "@title": "Current weather",
            "@scanner": "Data",
            "@id": "WeatherPod:CityData",
            "@position": "700",
            "@error": "false",
            "@numsubpods": "1",
            "subpod": {
                "@title": "",
                "microsources": {
                    "microsource": [
                        "CityData",
                        "WeatherData"
                    ]
                },
                "img": {
                    "@src": "https://www5b.wolframalpha.com/Calculate/MSP/MSP52661i953fe3i8e8fe19000013731456b7g726f4?MSPStoreType=image/gif&s=49",
                    "@alt": "-9 \u00b0C (wind chill: -15 \u00b0C) | relative humidity: 89% | wind: 3 m/s",
                    "@title": "-9 \u00b0C (wind chill: -15 \u00b0C) | relative humidity: 89% | wind: 3 m/s",
                    "@width": "440",
                    "@height": "22",
                    "@type": "Grid",
                    "@themes": "1,2,3,4,5,6,7,8,9,10,11,12",
                    "@colorinvertable": "true"
                },
                "plaintext": "-9 \u00b0C (wind chill: -15 \u00b0C) | relative humidity: 89% | wind: 3 m/s"
            },
            "expressiontypes": {
                "@count": "1",
                "expressiontype": {
                    "@name": "Grid"
                }
            },
            "states": {
                "@count": "2",
                "state": [
                    {
                        "@name": "Show history",
                        "@input": "WeatherPod:CityData__Show history"
                    },
                    {
                        "@name": "Show non-metric",
                        "@input": "WeatherPod:CityData__Show non-metric"
                    }
                ]
            }
        },
        {
            "@title": "Nearby cities",
            "@scanner": "Data",
            "@id": "CityHierarchyInfo:CityData",
            "@position": "800",
            "@error": "false",
            "@numsubpods": "1",
            "subpod": {
                "@title": "",
                "microsources": {
                    "microsource": "CityData"
                },
                "img": {
                    "@src": "https://www5b.wolframalpha.com/Calculate/MSP/MSP52671i953fe3i8e8fe19000012hc5dab3c126df9?MSPStoreType=image/gif&s=49",
                    "@alt": "Granby, Quebec | 65 km (kilometers) west | 56984 people Montreal, Quebec | 131 km (kilometers) west | 1.65 million people Quebec City, Quebec | 166 km (kilometers) north-northeast | 516622 people (straight-line distances between city centers)",
                    "@title": "Granby, Quebec | 65 km (kilometers) west | 56984 people Montreal, Quebec | 131 km (kilometers) west | 1.65 million people Quebec City, Quebec | 166 km (kilometers) north-northeast | 516622 people (straight-line distances between city centers)",
                    "@width": "546",
                    "@height": "134",
                    "@type": "Grid",
                    "@themes": "1,2,3,4,5,6,7,8,9,10,11,12",
                    "@colorinvertable": "true"
                },
                "plaintext": "Granby, Quebec | 65 km (kilometers) west | 56984 people\nMontreal, Quebec | 131 km (kilometers) west | 1.65 million people\nQuebec City, Quebec | 166 km (kilometers) north-northeast | 516622 people\n(straight-line distances between city centers)"
            },
            "expressiontypes": {
                "@count": "1",
                "expressiontype": {
                    "@name": "Grid"
                }
            },
            "states": {
                "@count": "2",
                "state": [
                    {
                        "@name": "Show non-metric",
                        "@input": "CityHierarchyInfo:CityData__Show non-metric"
                    },
                    {
                        "@name": "More",
                        "@input": "CityHierarchyInfo:CityData__More"
                    }
                ]
            }
        },
        {
            "@title": "Nearby airport",
            "@scanner": "Data",
            "@id": "AirportHierarchyInfo:CityData",
            "@position": "900",
            "@error": "false",
            "@numsubpods": "1",
            "subpod": {
                "@title": "",
                "microsources": {
                    "microsource": "CityData"
                },
                "img": {
                    "@src": "https://www5b.wolframalpha.com/Calculate/MSP/MSP52681i953fe3i8e8fe1900000de1hg4i7did0ei8?MSPStoreType=image/gif&s=49",
                    "@alt": "Sherbrooke Airport | 17 km (kilometers) east-northeast (straight-line distances between city center and airport)",
                    "@title": "Sherbrooke Airport | 17 km (kilometers) east-northeast (straight-line distances between city center and airport)",
                    "@width": "390",
                    "@height": "58",
                    "@type": "Grid",
                    "@themes": "1,2,3,4,5,6,7,8,9,10,11,12",
                    "@colorinvertable": "true"
                },
                "plaintext": "Sherbrooke Airport | 17 km (kilometers) east-northeast\n(straight-line distances between city center and airport)"
            },
            "expressiontypes": {
                "@count": "1",
                "expressiontype": {
                    "@name": "Grid"
                }
            },
            "states": {
                "@count": "2",
                "state": [
                    {
                        "@name": "Show non-metric",
                        "@input": "AirportHierarchyInfo:CityData__Show non-metric"
                    },
                    {
                        "@name": "More",
                        "@input": "AirportHierarchyInfo:CityData__More"
                    }
                ]
            }
        },
        {
            "@title": "Nearby hospitals",
            "@scanner": "Data",
            "@id": "HospitalHierarchyInfo:CityData",
            "@position": "1000",
            "@error": "false",
            "@numsubpods": "1",
            "subpod": {
                "@title": "",
                "microsources": {
                    "microsource": "CityData"
                },
                "img": {
                    "@src": "https://www5b.wolframalpha.com/Calculate/MSP/MSP52691i953fe3i8e8fe1900000g3gf662af5e7cf4?MSPStoreType=image/gif&s=49",
                    "@alt": "North Country Hospital | 55 km (kilometers) south-southwest Upper Connecticut Valley Hospital | 64 km (kilometers) south-southeast (straight-line distances between city center and hospital)",
                    "@title": "North Country Hospital | 55 km (kilometers) south-southwest Upper Connecticut Valley Hospital | 64 km (kilometers) south-southeast (straight-line distances between city center and hospital)",
                    "@width": "505",
                    "@height": "86",
                    "@type": "Grid",
                    "@themes": "1,2,3,4,5,6,7,8,9,10,11,12",
                    "@colorinvertable": "true"
                },
                "plaintext": "North Country Hospital | 55 km (kilometers) south-southwest\nUpper Connecticut Valley Hospital | 64 km (kilometers) south-southeast\n(straight-line distances between city center and hospital)"
            },
            "expressiontypes": {
                "@count": "1",
                "expressiontype": {
                    "@name": "Grid"
                }
            },
            "states": {
                "@count": "1",
                "state": {
                    "@name": "Show non-metric",
                    "@input": "HospitalHierarchyInfo:CityData__Show non-metric"
                }
            }
        },
        {
            "@title": "Geographic properties",
            "@scanner": "Data",
            "@id": "GeographicProperties:CityData",
            "@position": "1200",
            "@error": "false",
            "@numsubpods": "1",
            "subpod": {
                "@title": "",
                "microsources": {
                    "microsource": "CityData"
                },
                "img": {
                    "@src": "https://www5b.wolframalpha.com/Calculate/MSP/MSP52701i953fe3i8e8fe1900004b1d8a2ch42e8eh4?MSPStoreType=image/gif&s=49",
                    "@alt": "elevation | 184 m",
                    "@title": "elevation | 184 m",
                    "@width": "147",
                    "@height": "36",
                    "@type": "Grid",
                    "@themes": "1,2,3,4,5,6,7,8,9,10,11,12",
                    "@colorinvertable": "true"
                },
                "plaintext": "elevation | 184 m"
            },
            "expressiontypes": {
                "@count": "1",
                "expressiontype": {
                    "@name": "Grid"
                }
            },
            "states": {
                "@count": "1",
                "state": {
                    "@name": "Show non-metric",
                    "@input": "GeographicProperties:CityData__Show non-metric"
                }
            },
            "infos": {
                "@count": "1",
                "info": {
                    "units": {
                        "@count": "1",
                        "unit": {
                            "@short": "m",
                            "@long": "meters"
                        },
                        "img": {
                            "@src": "https://www5b.wolframalpha.com/Calculate/MSP/MSP52711i953fe3i8e8fe1900006424b65h15637a92?MSPStoreType=image/gif&s=49",
                            "@width": "96",
                            "@height": "26"
                        }
                    }
                }
            }
        },
        {
            "@title": "Nearby features",
            "@scanner": "Data",
            "@id": "FeaturesHierarchyInfo:CityData",
            "@position": "1300",
            "@error": "false",
            "@numsubpods": "1",
            "subpod": {
                "@title": "",
                "microsources": {
                    "microsource": [
                        "CityData",
                        "NuclearReactorData"
                    ]
                },
                "datasources": {
                    "datasource": "IAEAPowerReactorInformationSystem"
                },
                "img": {
                    "@src": "https://www5b.wolframalpha.com/Calculate/MSP/MSP52721i953fe3i8e8fe190000322733aggig8gaag?MSPStoreType=image/gif&s=49",
                    "@alt": "nuclear power site | Gentilly | 116 km (kilometers) north-northwest waterfall | Giant Falls (107 meters) | 124 km (kilometers) south-southeast mountain | Mount Madison (1636 meters) | 129 km (kilometers) south-southeast mountain | Mount Washington (1917 meters) | 134 km (kilometers) south-southeast waterfall | Nancy Cascades (122 meters) | 148 km (kilometers) south-southeast (straight-line distances between city center and feature coordinates)",
                    "@title": "nuclear power site | Gentilly | 116 km (kilometers) north-northwest waterfall | Giant Falls (107 meters) | 124 km (kilometers) south-southeast mountain | Mount Madison (1636 meters) | 129 km (kilometers) south-southeast mountain | Mount Washington (1917 meters) | 134 km (kilometers) south-southeast waterfall | Nancy Cascades (122 meters) | 148 km (kilometers) south-southeast (straight-line distances between city center and feature coordinates)",
                    "@width": "545",
                    "@height": "274",
                    "@type": "Grid",
                    "@themes": "1,2,3,4,5,6,7,8,9,10,11,12",
                    "@colorinvertable": "true"
                },
                "plaintext": "nuclear power site | Gentilly | 116 km (kilometers) north-northwest\nwaterfall | Giant Falls (107 meters) | 124 km (kilometers) south-southeast\nmountain | Mount Madison (1636 meters) | 129 km (kilometers) south-southeast\nmountain | Mount Washington (1917 meters) | 134 km (kilometers) south-southeast\nwaterfall | Nancy Cascades (122 meters) | 148 km (kilometers) south-southeast\n(straight-line distances between city center and feature coordinates)"
            },
            "expressiontypes": {
                "@count": "1",
                "expressiontype": {
                    "@name": "Grid"
                }
            },
            "states": {
                "@count": "2",
                "state": [
                    {
                        "@name": "Show non-metric",
                        "@input": "FeaturesHierarchyInfo:CityData__Show non-metric"
                    },
                    {
                        "@name": "More",
                        "@input": "FeaturesHierarchyInfo:CityData__More"
                    }
                ]
            }
        },
        {
            "@title": "Nearest sea",
            "@scanner": "Data",
            "@id": "OceansHierarchyInfo:CityData",
            "@position": "1400",
            "@error": "false",
            "@numsubpods": "1",
            "subpod": {
                "@title": "",
                "microsources": {
                    "microsource": "CityData"
                },
                "img": {
                    "@src": "https://www5b.wolframalpha.com/Calculate/MSP/MSP52731i953fe3i8e8fe1900004e724185c1a2cefa?MSPStoreType=image/gif&s=49",
                    "@alt": "Gulf of Saint Lawrence (156 km (kilometers) north-northeast)  (straight-line distance between city center and shore)",
                    "@title": "Gulf of Saint Lawrence (156 km (kilometers) north-northeast)  (straight-line distance between city center and shore)",
                    "@width": "405",
                    "@height": "41",
                    "@type": "Default",
                    "@themes": "1,2,3,4,5,6,7,8,9,10,11,12",
                    "@colorinvertable": "true"
                },
                "plaintext": "Gulf of Saint Lawrence (156 km (kilometers) north-northeast) \n(straight-line distance between city center and shore)"
            },
            "expressiontypes": {
                "@count": "1",
                "expressiontype": {
                    "@name": "Default"
                }
            },
            "states": {
                "@count": "3",
                "state": [
                    {
                        "@name": "Show map",
                        "@input": "OceansHierarchyInfo:CityData__Show map"
                    },
                    {
                        "@name": "Show non-metric",
                        "@input": "OceansHierarchyInfo:CityData__Show non-metric"
                    },
                    {
                        "@name": "More",
                        "@input": "OceansHierarchyInfo:CityData__More"
                    }
                ]
            }
        },
        {
            "@title": "Notable people born in Sherbrooke",
            "@scanner": "Data",
            "@id": "NotablePeople:CityData",
            "@position": "1500",
            "@error": "false",
            "@numsubpods": "1",
            "subpod": {
                "@title": "",
                "microsources": {
                    "microsource": [
                        "CityData",
                        "PeopleData"
                    ]
                },
                "img": {
                    "@src": "https://www5b.wolframalpha.com/Calculate/MSP/MSP52741i953fe3i8e8fe1900001bbfcec6gf3g4bi1?MSPStoreType=image/gif&s=49",
                    "@alt": "Garou (singer, etc.) (1972) Northrop Frye (author) (1912) Jean Charest (politician, etc.) (1958) Harry Saltzman (film producer) (1915) Sean Patrick Maloney (politician, etc.) (1966) Steven Blaney (politician, etc.) (1965) Sam Giguere (football player) (1985) Sarah Lassez (actor, etc.) Sylvie Daigle (athlete) (1962) Mathieu Turcotte (athlete) (1977) ...",
                    "@title": "Garou (singer, etc.) (1972) Northrop Frye (author) (1912) Jean Charest (politician, etc.) (1958) Harry Saltzman (film producer) (1915) Sean Patrick Maloney (politician, etc.) (1966) Steven Blaney (politician, etc.) (1965) Sam Giguere (football player) (1985) Sarah Lassez (actor, etc.) Sylvie Daigle (athlete) (1962) Mathieu Turcotte (athlete) (1977) ...",
                    "@width": "300",
                    "@height": "209",
                    "@type": "Grid",
                    "@themes": "1,2,3,4,5,6,7,8,9,10,11,12",
                    "@colorinvertable": "true"
                },
                "plaintext": "Garou (singer, etc.) (1972)\nNorthrop Frye (author) (1912)\nJean Charest (politician, etc.) (1958)\nHarry Saltzman (film producer) (1915)\nSean Patrick Maloney (politician, etc.) (1966)\nSteven Blaney (politician, etc.) (1965)\nSam Giguere (football player) (1985)\nSarah Lassez (actor, etc.)\nSylvie Daigle (athlete) (1962)\nMathieu Turcotte (athlete) (1977)\n..."
            },
            "expressiontypes": {
                "@count": "1",
                "expressiontype": {
                    "@name": "Default"
                }
            },
            "states": {
                "@count": "3",
                "state": [
                    {
                        "@name": "More",
                        "@input": "NotablePeople:CityData__More"
                    },
                    {
                        "@name": "Show dates",
                        "@input": "NotablePeople:CityData__Show dates"
                    },
                    {
                        "@name": "Show deaths",
                        "@input": "NotablePeople:CityData__Show deaths"
                    }
                ]
            }
        },
        {
            "@title": "Wikipedia page hits history",
            "@scanner": "Data",
            "@id": "PopularityPod:WikipediaStatsData",
            "@position": "1600",
            "@error": "false",
            "@numsubpods": "1",
            "subpod": {
                "@title": "",
                "img": {
                    "@src": "https://www5b.wolframalpha.com/Calculate/MSP/MSP52751i953fe3i8e8fe1900000e143g8h76g0a5ih?MSPStoreType=image/gif&s=49",
                    "@alt": "Wikipedia page hits history",
                    "@title": "",
                    "@width": "546",
                    "@height": "169",
                    "@type": "TimeSeriesPlot_1",
                    "@themes": "1,2,3,4,5,6,7,8,9,10,11,12",
                    "@colorinvertable": "true"
                },
                "plaintext": null
            },
            "expressiontypes": {
                "@count": "1",
                "expressiontype": {
                    "@name": "TimeSeriesPlot"
                }
            },
            "states": {
                "@count": "1",
                "state": {
                    "@name": "Log scale",
                    "@input": "PopularityPod:WikipediaStatsData__Log scale"
                }
            }
        }
    ],
    "assumptions": {
        "@count": "1",
        "assumption": {
            "@type": "Clash",
            "@word": "Sherbrooke",
            "@template": "Assuming \"${word}\" is ${desc1}. Use as ${desc2} instead",
            "@count": "2",
            "value": [
                {
                    "@name": "City",
                    "@desc": "a city",
                    "@input": "*C.Sherbrooke-_*City-"
                },
                {
                    "@name": "AdministrativeDivision",
                    "@desc": "an administrative division",
                    "@input": "*C.Sherbrooke-_*AdministrativeDivision-"
                }
            ]
        }
    },
    "userinfoused": {
        "@count": "1",
        "userinfo": {
            "@name": "Country"
        }
    },
    "sources": {
        "@count": "7",
        "source": [
            {
                "@url": "https://www5b.wolframalpha.com/sources/AdministrativeDivisionDataSourceInformationNotes.html",
                "@text": "Administrative division data"
            },
            {
                "@url": "https://www5b.wolframalpha.com/sources/CityDataSourceInformationNotes.html",
                "@text": "City data"
            },
            {
                "@url": "https://www5b.wolframalpha.com/sources/NuclearReactorDataSourceInformationNotes.html",
                "@text": "Nuclear reactor data"
            },
            {
                "@url": "https://www5b.wolframalpha.com/sources/OpenStreetMapSourceInformationNotes.html",
                "@text": "Open street map"
            },
            {
                "@url": "https://www5b.wolframalpha.com/sources/PeopleDataSourceInformationNotes.html",
                "@text": "People data"
            },
            {
                "@url": "https://www5b.wolframalpha.com/sources/USCensusDataSourceInformationNotes.html",
                "@text": "US census data"
            },
            {
                "@url": "https://www5b.wolframalpha.com/sources/WeatherDataSourceInformationNotes.html",
                "@text": "Weather data"
            }
        ]
    }
}