{
    "@success": "true",
    "@error": "false",
    "@numpods": "20",
    "@datatypes": "ACS,City,Congestion,Crime,MetropolitanArea,Person,UrbanArea,USCounty,USHousing,USState,USTax,WeatherStation",
    "@timedout": "",
    "@timedoutpods": "",
    "@timing": "8.611",
    "@parsetiming": "0.587",
    "@parsetimedout": "false",
    "@recalculate": "",
    "@id": "MSP19951dg6430d18fd8fg2000029be6h3h3a4hhfa5",
    "@host": "https://www5b.wolframalpha.com",
    "@server": "55",
    "@related": "https://www5b.wolframalpha.com/api/v1/relatedQueries.jsp?id=MSPa19961dg6430d18fd8fg20000207i6ffbbgdh9f737113371518146264914",
    "@version": "2.6",
    "pod": [
        {
            "@title": "Input interpretation",
            "@scanner": "Identity",
            "@id": "Input",
            "@position": "100",
            "@error": "false",
            "@numsubpods": "1",
            "subpod": {
                "@title": "",
                "img": {
                    "@src": "https://www5b.wolframalpha.com/Calculate/MSP/MSP19971dg6430d18fd8fg200006429393750gacfba?MSPStoreType=image/gif&s=55",
                    "@alt": "Beaumont, Texas, United States",
                    "@title": "Beaumont, Texas, United States",
                    "@width": "208",
                    "@height": "18",
                    "@type": "Default",
                    "@themes": "1,2,3,4,5,6,7,8,9,10,11,12",
                    "@colorinvertable": "true"
                },
                "plaintext": "Beaumont, Texas, United States"
            },
            "expressiontypes": {
                "@count": "1",
                "expressiontype": {
                    "@name": "Default"
                }
            }
        },
        {
            "@title": "Populations",
            "@scanner": "Data",
            "@id": "Population:CityData",
            "@position": "200",
            "@error": "false",
            "@numsubpods": "1",
            "@primary": "true",
            "subpod": {
                "@title": "",
                "microsources": {
                    "microsource": [
                        "CityData",
                        "MetropolitanAreaData",
                        "UrbanAreaData",
                        "USCensusData"
                    ]
                },
                "img": {
                    "@src": "https://www5b.wolframalpha.com/Calculate/MSP/MSP19981dg6430d18fd8fg200003b618i1if026f8bf?MSPStoreType=image/gif&s=55",
                    "@alt": "city population | 119114 people (country rank: \u2248243rd) (2017 estimate) urban area population | 139304 people (Beaumont urban area) (country rank: 201st) (2000 estimate) metro area population | 390535 people (Beaumont-Port Arthur metro area) (country rank: 132nd) (2011 estimate)",
                    "@title": "city population | 119114 people (country rank: \u2248243rd) (2017 estimate) urban area population | 139304 people (Beaumont urban area) (country rank: 201st) (2000 estimate) metro area population | 390535 people (Beaumont-Port Arthur metro area) (country rank: 132nd) (2011 estimate)",
                    "@width": "546",
                    "@height": "134",
                    "@type": "Grid",
                    "@themes": "1,2,3,4,5,6,7,8,9,10,11,12",
                    "@colorinvertable": "true"
                },
                "plaintext": "city population | 119114 people (country rank: \u2248243rd) (2017 estimate)\nurban area population | 139304 people (Beaumont urban area) (country rank: 201st) (2000 estimate)\nmetro area population | 390535 people (Beaumont-Port Arthur metro area) (country rank: 132nd) (2011 estimate)"
            },
            "expressiontypes": {
                "@count": "1",
                "expressiontype": {
                    "@name": "Grid"
                }
            },
            "states": {
                "@count": "1",
                "state": {
                    "@name": "Show history",
                    "@input": "Population:CityData__Show history"
                }
            }
        },
        {
            "@title": "Location",
            "@scanner": "Data",
            "@id": "Location:CityData",
            "@position": "300",
            "@error": "false",
            "@numsubpods": "2",
            "subpod": [
                {
                    "@title": "",
                    "microsources": {
                        "microsource": [
                            "CityData",
                            "USCountyData",
                            "USStateData"
                        ]
                    },
                    "img": {
                        "@src": "https://www5b.wolframalpha.com/Calculate/MSP/MSP19991dg6430d18fd8fg2000052di768ic5d4i967?MSPStoreType=image/gif&s=55",
                        "@alt": "Jefferson County, Texas",
                        "@title": "Jefferson County, Texas",
                        "@width": "158",
                        "@height": "18",
                        "@type": "Default",
                        "@themes": "1,2,3,4,5,6,7,8,9,10,11,12",
                        "@colorinvertable": "true"
                    },
                    "plaintext": "Jefferson County, Texas"
                },
                {
                    "@title": "",
                    "microsources": {
                        "microsource": [
                            "CityData",
                            "USCountyData",
                            "USStateData",
                            "CountryData"
                        ]
                    },
                    "datasources": {
                        "datasource": "CIAFactbook"
                    },
                    "img": {
                        "@src": "https://www5b.wolframalpha.com/Calculate/MSP/MSP20001dg6430d18fd8fg200004c3g03gf3aa3h929?MSPStoreType=image/gif&s=55",
                        "@alt": "Location",
                        "@title": "",
                        "@width": "328",
                        "@height": "177",
                        "@type": "Default",
                        "@themes": "1,2,3,4,5,6,7,8,9,10,11,12",
                        "@colorinvertable": "true"
                    },
                    "plaintext": null
                }
            ],
            "expressiontypes": {
                "@count": "2",
                "expressiontype": [
                    {
                        "@name": "Default"
                    },
                    {
                        "@name": "Default"
                    }
                ]
            },
            "states": {
                "@count": "2",
                "state": [
                    {
                        "@name": "World map",
                        "@input": "Location:CityData__World map"
                    },
                    {
                        "@name": "Show coordinates",
                        "@input": "Location:CityData__Show coordinates"
                    }
                ]
            },
            "infos": {
                "@count": "1",
                "info": {
                    "link": {
                        "@url": "http://maps.google.com?ie=UTF8&z=12&t=k&ll=30.0843%2C-94.1458&q=30.0843%20N%2C%2094.1458%20W",
                        "@text": "Satellite image"
                    }
                }
            }
        },
        {
            "@title": "Local map",
            "@scanner": "Data",
            "@id": "Map:CityData",
            "@position": "400",
            "@error": "false",
            "@numsubpods": "1",
            "subpod": {
                "@title": "",
                "microsources": {
                    "microsource": [
                        "CityData",
                        "OpenStreetMap"
                    ]
                },
                "img": {
                    "@src": "https://www5b.wolframalpha.com/Calculate/MSP/MSP20011dg6430d18fd8fg200002c3910241d7eae9c?MSPStoreType=image/gif&s=55",
                    "@alt": "Local map",
                    "@title": "",
                    "@width": "550",
                    "@height": "278",
                    "@type": "Default",
                    "@themes": "1,2,3,4,5,6,7,8,9,10,11,12",
                    "@colorinvertable": "false"
                },
                "plaintext": null
            },
            "expressiontypes": {
                "@count": "1",
                "expressiontype": {
                    "@name": "Default"
                }
            },
            "states": {
                "@count": "2",
                "statelist": {
                    "@count": "13",
                    "@value": "70 kilometers across",
                    "@delimiters": "",
                    "state": [
                        {
                            "@name": "9 kilometers across",
                            "@input": "Map:CityData__9 kilometers across"
                        },
                        {
                            "@name": "20 kilometers across",
                            "@input": "Map:CityData__20 kilometers across"
                        },
                        {
                            "@name": "40 kilometers across",
                            "@input": "Map:CityData__40 kilometers across"
                        },
                        {
                            "@name": "70 kilometers across",
                            "@input": "Map:CityData__70 kilometers across"
                        },
                        {
                            "@name": "150 kilometers across",
                            "@input": "Map:CityData__150 kilometers across"
                        },
                        {
                            "@name": "290 kilometers across",
                            "@input": "Map:CityData__290 kilometers across"
                        },
                        {
                            "@name": "580 kilometers across",
                            "@input": "Map:CityData__580 kilometers across"
                        },
                        {
                            "@name": "1200 kilometers across",
                            "@input": "Map:CityData__1200 kilometers across"
                        },
                        {
                            "@name": "2300 kilometers across",
                            "@input": "Map:CityData__2300 kilometers across"
                        },
                        {
                            "@name": "4600 kilometers across",
                            "@input": "Map:CityData__4600 kilometers across"
                        },
                        {
                            "@name": "9100 kilometers across",
                            "@input": "Map:CityData__9100 kilometers across"
                        },
                        {
                            "@name": "16000 kilometers across",
                            "@input": "Map:CityData__16000 kilometers across"
                        },
                        {
                            "@name": "30000 kilometers across",
                            "@input": "Map:CityData__30000 kilometers across"
                        }
                    ]
                },
                "state": {
                    "@name": "Non-metric",
                    "@input": "Map:CityData__Non-metric"
                }
            },
            "infos": {
                "@count": "1",
                "info": {
                    "link": {
                        "@url": "http://maps.google.com?ie=UTF8&z=12&t=k&ll=30.0843%2C-94.1458&q=30.0843%20N%2C%2094.1458%20W",
                        "@text": "Satellite image"
                    }
                }
            }
        },
        {
            "@title": "Administrative regions",
            "@scanner": "Data",
            "@id": "AdministrativeRegions:CityData",
            "@position": "500",
            "@error": "false",
            "@numsubpods": "1",
            "subpod": {
                "@title": "",
                "microsources": {
                    "microsource": [
                        "CityData",
                        "USCountyData"
                    ]
                },
                "img": {
                    "@src": "https://www5b.wolframalpha.com/Calculate/MSP/MSP20021dg6430d18fd8fg200001ea173i13hf5f91b?MSPStoreType=image/gif&s=55",
                    "@alt": "county | Jefferson County state | Texas country | United States",
                    "@title": "county | Jefferson County state | Texas country | United States",
                    "@width": "212",
                    "@height": "100",
                    "@type": "Grid",
                    "@themes": "1,2,3,4,5,6,7,8,9,10,11,12",
                    "@colorinvertable": "true"
                },
                "plaintext": "county | Jefferson County\nstate | Texas\ncountry | United States"
            },
            "expressiontypes": {
                "@count": "1",
                "expressiontype": {
                    "@name": "Grid"
                }
            }
        },
        {
            "@title": "Current local time",
            "@scanner": "Data",
            "@id": "CurrentTime:CityData",
            "@position": "600",
            "@error": "false",
            "@numsubpods": "1",
            "subpod": {
                "@title": "",
                "microsources": {
                    "microsource": "CityData"
                },
                "img": {
                    "@src": "https://www5b.wolframalpha.com/Calculate/MSP/MSP20031dg6430d18fd8fg20000475127b7a4c7291h?MSPStoreType=image/gif&s=55",
                    "@alt": "10:45 pm CST | Saturday, January 18, 2020",
                    "@title": "10:45 pm CST | Saturday, January 18, 2020",
                    "@width": "301",
                    "@height": "18",
                    "@type": "Grid",
                    "@themes": "1,2,3,4,5,6,7,8,9,10,11,12",
                    "@colorinvertable": "true"
                },
                "plaintext": "10:45 pm CST | Saturday, January 18, 2020"
            },
            "expressiontypes": {
                "@count": "1",
                "expressiontype": {
                    "@name": "Default"
                }
            }
        },
        {
            "@title": "Current weather",
            "@scanner": "Data",
            "@id": "WeatherPod:CityData",
            "@position": "700",
            "@error": "false",
            "@numsubpods": "1",
            "subpod": {
                "@title": "",
                "microsources": {
                    "microsource": [
                        "CityData",
                        "WeatherData"
                    ]
                },
                "img": {
                    "@src": "https://www5b.wolframalpha.com/Calculate/MSP/MSP20041dg6430d18fd8fg20000314f595b1d69ag9i?MSPStoreType=image/gif&s=55",
                    "@alt": "17 \u00b0C | relative humidity: 75% | wind: 5 m/s | overcast",
                    "@title": "17 \u00b0C | relative humidity: 75% | wind: 5 m/s | overcast",
                    "@width": "388",
                    "@height": "22",
                    "@type": "Grid",
                    "@themes": "1,2,3,4,5,6,7,8,9,10,11,12",
                    "@colorinvertable": "true"
                },
                "plaintext": "17 \u00b0C | relative humidity: 75% | wind: 5 m/s | overcast"
            },
            "expressiontypes": {
                "@count": "1",
                "expressiontype": {
                    "@name": "Grid"
                }
            },
            "states": {
                "@count": "2",
                "state": [
                    {
                        "@name": "Show history",
                        "@input": "WeatherPod:CityData__Show history"
                    },
                    {
                        "@name": "Show non-metric",
                        "@input": "WeatherPod:CityData__Show non-metric"
                    }
                ]
            }
        },
        {
            "@title": "Demographics",
            "@scanner": "Data",
            "@id": "ACSPercentageEntrainments:ACSData",
            "@position": "800",
            "@error": "false",
            "@numsubpods": "1",
            "subpod": {
                "@title": "",
                "microsources": {
                    "microsource": "ACSData"
                },
                "datasources": {
                    "datasource": [
                        "CensusAmericanCommunitySurvey5YearsRace",
                        "CensusAmericanCommunitySurvey5YearsHispanicOrigin",
                        "CensusAmericanCommunitySurvey5YearsCitizenship"
                    ]
                },
                "img": {
                    "@src": "https://www5b.wolframalpha.com/Calculate/MSP/MSP20051dg6430d18fd8fg200003953178gbcd2hf96?MSPStoreType=image/gif&s=55",
                    "@alt": "race | black/African American: 48.2% | white: 45.2% | Asian: 3.2% | ... Hispanic origin | 14.8% US citizens | 92.8%",
                    "@title": "race | black/African American: 48.2% | white: 45.2% | Asian: 3.2% | ... Hispanic origin | 14.8% US citizens | 92.8%",
                    "@width": "546",
                    "@height": "117",
                    "@type": "Grid",
                    "@themes": "1,2,3,4,5,6,7,8,9,10,11,12",
                    "@colorinvertable": "true"
                },
                "plaintext": "race | black/African American: 48.2% | white: 45.2% | Asian: 3.2% | ...\nHispanic origin | 14.8%\nUS citizens | 92.8%"
            },
            "expressiontypes": {
                "@count": "1",
                "expressiontype": {
                    "@name": "Grid"
                }
            },
            "states": {
                "@count": "1",
                "state": {
                    "@name": "More",
                    "@input": "ACSPercentageEntrainments:ACSData__More"
                }
            }
        },
        {
            "@title": "Educational attainment",
            "@scanner": "Data",
            "@id": "ACSEducationEntrainments:ACSData",
            "@position": "900",
            "@error": "false",
            "@numsubpods": "1",
            "subpod": {
                "@title": "",
                "microsources": {
                    "microsource": "ACSData"
                },
                "datasources": {
                    "datasource": "CensusAmericanCommunitySurvey5YearsEducation"
                },
                "img": {
                    "@src": "https://www5b.wolframalpha.com/Calculate/MSP/MSP20061dg6430d18fd8fg200004hi53cd2319afade?MSPStoreType=image/gif&s=55",
                    "@alt": "college degree and above | 30% (0.794 \u00d7 national average) high school diploma | 30% (1.08 \u00d7 national average) less than high school diploma | 14.4% (1.08 \u00d7 national average) (for population age 25 and older)",
                    "@title": "college degree and above | 30% (0.794 \u00d7 national average) high school diploma | 30% (1.08 \u00d7 national average) less than high school diploma | 14.4% (1.08 \u00d7 national average) (for population age 25 and older)",
                    "@width": "430",
                    "@height": "121",
                    "@type": "Grid",
                    "@themes": "1,2,3,4,5,6,7,8,9,10,11,12",
                    "@colorinvertable": "true"
                },
                "plaintext": "college degree and above | 30% (0.794 \u00d7 national average)\nhigh school diploma | 30% (1.08 \u00d7 national average)\nless than high school diploma | 14.4% (1.08 \u00d7 national average)\n(for population age 25 and older)"
            },
            "expressiontypes": {
                "@count": "1",
                "expressiontype": {
                    "@name": "Grid"
                }
            },
            "states": {
                "@count": "1",
                "state": {
                    "@name": "Show enrollment",
                    "@input": "ACSEducationEntrainments:ACSData__Show enrollment"
                }
            }
        },
        {
            "@title": "Income statistics",
            "@scanner": "Data",
            "@id": "ACSIncomeEntrainments:ACSData",
            "@position": "1000",
            "@error": "false",
            "@numsubpods": "1",
            "subpod": {
                "@title": "",
                "microsources": {
                    "microsource": "ACSData"
                },
                "datasources": {
                    "datasource": [
                        "CensusAmericanCommunitySurvey5YearsMedianIncome",
                        "CensusAmericanCommunitySurvey5YearsPerCapitaIncome",
                        "CensusAmericanCommunitySurvey5YearsPoverty"
                    ]
                },
                "img": {
                    "@src": "https://www5b.wolframalpha.com/Calculate/MSP/MSP20071dg6430d18fd8fg200001e66231b6fba8fbh?MSPStoreType=image/gif&s=55",
                    "@alt": "median household income | $45268 per year (US dollars per year) (0.818 \u00d7 national average) per capita income | $26469 per year per person (US dollars per year per person) (0.887 \u00d7 national average) population below poverty line | 19.7% (1.3 \u00d7 national average)",
                    "@title": "median household income | $45268 per year (US dollars per year) (0.818 \u00d7 national average) per capita income | $26469 per year per person (US dollars per year per person) (0.887 \u00d7 national average) population below poverty line | 19.7% (1.3 \u00d7 national average)",
                    "@width": "546",
                    "@height": "151",
                    "@type": "Grid",
                    "@themes": "1,2,3,4,5,6,7,8,9,10,11,12",
                    "@colorinvertable": "true"
                },
                "plaintext": "median household income | $45268 per year (US dollars per year) (0.818 \u00d7 national average)\nper capita income | $26469 per year per person (US dollars per year per person) (0.887 \u00d7 national average)\npopulation below poverty line | 19.7% (1.3 \u00d7 national average)"
            },
            "expressiontypes": {
                "@count": "1",
                "expressiontype": {
                    "@name": "Grid"
                }
            },
            "states": {
                "@count": "1",
                "state": {
                    "@name": "Show distribution",
                    "@input": "ACSIncomeEntrainments:ACSData__Show distribution"
                }
            }
        },
        {
            "@title": "Economic properties",
            "@scanner": "Data",
            "@id": "EconomicProperties:CityData",
            "@position": "1100",
            "@error": "false",
            "@numsubpods": "1",
            "subpod": {
                "@title": "",
                "microsources": {
                    "microsource": [
                        "CityData",
                        "USEmploymentData",
                        "USHousingData",
                        "USTaxData"
                    ]
                },
                "datasources": {
                    "datasource": "RealtorsMetropolitanAreaMedianPrices"
                },
                "img": {
                    "@src": "https://www5b.wolframalpha.com/Calculate/MSP/MSP20081dg6430d18fd8fg200004eg227543b855gd1?MSPStoreType=image/gif&s=55",
                    "@alt": "median home price | $135500 (Beaumont-Port Arthur metro area) (annual change: +6.03%) (2013) unemployment rate | 5% (November 2019) total sales tax rate | 8.25% (2019 estimate)",
                    "@title": "median home price | $135500 (Beaumont-Port Arthur metro area) (annual change: +6.03%) (2013) unemployment rate | 5% (November 2019) total sales tax rate | 8.25% (2019 estimate)",
                    "@width": "546",
                    "@height": "117",
                    "@type": "Grid",
                    "@themes": "1,2,3,4,5,6,7,8,9,10,11,12",
                    "@colorinvertable": "true"
                },
                "plaintext": "median home price | $135500 (Beaumont-Port Arthur metro area) (annual change: +6.03%) (2013)\nunemployment rate | 5% (November 2019)\ntotal sales tax rate | 8.25% (2019 estimate)"
            },
            "expressiontypes": {
                "@count": "1",
                "expressiontype": {
                    "@name": "Grid"
                }
            }
        },
        {
            "@title": "Other indicators",
            "@scanner": "Data",
            "@id": "QualityOfLife:CityData",
            "@position": "1200",
            "@error": "false",
            "@numsubpods": "1",
            "subpod": {
                "@title": "",
                "microsources": {
                    "microsource": [
                        "CityData",
                        "CongestionData",
                        "CrimeData"
                    ]
                },
                "datasources": {
                    "datasource": [
                        "TexasTransportationInstituteCongestionDataForYourCityUrbanMobilityInformation",
                        "UnitedStatesDepartmentOfJusticeBureauOfJusticeStatisticsCrimeAndJusticeDataOnline"
                    ]
                },
                "img": {
                    "@src": "https://www5b.wolframalpha.com/Calculate/MSP/MSP20091dg6430d18fd8fg200005ida71a8eefa6f3i?MSPStoreType=image/gif&s=55",
                    "@alt": "total rate of violent crime | 2.8 \u00d7 national average (2017 estimate) total rate of property crime | 1.8 \u00d7 national average (2017 estimate) average daily traffic delay | 5.6 minutes per person per day",
                    "@title": "total rate of violent crime | 2.8 \u00d7 national average (2017 estimate) total rate of property crime | 1.8 \u00d7 national average (2017 estimate) average daily traffic delay | 5.6 minutes per person per day",
                    "@width": "475",
                    "@height": "100",
                    "@type": "Grid",
                    "@themes": "1,2,3,4,5,6,7,8,9,10,11,12",
                    "@colorinvertable": "true"
                },
                "plaintext": "total rate of violent crime | 2.8 \u00d7 national average (2017 estimate)\ntotal rate of property crime | 1.8 \u00d7 national average (2017 estimate)\naverage daily traffic delay | 5.6 minutes per person per day"
            },
            "expressiontypes": {
                "@count": "1",
                "expressiontype": {
                    "@name": "Grid"
                }
            }
        },
        {
            "@title": "Nearby cities",
            "@scanner": "Data",
            "@id": "CityHierarchyInfo:CityData",
            "@position": "1300",
            "@error": "false",
            "@numsubpods": "1",
            "subpod": {
                "@title": "",
                "microsources": {
                    "microsource": "CityData"
                },
                "img": {
                    "@src": "https://www5b.wolframalpha.com/Calculate/MSP/MSP20101dg6430d18fd8fg2000059881810cd3id9ec?MSPStoreType=image/gif&s=55",
                    "@alt": "Nederland, Texas | 19 km (kilometers) southeast | 17480 people Port Arthur, Texas | 33 km (kilometers) south-southeast | 54010 people Houston, Texas | 124 km (kilometers) west-southwest | 2.161 million people (straight-line distances between city centers)",
                    "@title": "Nederland, Texas | 19 km (kilometers) southeast | 17480 people Port Arthur, Texas | 33 km (kilometers) south-southeast | 54010 people Houston, Texas | 124 km (kilometers) west-southwest | 2.161 million people (straight-line distances between city centers)",
                    "@width": "546",
                    "@height": "134",
                    "@type": "Grid",
                    "@themes": "1,2,3,4,5,6,7,8,9,10,11,12",
                    "@colorinvertable": "true"
                },
                "plaintext": "Nederland, Texas | 19 km (kilometers) southeast | 17480 people\nPort Arthur, Texas | 33 km (kilometers) south-southeast | 54010 people\nHouston, Texas | 124 km (kilometers) west-southwest | 2.161 million people\n(straight-line distances between city centers)"
            },
            "expressiontypes": {
                "@count": "1",
                "expressiontype": {
                    "@name": "Grid"
                }
            },
            "states": {
                "@count": "2",
                "state": [
                    {
                        "@name": "Show non-metric",
                        "@input": "CityHierarchyInfo:CityData__Show non-metric"
                    },
                    {
                        "@name": "More",
                        "@input": "CityHierarchyInfo:CityData__More"
                    }
                ]
            }
        },
        {
            "@title": "Nearby airports",
            "@scanner": "Data",
            "@id": "AirportHierarchyInfo:CityData",
            "@position": "1400",
            "@error": "false",
            "@numsubpods": "1",
            "subpod": {
                "@title": "",
                "microsources": {
                    "microsource": "CityData"
                },
                "img": {
                    "@src": "https://www5b.wolframalpha.com/Calculate/MSP/MSP20111dg6430d18fd8fg200001dec3de3ha58dh20?MSPStoreType=image/gif&s=55",
                    "@alt": "Beaumont Municipal Airport | 7 km (kilometers) west-southwest Southeast Texas Regional Airport | 19 km (kilometers) southeast Ben Bruce Memorial Airpark | 27 km (kilometers) north-northeast Hawthorne Field Airport | 30 km (kilometers) north-northwest Orange County Airport | 33 km (kilometers) east (straight-line distances between city center and airport)",
                    "@title": "Beaumont Municipal Airport | 7 km (kilometers) west-southwest Southeast Texas Regional Airport | 19 km (kilometers) southeast Ben Bruce Memorial Airpark | 27 km (kilometers) north-northeast Hawthorne Field Airport | 30 km (kilometers) north-northwest Orange County Airport | 33 km (kilometers) east (straight-line distances between city center and airport)",
                    "@width": "500",
                    "@height": "170",
                    "@type": "Grid",
                    "@themes": "1,2,3,4,5,6,7,8,9,10,11,12",
                    "@colorinvertable": "true"
                },
                "plaintext": "Beaumont Municipal Airport | 7 km (kilometers) west-southwest\nSoutheast Texas Regional Airport | 19 km (kilometers) southeast\nBen Bruce Memorial Airpark | 27 km (kilometers) north-northeast\nHawthorne Field Airport | 30 km (kilometers) north-northwest\nOrange County Airport | 33 km (kilometers) east\n(straight-line distances between city center and airport)"
            },
            "expressiontypes": {
                "@count": "1",
                "expressiontype": {
                    "@name": "Grid"
                }
            },
            "states": {
                "@count": "2",
                "state": [
                    {
                        "@name": "Show non-metric",
                        "@input": "AirportHierarchyInfo:CityData__Show non-metric"
                    },
                    {
                        "@name": "More",
                        "@input": "AirportHierarchyInfo:CityData__More"
                    }
                ]
            }
        },
        {
            "@title": "Nearby hospitals",
            "@scanner": "Data",
            "@id": "HospitalHierarchyInfo:CityData",
            "@position": "1500",
            "@error": "false",
            "@numsubpods": "1",
            "subpod": {
                "@title": "",
                "microsources": {
                    "microsource": "CityData"
                },
                "img": {
                    "@src": "https://www5b.wolframalpha.com/Calculate/MSP/MSP20121dg6430d18fd8fg2000022i7693dffaf2h9g?MSPStoreType=image/gif&s=55",
                    "@alt": "CHRISTUS Hospital-St. Elizabeth | 1 km (kilometer) east Memorial Hermann Baptist Hospital | 3 km (kilometers) east-southeast (straight-line distances between city center and hospital)",
                    "@title": "CHRISTUS Hospital-St. Elizabeth | 1 km (kilometer) east Memorial Hermann Baptist Hospital | 3 km (kilometers) east-southeast (straight-line distances between city center and hospital)",
                    "@width": "496",
                    "@height": "86",
                    "@type": "Grid",
                    "@themes": "1,2,3,4,5,6,7,8,9,10,11,12",
                    "@colorinvertable": "true"
                },
                "plaintext": "CHRISTUS Hospital-St. Elizabeth | 1 km (kilometer) east\nMemorial Hermann Baptist Hospital | 3 km (kilometers) east-southeast\n(straight-line distances between city center and hospital)"
            },
            "expressiontypes": {
                "@count": "1",
                "expressiontype": {
                    "@name": "Grid"
                }
            },
            "states": {
                "@count": "2",
                "state": [
                    {
                        "@name": "Show non-metric",
                        "@input": "HospitalHierarchyInfo:CityData__Show non-metric"
                    },
                    {
                        "@name": "More",
                        "@input": "HospitalHierarchyInfo:CityData__More"
                    }
                ]
            }
        },
        {
            "@title": "Notable company headquarters",
            "@scanner": "Data",
            "@id": "CompaniesInCity:CityData",
            "@position": "1600",
            "@error": "false",
            "@numsubpods": "1",
            "subpod": {
                "@title": "",
                "microsources": {
                    "microsource": "CityData"
                },
                "datasources": {
                    "datasource": [
                        "ForbesAmericasLargestPrivateCompanies",
                        "CrunchBase"
                    ]
                },
                "img": {
                    "@src": "https://www5b.wolframalpha.com/Calculate/MSP/MSP20131dg6430d18fd8fg200004ibc63a2fif3291c?MSPStoreType=image/gif&s=55",
                    "@alt": "Conn's | 4250 employees (Quarter 1 2018) | $1.516 billion per year (Quarter 1 2018)",
                    "@title": "Conn's | 4250 employees (Quarter 1 2018) | $1.516 billion per year (Quarter 1 2018)",
                    "@width": "546",
                    "@height": "53",
                    "@type": "Grid",
                    "@themes": "1,2,3,4,5,6,7,8,9,10,11,12",
                    "@colorinvertable": "true"
                },
                "plaintext": "Conn's | 4250 employees (Quarter 1 2018) | $1.516 billion per year (Quarter 1 2018)"
            },
            "expressiontypes": {
                "@count": "1",
                "expressiontype": {
                    "@name": "Grid"
                }
            }
        },
        {
            "@title": "Geographic properties",
            "@scanner": "Data",
            "@id": "GeographicProperties:CityData",
            "@position": "1700",
            "@error": "false",
            "@numsubpods": "1",
            "subpod": {
                "@title": "",
                "microsources": {
                    "microsource": "CityData"
                },
                "img": {
                    "@src": "https://www5b.wolframalpha.com/Calculate/MSP/MSP20141dg6430d18fd8fg200003cdfaa807fg9e810?MSPStoreType=image/gif&s=55",
                    "@alt": "elevation | 5 m area | 214.45 km^2 population density | 555 people per square kilometer",
                    "@title": "elevation | 5 m area | 214.45 km^2 population density | 555 people per square kilometer",
                    "@width": "378",
                    "@height": "100",
                    "@type": "Grid",
                    "@themes": "1,2,3,4,5,6,7,8,9,10,11,12",
                    "@colorinvertable": "true"
                },
                "plaintext": "elevation | 5 m\narea | 214.45 km^2\npopulation density | 555 people per square kilometer"
            },
            "expressiontypes": {
                "@count": "1",
                "expressiontype": {
                    "@name": "Grid"
                }
            },
            "states": {
                "@count": "1",
                "state": {
                    "@name": "Show non-metric",
                    "@input": "GeographicProperties:CityData__Show non-metric"
                }
            },
            "infos": {
                "@count": "1",
                "info": {
                    "units": {
                        "@count": "2",
                        "unit": [
                            {
                                "@short": "km^2",
                                "@long": "square kilometers"
                            },
                            {
                                "@short": "m",
                                "@long": "meters"
                            }
                        ],
                        "img": {
                            "@src": "https://www5b.wolframalpha.com/Calculate/MSP/MSP20151dg6430d18fd8fg200006688gdiga9638d9c?MSPStoreType=image/gif&s=55",
                            "@width": "171",
                            "@height": "48"
                        }
                    }
                }
            }
        },
        {
            "@title": "Nearest sea",
            "@scanner": "Data",
            "@id": "OceansHierarchyInfo:CityData",
            "@position": "1800",
            "@error": "false",
            "@numsubpods": "1",
            "subpod": {
                "@title": "",
                "microsources": {
                    "microsource": "CityData"
                },
                "img": {
                    "@src": "https://www5b.wolframalpha.com/Calculate/MSP/MSP20161dg6430d18fd8fg200004e1gg1f4dfb6difa?MSPStoreType=image/gif&s=55",
                    "@alt": "Gulf of Mexico (30 km (kilometers) southeast)  (straight-line distance between city center and shore)",
                    "@title": "Gulf of Mexico (30 km (kilometers) southeast)  (straight-line distance between city center and shore)",
                    "@width": "301",
                    "@height": "41",
                    "@type": "Default",
                    "@themes": "1,2,3,4,5,6,7,8,9,10,11,12",
                    "@colorinvertable": "true"
                },
                "plaintext": "Gulf of Mexico (30 km (kilometers) southeast) \n(straight-line distance between city center and shore)"
            },
            "expressiontypes": {
                "@count": "1",
                "expressiontype": {
                    "@name": "Default"
                }
            },
            "states": {
                "@count": "1",
                "state": {
                    "@name": "Show non-metric",
                    "@input": "OceansHierarchyInfo:CityData__Show non-metric"
                }
            }
        },
        {
            "@title": "Notable people born in Beaumont",
            "@scanner": "Data",
            "@id": "NotablePeople:CityData",
            "@position": "1900",
            "@error": "false",
            "@numsubpods": "1",
            "subpod": {
                "@title": "",
                "microsources": {
                    "microsource": [
                        "CityData",
                        "PeopleData"
                    ]
                },
                "img": {
                    "@src": "https://www5b.wolframalpha.com/Calculate/MSP/MSP20171dg6430d18fd8fg2000055cg4g55cg1ha75a?MSPStoreType=image/gif&s=55",
                    "@alt": "Johnny Winter (guitarist) (1944) Edgar Winter (multi-instrumentalist, etc.) (1946) Bubba Smith (football player, etc.) (1945) Larry Graham (musician) (1946) Isaiah Tiggett (baseball player, etc.) (1935) Jay Bruce (baseball player) (1987) Billie Jo Spears (singer, etc.) (1937) Robert Crippen (astronaut) (1937) Grady Hatton (baseball player) (1922) Julie Bell (artist) (1958) ...",
                    "@title": "Johnny Winter (guitarist) (1944) Edgar Winter (multi-instrumentalist, etc.) (1946) Bubba Smith (football player, etc.) (1945) Larry Graham (musician) (1946) Isaiah Tiggett (baseball player, etc.) (1935) Jay Bruce (baseball player) (1987) Billie Jo Spears (singer, etc.) (1937) Robert Crippen (astronaut) (1937) Grady Hatton (baseball player) (1922) Julie Bell (artist) (1958) ...",
                    "@width": "323",
                    "@height": "209",
                    "@type": "Grid",
                    "@themes": "1,2,3,4,5,6,7,8,9,10,11,12",
                    "@colorinvertable": "true"
                },
                "plaintext": "Johnny Winter (guitarist) (1944)\nEdgar Winter (multi-instrumentalist, etc.) (1946)\nBubba Smith (football player, etc.) (1945)\nLarry Graham (musician) (1946)\nIsaiah Tiggett (baseball player, etc.) (1935)\nJay Bruce (baseball player) (1987)\nBillie Jo Spears (singer, etc.) (1937)\nRobert Crippen (astronaut) (1937)\nGrady Hatton (baseball player) (1922)\nJulie Bell (artist) (1958)\n..."
            },
            "expressiontypes": {
                "@count": "1",
                "expressiontype": {
                    "@name": "Default"
                }
            },
            "states": {
                "@count": "3",
                "state": [
                    {
                        "@name": "More",
                        "@input": "NotablePeople:CityData__More"
                    },
                    {
                        "@name": "Show dates",
                        "@input": "NotablePeople:CityData__Show dates"
                    },
                    {
                        "@name": "Show deaths",
                        "@input": "NotablePeople:CityData__Show deaths"
                    }
                ]
            }
        },
        {
            "@title": "Wikipedia page hits history",
            "@scanner": "Data",
            "@id": "PopularityPod:WikipediaStatsData",
            "@position": "2000",
            "@error": "false",
            "@numsubpods": "1",
            "subpod": {
                "@title": "",
                "img": {
                    "@src": "https://www5b.wolframalpha.com/Calculate/MSP/MSP20181dg6430d18fd8fg2000057cb0ccddeefaebb?MSPStoreType=image/gif&s=55",
                    "@alt": "Wikipedia page hits history",
                    "@title": "",
                    "@width": "546",
                    "@height": "167",
                    "@type": "TimeSeriesPlot_1",
                    "@themes": "1,2,3,4,5,6,7,8,9,10,11,12",
                    "@colorinvertable": "true"
                },
                "plaintext": null
            },
            "expressiontypes": {
                "@count": "1",
                "expressiontype": {
                    "@name": "TimeSeriesPlot"
                }
            },
            "states": {
                "@count": "1",
                "state": {
                    "@name": "Log scale",
                    "@input": "PopularityPod:WikipediaStatsData__Log scale"
                }
            }
        }
    ],
    "assumptions": {
        "@count": "2",
        "assumption": [
            {
                "@type": "MultiClash",
                "@word": "",
                "@template": "Assuming ${word1} is referring to ${desc1}. Use \"${word2}\" as ${desc2}. Use \"${word3}\" as ${desc3}. Use \"${word4}\" as ${desc4}.",
                "@count": "4",
                "value": [
                    {
                        "@name": "City",
                        "@word": "the input",
                        "@desc": "a city",
                        "@input": "*MC.%7E-_*City-"
                    },
                    {
                        "@name": "AdministrativeDivision",
                        "@word": "Beaumont",
                        "@desc": "an administrative division",
                        "@input": "*MC.%7E-_*AdministrativeDivision-"
                    },
                    {
                        "@name": "Neighborhood",
                        "@word": "Beaumont",
                        "@desc": "a neighborhood",
                        "@input": "*MC.%7E-_*Neighborhood-"
                    },
                    {
                        "@name": "Financial",
                        "@word": "Beaumont",
                        "@desc": "a financial entity",
                        "@input": "*MC.%7E-_*Financial-"
                    }
                ]
            },
            {
                "@type": "SubCategory",
                "@word": "Town of Beaumont",
                "@template": "Assuming ${desc1}. Use ${desc2} instead",
                "@count": "17",
                "value": [
                    {
                        "@name": "{Beaumont, Texas, UnitedStates}",
                        "@desc": "Beaumont (Texas, USA)",
                        "@input": "*DPClash.CityE.Town+of+Beaumont-_**Beaumont.Texas.UnitedStates--"
                    },
                    {
                        "@name": "{Beaumont, California, UnitedStates}",
                        "@desc": "Beaumont (California, USA)",
                        "@input": "*DPClash.CityE.Town+of+Beaumont-_**Beaumont.California.UnitedStates--"
                    },
                    {
                        "@name": "{Beaumont, Alberta, Canada}",
                        "@desc": "Beaumont (Canada)",
                        "@input": "*DPClash.CityE.Town+of+Beaumont-_**Beaumont.Alberta.Canada--"
                    },
                    {
                        "@name": "{Beaumont, Auvergne, France}",
                        "@desc": "Beaumont (Auvergne, France)",
                        "@input": "*DPClash.CityE.Town+of+Beaumont-_**Beaumont.Auvergne.France--"
                    },
                    {
                        "@name": "{Beaumont, Hainaut, Belgium}",
                        "@desc": "Beaumont (Belgium)",
                        "@input": "*DPClash.CityE.Town+of+Beaumont-_**Beaumont.Hainaut.Belgium--"
                    },
                    {
                        "@name": "{BeaumontEnVeron, Centre, France}",
                        "@desc": "Beaumont\u2010en\u2010V\u00e9ron (Centre\u2010Val de Loire, France)",
                        "@input": "*DPClash.CityE.Town+of+Beaumont-_**BeaumontEnVeron.Centre.France--"
                    },
                    {
                        "@name": "{Beaumont, Mississippi, UnitedStates}",
                        "@desc": "Beaumont (Mississippi, USA)",
                        "@input": "*DPClash.CityE.Town+of+Beaumont-_**Beaumont.Mississippi.UnitedStates--"
                    },
                    {
                        "@name": "{Beaumont, PoitouCharentes, France}",
                        "@desc": "Beaumont (Poitou\u2010Charentes, France)",
                        "@input": "*DPClash.CityE.Town+of+Beaumont-_**Beaumont.PoitouCharentes.France--"
                    },
                    {
                        "@name": "{Beaumont, RhoneAlpes, France}",
                        "@desc": "Beaumont (Rhone\u2010Alpes, France)",
                        "@input": "*DPClash.CityE.Town+of+Beaumont-_**Beaumont.RhoneAlpes.France--"
                    },
                    {
                        "@name": "{BeaumontDuGatinais, IleDeFrance, France}",
                        "@desc": "Beaumont\u2010du\u2010G\u00e2tinais (Ile\u2010de\u2010France, France)",
                        "@input": "*DPClash.CityE.Town+of+Beaumont-_**BeaumontDuGatinais.IleDeFrance.France--"
                    },
                    {
                        "@name": "{Beaumont, Bourgogne, France}",
                        "@desc": "Beaumont (Bourgogne, France)",
                        "@input": "*DPClash.CityE.Town+of+Beaumont-_**Beaumont.Bourgogne.France--"
                    },
                    {
                        "@name": "{BeaumontHauteLoire, Auvergne, France}",
                        "@desc": "Beaumont (Auvergne, France)",
                        "@input": "*DPClash.CityE.Town+of+Beaumont-_**BeaumontHauteLoire.Auvergne.France--"
                    },
                    {
                        "@name": "{BeaumontArdeche, RhoneAlpes, France}",
                        "@desc": "Beaumont (Rhone\u2010Alpes, France)",
                        "@input": "*DPClash.CityE.Town+of+Beaumont-_**BeaumontArdeche.RhoneAlpes.France--"
                    },
                    {
                        "@name": "{BeaumontDuLac, Limousin, France}",
                        "@desc": "Beaumont\u2010du\u2010Lac (Limousin, France)",
                        "@input": "*DPClash.CityE.Town+of+Beaumont-_**BeaumontDuLac.Limousin.France--"
                    },
                    {
                        "@name": "{Beaumont, MidiPyrenees, France}",
                        "@desc": "Beaumont (Midi\u2010Pyrenees, France)",
                        "@input": "*DPClash.CityE.Town+of+Beaumont-_**Beaumont.MidiPyrenees.France--"
                    },
                    {
                        "@name": "{Beaumont, Limousin, France}",
                        "@desc": "Beaumont (Limousin, France)",
                        "@input": "*DPClash.CityE.Town+of+Beaumont-_**Beaumont.Limousin.France--"
                    },
                    {
                        "@name": "{Beaumont, Lorraine, France}",
                        "@desc": "Beaumont (Lorraine, France)",
                        "@input": "*DPClash.CityE.Town+of+Beaumont-_**Beaumont.Lorraine.France--"
                    }
                ]
            }
        ]
    },
    "userinfoused": {
        "@count": "1",
        "userinfo": {
            "@name": "Country"
        }
    },
    "sources": {
        "@count": "15",
        "source": [
            {
                "@url": "https://www5b.wolframalpha.com/sources/ACSDataSourceInformationNotes.html",
                "@text": "ACS data"
            },
            {
                "@url": "https://www5b.wolframalpha.com/sources/CityDataSourceInformationNotes.html",
                "@text": "City data"
            },
            {
                "@url": "https://www5b.wolframalpha.com/sources/CongestionDataSourceInformationNotes.html",
                "@text": "Congestion data"
            },
            {
                "@url": "https://www5b.wolframalpha.com/sources/CrimeDataSourceInformationNotes.html",
                "@text": "Crime data"
            },
            {
                "@url": "https://www5b.wolframalpha.com/sources/MetropolitanAreaDataSourceInformationNotes.html",
                "@text": "Metropolitan area data"
            },
            {
                "@url": "https://www5b.wolframalpha.com/sources/OpenStreetMapSourceInformationNotes.html",
                "@text": "Open street map"
            },
            {
                "@url": "https://www5b.wolframalpha.com/sources/PeopleDataSourceInformationNotes.html",
                "@text": "People data"
            },
            {
                "@url": "https://www5b.wolframalpha.com/sources/UrbanAreaDataSourceInformationNotes.html",
                "@text": "Urban area data"
            },
            {
                "@url": "https://www5b.wolframalpha.com/sources/USCensusDataSourceInformationNotes.html",
                "@text": "US census data"
            },
            {
                "@url": "https://www5b.wolframalpha.com/sources/USCountyDataSourceInformationNotes.html",
                "@text": "US county data"
            },
            {
                "@url": "https://www5b.wolframalpha.com/sources/USEmploymentDataSourceInformationNotes.html",
                "@text": "US employment data"
            },
            {
                "@url": "https://www5b.wolframalpha.com/sources/USHousingDataSourceInformationNotes.html",
                "@text": "US housing data"
            },
            {
                "@url": "https://www5b.wolframalpha.com/sources/USStateDataSourceInformationNotes.html",
                "@text": "US state data"
            },
            {
                "@url": "https://www5b.wolframalpha.com/sources/USTaxDataSourceInformationNotes.html",
                "@text": "US tax data"
            },
            {
                "@url": "https://www5b.wolframalpha.com/sources/WeatherDataSourceInformationNotes.html",
                "@text": "Weather data"
            }
        ]
    }
}