{
    "@success": "true",
    "@error": "false",
    "@numpods": "13",
    "@datatypes": "AdministrativeDivision,City,Person,WeatherStation",
    "@timedout": "",
    "@timedoutpods": "",
    "@timing": "5.622",
    "@parsetiming": "0.514",
    "@parsetimedout": "false",
    "@recalculate": "",
    "@id": "MSP36101hgda8bba2hhf4b000003d8025cafdhccf5a",
    "@host": "https://www5b.wolframalpha.com",
    "@server": "54",
    "@related": "https://www5b.wolframalpha.com/api/v1/relatedQueries.jsp?id=MSPa36111hgda8bba2hhf4b0000037475c9hff8h7e022137842930739718529",
    "@version": "2.6",
    "pod": [
        {
            "@title": "Input interpretation",
            "@scanner": "Identity",
            "@id": "Input",
            "@position": "100",
            "@error": "false",
            "@numsubpods": "1",
            "subpod": {
                "@title": "",
                "img": {
                    "@src": "https://www5b.wolframalpha.com/Calculate/MSP/MSP36121hgda8bba2hhf4b0000022fd1465i32362d1?MSPStoreType=image/gif&s=54",
                    "@alt": "Cochrane, Ontario",
                    "@title": "Cochrane, Ontario",
                    "@width": "121",
                    "@height": "18",
                    "@type": "Default",
                    "@themes": "1,2,3,4,5,6,7,8,9,10,11,12",
                    "@colorinvertable": "true"
                },
                "plaintext": "Cochrane, Ontario"
            },
            "expressiontypes": {
                "@count": "1",
                "expressiontype": {
                    "@name": "Default"
                }
            }
        },
        {
            "@title": "Population",
            "@scanner": "Data",
            "@id": "Population:CityData",
            "@position": "200",
            "@error": "false",
            "@numsubpods": "1",
            "@primary": "true",
            "subpod": {
                "@title": "",
                "microsources": {
                    "microsource": [
                        "CityData",
                        "USCensusData"
                    ]
                },
                "img": {
                    "@src": "https://www5b.wolframalpha.com/Calculate/MSP/MSP36131hgda8bba2hhf4b00000651e74af0fg3b74h?MSPStoreType=image/gif&s=54",
                    "@alt": "city population | 5340 people (country rank: \u2248388th) (2011 estimate)",
                    "@title": "city population | 5340 people (country rank: \u2248388th) (2011 estimate)",
                    "@width": "461",
                    "@height": "36",
                    "@type": "Grid",
                    "@themes": "1,2,3,4,5,6,7,8,9,10,11,12",
                    "@colorinvertable": "true"
                },
                "plaintext": "city population | 5340 people (country rank: \u2248388th) (2011 estimate)"
            },
            "expressiontypes": {
                "@count": "1",
                "expressiontype": {
                    "@name": "Grid"
                }
            }
        },
        {
            "@title": "Location",
            "@scanner": "Data",
            "@id": "Location:CityData",
            "@position": "300",
            "@error": "false",
            "@numsubpods": "2",
            "subpod": [
                {
                    "@title": "",
                    "microsources": {
                        "microsource": [
                            "AdministrativeDivisionData",
                            "CityData"
                        ]
                    },
                    "img": {
                        "@src": "https://www5b.wolframalpha.com/Calculate/MSP/MSP36141hgda8bba2hhf4b000005ah02408179g170g?MSPStoreType=image/gif&s=54",
                        "@alt": "Ontario, Canada",
                        "@title": "Ontario, Canada",
                        "@width": "109",
                        "@height": "18",
                        "@type": "Default",
                        "@themes": "1,2,3,4,5,6,7,8,9,10,11,12",
                        "@colorinvertable": "true"
                    },
                    "plaintext": "Ontario, Canada"
                },
                {
                    "@title": "",
                    "microsources": {
                        "microsource": [
                            "AdministrativeDivisionData",
                            "CityData",
                            "CountryData"
                        ]
                    },
                    "datasources": {
                        "datasource": "CIAFactbook"
                    },
                    "img": {
                        "@src": "https://www5b.wolframalpha.com/Calculate/MSP/MSP36151hgda8bba2hhf4b000001781394e09ge7a1d?MSPStoreType=image/gif&s=54",
                        "@alt": "Location",
                        "@title": "",
                        "@width": "328",
                        "@height": "214",
                        "@type": "Default",
                        "@themes": "1,2,3,4,5,6,7,8,9,10,11,12",
                        "@colorinvertable": "true"
                    },
                    "plaintext": null
                }
            ],
            "expressiontypes": {
                "@count": "2",
                "expressiontype": [
                    {
                        "@name": "Default"
                    },
                    {
                        "@name": "Default"
                    }
                ]
            },
            "states": {
                "@count": "2",
                "state": [
                    {
                        "@name": "World map",
                        "@input": "Location:CityData__World map"
                    },
                    {
                        "@name": "Show coordinates",
                        "@input": "Location:CityData__Show coordinates"
                    }
                ]
            },
            "infos": {
                "@count": "1",
                "info": {
                    "link": {
                        "@url": "http://maps.google.com?ie=UTF8&z=12&t=k&ll=49.07%2C-81.02&q=49.07%20N%2C%2081.02%20W",
                        "@text": "Satellite image"
                    }
                }
            }
        },
        {
            "@title": "Local map",
            "@scanner": "Data",
            "@id": "Map:CityData",
            "@position": "400",
            "@error": "false",
            "@numsubpods": "1",
            "subpod": {
                "@title": "",
                "microsources": {
                    "microsource": [
                        "CityData",
                        "OpenStreetMap"
                    ]
                },
                "img": {
                    "@src": "https://www5b.wolframalpha.com/Calculate/MSP/MSP36161hgda8bba2hhf4b0000049h7g45363ciic3g?MSPStoreType=image/gif&s=54",
                    "@alt": "Local map",
                    "@title": "",
                    "@width": "550",
                    "@height": "278",
                    "@type": "Default",
                    "@themes": "1,2,3,4,5,6,7,8,9,10,11,12",
                    "@colorinvertable": "false"
                },
                "plaintext": null
            },
            "expressiontypes": {
                "@count": "1",
                "expressiontype": {
                    "@name": "Default"
                }
            },
            "states": {
                "@count": "2",
                "statelist": {
                    "@count": "13",
                    "@value": "10 kilometers across",
                    "@delimiters": "",
                    "state": [
                        {
                            "@name": "7 kilometers across",
                            "@input": "Map:CityData__7 kilometers across"
                        },
                        {
                            "@name": "10 kilometers across",
                            "@input": "Map:CityData__10 kilometers across"
                        },
                        {
                            "@name": "30 kilometers across",
                            "@input": "Map:CityData__30 kilometers across"
                        },
                        {
                            "@name": "60 kilometers across",
                            "@input": "Map:CityData__60 kilometers across"
                        },
                        {
                            "@name": "110 kilometers across",
                            "@input": "Map:CityData__110 kilometers across"
                        },
                        {
                            "@name": "220 kilometers across",
                            "@input": "Map:CityData__220 kilometers across"
                        },
                        {
                            "@name": "450 kilometers across",
                            "@input": "Map:CityData__450 kilometers across"
                        },
                        {
                            "@name": "890 kilometers across",
                            "@input": "Map:CityData__890 kilometers across"
                        },
                        {
                            "@name": "1800 kilometers across",
                            "@input": "Map:CityData__1800 kilometers across"
                        },
                        {
                            "@name": "3500 kilometers across",
                            "@input": "Map:CityData__3500 kilometers across"
                        },
                        {
                            "@name": "6900 kilometers across",
                            "@input": "Map:CityData__6900 kilometers across"
                        },
                        {
                            "@name": "11000 kilometers across",
                            "@input": "Map:CityData__11000 kilometers across"
                        },
                        {
                            "@name": "22000 kilometers across",
                            "@input": "Map:CityData__22000 kilometers across"
                        }
                    ]
                },
                "state": {
                    "@name": "Non-metric",
                    "@input": "Map:CityData__Non-metric"
                }
            },
            "infos": {
                "@count": "1",
                "info": {
                    "link": {
                        "@url": "http://maps.google.com?ie=UTF8&z=12&t=k&ll=49.07%2C-81.02&q=49.07%20N%2C%2081.02%20W",
                        "@text": "Satellite image"
                    }
                }
            }
        },
        {
            "@title": "Administrative regions",
            "@scanner": "Data",
            "@id": "AdministrativeRegions:CityData",
            "@position": "500",
            "@error": "false",
            "@numsubpods": "1",
            "subpod": {
                "@title": "",
                "microsources": {
                    "microsource": "CityData"
                },
                "img": {
                    "@src": "https://www5b.wolframalpha.com/Calculate/MSP/MSP36171hgda8bba2hhf4b00000418g6h2b6e3h2fg4?MSPStoreType=image/gif&s=54",
                    "@alt": "region | Ontario country | Canada",
                    "@title": "region | Ontario country | Canada",
                    "@width": "151",
                    "@height": "68",
                    "@type": "Grid",
                    "@themes": "1,2,3,4,5,6,7,8,9,10,11,12",
                    "@colorinvertable": "true"
                },
                "plaintext": "region | Ontario\ncountry | Canada"
            },
            "expressiontypes": {
                "@count": "1",
                "expressiontype": {
                    "@name": "Grid"
                }
            }
        },
        {
            "@title": "Current local time",
            "@scanner": "Data",
            "@id": "CurrentTime:CityData",
            "@position": "600",
            "@error": "false",
            "@numsubpods": "1",
            "subpod": {
                "@title": "",
                "microsources": {
                    "microsource": "CityData"
                },
                "img": {
                    "@src": "https://www5b.wolframalpha.com/Calculate/MSP/MSP36181hgda8bba2hhf4b000000g3da3e5b2bb4ed0?MSPStoreType=image/gif&s=54",
                    "@alt": "11:46 pm EST | Saturday, January 18, 2020",
                    "@title": "11:46 pm EST | Saturday, January 18, 2020",
                    "@width": "301",
                    "@height": "18",
                    "@type": "Grid",
                    "@themes": "1,2,3,4,5,6,7,8,9,10,11,12",
                    "@colorinvertable": "true"
                },
                "plaintext": "11:46 pm EST | Saturday, January 18, 2020"
            },
            "expressiontypes": {
                "@count": "1",
                "expressiontype": {
                    "@name": "Default"
                }
            }
        },
        {
            "@title": "Current weather",
            "@scanner": "Data",
            "@id": "WeatherPod:CityData",
            "@position": "700",
            "@error": "false",
            "@numsubpods": "1",
            "subpod": {
                "@title": "",
                "microsources": {
                    "microsource": [
                        "CityData",
                        "WeatherData"
                    ]
                },
                "img": {
                    "@src": "https://www5b.wolframalpha.com/Calculate/MSP/MSP36191hgda8bba2hhf4b000004a0a03fa159aegd2?MSPStoreType=image/gif&s=54",
                    "@alt": "-14 \u00b0C (wind chill: -23 \u00b0C) | relative humidity: 85% | wind: 6 m/s | snow, overcast",
                    "@title": "-14 \u00b0C (wind chill: -23 \u00b0C) | relative humidity: 85% | wind: 6 m/s | snow, overcast",
                    "@width": "516",
                    "@height": "39",
                    "@type": "Grid",
                    "@themes": "1,2,3,4,5,6,7,8,9,10,11,12",
                    "@colorinvertable": "true"
                },
                "plaintext": "-14 \u00b0C (wind chill: -23 \u00b0C) | relative humidity: 85% | wind: 6 m/s | snow, overcast"
            },
            "expressiontypes": {
                "@count": "1",
                "expressiontype": {
                    "@name": "Grid"
                }
            },
            "states": {
                "@count": "2",
                "state": [
                    {
                        "@name": "Show history",
                        "@input": "WeatherPod:CityData__Show history"
                    },
                    {
                        "@name": "Show non-metric",
                        "@input": "WeatherPod:CityData__Show non-metric"
                    }
                ]
            }
        },
        {
            "@title": "Nearby cities",
            "@scanner": "Data",
            "@id": "CityHierarchyInfo:CityData",
            "@position": "800",
            "@error": "false",
            "@numsubpods": "1",
            "subpod": {
                "@title": "",
                "microsources": {
                    "microsource": "CityData"
                },
                "img": {
                    "@src": "https://www5b.wolframalpha.com/Calculate/MSP/MSP36201hgda8bba2hhf4b000002205ed6c45g7cde1?MSPStoreType=image/gif&s=54",
                    "@alt": "Iroquois Falls, Ontario | 41 km (kilometers) southeast | 4232 people Timmins, Ontario | 69 km (kilometers) south-southwest | 42997 people Saint-Lambert, Quebec | 115 km (kilometers) east | 21599 people Sudbury, Ontario | 287 km (kilometers) south | 160274 people (straight-line distances between city centers)",
                    "@title": "Iroquois Falls, Ontario | 41 km (kilometers) southeast | 4232 people Timmins, Ontario | 69 km (kilometers) south-southwest | 42997 people Saint-Lambert, Quebec | 115 km (kilometers) east | 21599 people Sudbury, Ontario | 287 km (kilometers) south | 160274 people (straight-line distances between city centers)",
                    "@width": "546",
                    "@height": "162",
                    "@type": "Grid",
                    "@themes": "1,2,3,4,5,6,7,8,9,10,11,12",
                    "@colorinvertable": "true"
                },
                "plaintext": "Iroquois Falls, Ontario | 41 km (kilometers) southeast | 4232 people\nTimmins, Ontario | 69 km (kilometers) south-southwest | 42997 people\nSaint-Lambert, Quebec | 115 km (kilometers) east | 21599 people\nSudbury, Ontario | 287 km (kilometers) south | 160274 people\n(straight-line distances between city centers)"
            },
            "expressiontypes": {
                "@count": "1",
                "expressiontype": {
                    "@name": "Grid"
                }
            },
            "states": {
                "@count": "2",
                "state": [
                    {
                        "@name": "Show non-metric",
                        "@input": "CityHierarchyInfo:CityData__Show non-metric"
                    },
                    {
                        "@name": "More",
                        "@input": "CityHierarchyInfo:CityData__More"
                    }
                ]
            }
        },
        {
            "@title": "Nearby airport",
            "@scanner": "Data",
            "@id": "AirportHierarchyInfo:CityData",
            "@position": "900",
            "@error": "false",
            "@numsubpods": "1",
            "subpod": {
                "@title": "",
                "microsources": {
                    "microsource": "CityData"
                },
                "img": {
                    "@src": "https://www5b.wolframalpha.com/Calculate/MSP/MSP36211hgda8bba2hhf4b0000049i42i9d23b34fb2?MSPStoreType=image/gif&s=54",
                    "@alt": "Cochrane Airport | 4 km (kilometers) north (straight-line distances between city center and airport)",
                    "@title": "Cochrane Airport | 4 km (kilometers) north (straight-line distances between city center and airport)",
                    "@width": "314",
                    "@height": "58",
                    "@type": "Grid",
                    "@themes": "1,2,3,4,5,6,7,8,9,10,11,12",
                    "@colorinvertable": "true"
                },
                "plaintext": "Cochrane Airport | 4 km (kilometers) north\n(straight-line distances between city center and airport)"
            },
            "expressiontypes": {
                "@count": "1",
                "expressiontype": {
                    "@name": "Grid"
                }
            },
            "states": {
                "@count": "2",
                "state": [
                    {
                        "@name": "Show non-metric",
                        "@input": "AirportHierarchyInfo:CityData__Show non-metric"
                    },
                    {
                        "@name": "More",
                        "@input": "AirportHierarchyInfo:CityData__More"
                    }
                ]
            }
        },
        {
            "@title": "Geographic properties",
            "@scanner": "Data",
            "@id": "GeographicProperties:CityData",
            "@position": "1000",
            "@error": "false",
            "@numsubpods": "1",
            "subpod": {
                "@title": "",
                "microsources": {
                    "microsource": "CityData"
                },
                "img": {
                    "@src": "https://www5b.wolframalpha.com/Calculate/MSP/MSP36221hgda8bba2hhf4b000003i3i10d6aea4g711?MSPStoreType=image/gif&s=54",
                    "@alt": "elevation | 271 m",
                    "@title": "elevation | 271 m",
                    "@width": "147",
                    "@height": "36",
                    "@type": "Grid",
                    "@themes": "1,2,3,4,5,6,7,8,9,10,11,12",
                    "@colorinvertable": "true"
                },
                "plaintext": "elevation | 271 m"
            },
            "expressiontypes": {
                "@count": "1",
                "expressiontype": {
                    "@name": "Grid"
                }
            },
            "states": {
                "@count": "1",
                "state": {
                    "@name": "Show non-metric",
                    "@input": "GeographicProperties:CityData__Show non-metric"
                }
            },
            "infos": {
                "@count": "1",
                "info": {
                    "units": {
                        "@count": "1",
                        "unit": {
                            "@short": "m",
                            "@long": "meters"
                        },
                        "img": {
                            "@src": "https://www5b.wolframalpha.com/Calculate/MSP/MSP36231hgda8bba2hhf4b0000032f45ee15g9cffaa?MSPStoreType=image/gif&s=54",
                            "@width": "96",
                            "@height": "26"
                        }
                    }
                }
            }
        },
        {
            "@title": "Nearest sea",
            "@scanner": "Data",
            "@id": "OceansHierarchyInfo:CityData",
            "@position": "1100",
            "@error": "false",
            "@numsubpods": "1",
            "subpod": {
                "@title": "",
                "microsources": {
                    "microsource": "CityData"
                },
                "img": {
                    "@src": "https://www5b.wolframalpha.com/Calculate/MSP/MSP36241hgda8bba2hhf4b0000042ggdgb58f9gdb53?MSPStoreType=image/gif&s=54",
                    "@alt": "Hudson Bay (218 km (kilometers) north)  (straight-line distance between city center and shore)",
                    "@title": "Hudson Bay (218 km (kilometers) north)  (straight-line distance between city center and shore)",
                    "@width": "301",
                    "@height": "41",
                    "@type": "Default",
                    "@themes": "1,2,3,4,5,6,7,8,9,10,11,12",
                    "@colorinvertable": "true"
                },
                "plaintext": "Hudson Bay (218 km (kilometers) north) \n(straight-line distance between city center and shore)"
            },
            "expressiontypes": {
                "@count": "1",
                "expressiontype": {
                    "@name": "Default"
                }
            },
            "states": {
                "@count": "2",
                "state": [
                    {
                        "@name": "Show map",
                        "@input": "OceansHierarchyInfo:CityData__Show map"
                    },
                    {
                        "@name": "Show non-metric",
                        "@input": "OceansHierarchyInfo:CityData__Show non-metric"
                    }
                ]
            }
        },
        {
            "@title": "Notable people born in Cochrane",
            "@scanner": "Data",
            "@id": "NotablePeople:CityData",
            "@position": "1200",
            "@error": "false",
            "@numsubpods": "1",
            "subpod": {
                "@title": "",
                "microsources": {
                    "microsource": [
                        "CityData",
                        "PeopleData"
                    ]
                },
                "img": {
                    "@src": "https://www5b.wolframalpha.com/Calculate/MSP/MSP36251hgda8bba2hhf4b000003g1a78e0hd3c52ae?MSPStoreType=image/gif&s=54",
                    "@alt": "Tim Horton (ice hockey player) (1930) Ralph Wesley Stewart (public servant, etc.) (1929)",
                    "@title": "Tim Horton (ice hockey player) (1930) Ralph Wesley Stewart (public servant, etc.) (1929)",
                    "@width": "332",
                    "@height": "38",
                    "@type": "Grid",
                    "@themes": "1,2,3,4,5,6,7,8,9,10,11,12",
                    "@colorinvertable": "true"
                },
                "plaintext": "Tim Horton (ice hockey player) (1930)\nRalph Wesley Stewart (public servant, etc.) (1929)"
            },
            "expressiontypes": {
                "@count": "1",
                "expressiontype": {
                    "@name": "Default"
                }
            },
            "states": {
                "@count": "2",
                "state": [
                    {
                        "@name": "Show dates",
                        "@input": "NotablePeople:CityData__Show dates"
                    },
                    {
                        "@name": "Show deaths",
                        "@input": "NotablePeople:CityData__Show deaths"
                    }
                ]
            }
        },
        {
            "@title": "Wikipedia page hits history",
            "@scanner": "Data",
            "@id": "PopularityPod:WikipediaStatsData",
            "@position": "1300",
            "@error": "false",
            "@numsubpods": "1",
            "subpod": {
                "@title": "",
                "img": {
                    "@src": "https://www5b.wolframalpha.com/Calculate/MSP/MSP36261hgda8bba2hhf4b00000601e2ce32923eh5g?MSPStoreType=image/gif&s=54",
                    "@alt": "Wikipedia page hits history",
                    "@title": "",
                    "@width": "546",
                    "@height": "168",
                    "@type": "TimeSeriesPlot_1",
                    "@themes": "1,2,3,4,5,6,7,8,9,10,11,12",
                    "@colorinvertable": "true"
                },
                "plaintext": null
            },
            "expressiontypes": {
                "@count": "1",
                "expressiontype": {
                    "@name": "TimeSeriesPlot"
                }
            },
            "states": {
                "@count": "1",
                "state": {
                    "@name": "Log scale",
                    "@input": "PopularityPod:WikipediaStatsData__Log scale"
                }
            }
        }
    ],
    "assumptions": {
        "@count": "2",
        "assumption": [
            {
                "@type": "MultiClash",
                "@word": "",
                "@template": "Assuming ${word1} is referring to ${desc1}. Use \"${word2}\" as ${desc2}.",
                "@count": "2",
                "value": [
                    {
                        "@name": "City",
                        "@word": "the input",
                        "@desc": "a city",
                        "@input": "*MC.%7E-_*City-"
                    },
                    {
                        "@name": "AdministrativeDivision",
                        "@word": "Cochrane",
                        "@desc": "an administrative division",
                        "@input": "*MC.%7E-_*AdministrativeDivision-"
                    }
                ]
            },
            {
                "@type": "SubCategory",
                "@word": "Town of Cochrane",
                "@template": "Assuming ${desc1}. Use ${desc2} instead",
                "@count": "4",
                "value": [
                    {
                        "@name": "{Cochrane, Ontario, Canada}",
                        "@desc": "Cochrane (Ontario, Canada)",
                        "@input": "*DPClash.CityE.Town+of+Cochrane-_**Cochrane.Ontario.Canada--"
                    },
                    {
                        "@name": "{Cochrane, Alberta, Canada}",
                        "@desc": "Cochrane (Alberta, Canada)",
                        "@input": "*DPClash.CityE.Town+of+Cochrane-_**Cochrane.Alberta.Canada--"
                    },
                    {
                        "@name": "{Cochrane, Wisconsin, UnitedStates}",
                        "@desc": "Cochrane (United States)",
                        "@input": "*DPClash.CityE.Town+of+Cochrane-_**Cochrane.Wisconsin.UnitedStates--"
                    },
                    {
                        "@name": "{Cochrane, Aisen, Chile}",
                        "@desc": "Cochrane (Chile)",
                        "@input": "*DPClash.CityE.Town+of+Cochrane-_**Cochrane.Aisen.Chile--"
                    }
                ]
            }
        ]
    },
    "userinfoused": {
        "@count": "1",
        "userinfo": {
            "@name": "Country"
        }
    },
    "sources": {
        "@count": "6",
        "source": [
            {
                "@url": "https://www5b.wolframalpha.com/sources/AdministrativeDivisionDataSourceInformationNotes.html",
                "@text": "Administrative division data"
            },
            {
                "@url": "https://www5b.wolframalpha.com/sources/CityDataSourceInformationNotes.html",
                "@text": "City data"
            },
            {
                "@url": "https://www5b.wolframalpha.com/sources/OpenStreetMapSourceInformationNotes.html",
                "@text": "Open street map"
            },
            {
                "@url": "https://www5b.wolframalpha.com/sources/PeopleDataSourceInformationNotes.html",
                "@text": "People data"
            },
            {
                "@url": "https://www5b.wolframalpha.com/sources/USCensusDataSourceInformationNotes.html",
                "@text": "US census data"
            },
            {
                "@url": "https://www5b.wolframalpha.com/sources/WeatherDataSourceInformationNotes.html",
                "@text": "Weather data"
            }
        ]
    }
}