{
    "@success": "true",
    "@error": "false",
    "@numpods": "14",
    "@datatypes": "AdministrativeDivision,City,NuclearReactor,Person,WeatherStation",
    "@timedout": "",
    "@timedoutpods": "",
    "@timing": "6.232",
    "@parsetiming": "0.518",
    "@parsetimedout": "false",
    "@recalculate": "",
    "@id": "MSP5168236817928gh7i27h00003b4g3i5i503ccg09",
    "@host": "https://www5a.wolframalpha.com",
    "@server": "51",
    "@related": "https://www5a.wolframalpha.com/api/v1/relatedQueries.jsp?id=MSPa5169236817928gh7i27h00005g90cb86ie6ii9677297982070693509567",
    "@version": "2.6",
    "pod": [
        {
            "@title": "Input interpretation",
            "@scanner": "Identity",
            "@id": "Input",
            "@position": "100",
            "@error": "false",
            "@numsubpods": "1",
            "subpod": {
                "@title": "",
                "img": {
                    "@src": "https://www5a.wolframalpha.com/Calculate/MSP/MSP5170236817928gh7i27h00004hd4860b25ebbc8d?MSPStoreType=image/gif&s=51",
                    "@alt": "Stirling, Ontario",
                    "@title": "Stirling, Ontario",
                    "@width": "107",
                    "@height": "18",
                    "@type": "Default",
                    "@themes": "1,2,3,4,5,6,7,8,9,10,11,12",
                    "@colorinvertable": "true"
                },
                "plaintext": "Stirling, Ontario"
            },
            "expressiontypes": {
                "@count": "1",
                "expressiontype": {
                    "@name": "Default"
                }
            }
        },
        {
            "@title": "Population",
            "@scanner": "Data",
            "@id": "Population:CityData",
            "@position": "200",
            "@error": "false",
            "@numsubpods": "1",
            "@primary": "true",
            "subpod": {
                "@title": "",
                "microsources": {
                    "microsource": [
                        "CityData",
                        "USCensusData"
                    ]
                },
                "img": {
                    "@src": "https://www5a.wolframalpha.com/Calculate/MSP/MSP5171236817928gh7i27h0000582fd95fhfggahe6?MSPStoreType=image/gif&s=51",
                    "@alt": "city population | 4978 people (country rank: \u2248408th) (2011 estimate)",
                    "@title": "city population | 4978 people (country rank: \u2248408th) (2011 estimate)",
                    "@width": "461",
                    "@height": "36",
                    "@type": "Grid",
                    "@themes": "1,2,3,4,5,6,7,8,9,10,11,12",
                    "@colorinvertable": "true"
                },
                "plaintext": "city population | 4978 people (country rank: \u2248408th) (2011 estimate)"
            },
            "expressiontypes": {
                "@count": "1",
                "expressiontype": {
                    "@name": "Grid"
                }
            }
        },
        {
            "@title": "Location",
            "@scanner": "Data",
            "@id": "Location:CityData",
            "@position": "300",
            "@error": "false",
            "@numsubpods": "2",
            "subpod": [
                {
                    "@title": "",
                    "microsources": {
                        "microsource": [
                            "AdministrativeDivisionData",
                            "CityData"
                        ]
                    },
                    "img": {
                        "@src": "https://www5a.wolframalpha.com/Calculate/MSP/MSP5172236817928gh7i27h0000456ei2hg3b0g84hf?MSPStoreType=image/gif&s=51",
                        "@alt": "Ontario, Canada",
                        "@title": "Ontario, Canada",
                        "@width": "109",
                        "@height": "18",
                        "@type": "Default",
                        "@themes": "1,2,3,4,5,6,7,8,9,10,11,12",
                        "@colorinvertable": "true"
                    },
                    "plaintext": "Ontario, Canada"
                },
                {
                    "@title": "",
                    "microsources": {
                        "microsource": [
                            "AdministrativeDivisionData",
                            "CityData",
                            "CountryData"
                        ]
                    },
                    "datasources": {
                        "datasource": "CIAFactbook"
                    },
                    "img": {
                        "@src": "https://www5a.wolframalpha.com/Calculate/MSP/MSP5173236817928gh7i27h00001b3gh97c78d094h0?MSPStoreType=image/gif&s=51",
                        "@alt": "Location",
                        "@title": "",
                        "@width": "328",
                        "@height": "214",
                        "@type": "Default",
                        "@themes": "1,2,3,4,5,6,7,8,9,10,11,12",
                        "@colorinvertable": "true"
                    },
                    "plaintext": null
                }
            ],
            "expressiontypes": {
                "@count": "2",
                "expressiontype": [
                    {
                        "@name": "Default"
                    },
                    {
                        "@name": "Default"
                    }
                ]
            },
            "states": {
                "@count": "2",
                "state": [
                    {
                        "@name": "World map",
                        "@input": "Location:CityData__World map"
                    },
                    {
                        "@name": "Show coordinates",
                        "@input": "Location:CityData__Show coordinates"
                    }
                ]
            },
            "infos": {
                "@count": "1",
                "info": {
                    "link": {
                        "@url": "http://maps.google.com?ie=UTF8&z=12&t=k&ll=44.3%2C-77.55&q=44.3%20N%2C%2077.55%20W",
                        "@text": "Satellite image"
                    }
                }
            }
        },
        {
            "@title": "Local map",
            "@scanner": "Data",
            "@id": "Map:CityData",
            "@position": "400",
            "@error": "false",
            "@numsubpods": "1",
            "subpod": {
                "@title": "",
                "microsources": {
                    "microsource": [
                        "CityData",
                        "OpenStreetMap"
                    ]
                },
                "img": {
                    "@src": "https://www5a.wolframalpha.com/Calculate/MSP/MSP5174236817928gh7i27h000050159656b1eh11i9?MSPStoreType=image/gif&s=51",
                    "@alt": "Local map",
                    "@title": "",
                    "@width": "550",
                    "@height": "278",
                    "@type": "Default",
                    "@themes": "1,2,3,4,5,6,7,8,9,10,11,12",
                    "@colorinvertable": "false"
                },
                "plaintext": null
            },
            "expressiontypes": {
                "@count": "1",
                "expressiontype": {
                    "@name": "Default"
                }
            },
            "states": {
                "@count": "2",
                "statelist": {
                    "@count": "13",
                    "@value": "20 kilometers across",
                    "@delimiters": "",
                    "state": [
                        {
                            "@name": "8 kilometers across",
                            "@input": "Map:CityData__8 kilometers across"
                        },
                        {
                            "@name": "20 kilometers across",
                            "@input": "Map:CityData__20 kilometers across"
                        },
                        {
                            "@name": "30 kilometers across",
                            "@input": "Map:CityData__30 kilometers across"
                        },
                        {
                            "@name": "60 kilometers across",
                            "@input": "Map:CityData__60 kilometers across"
                        },
                        {
                            "@name": "120 kilometers across",
                            "@input": "Map:CityData__120 kilometers across"
                        },
                        {
                            "@name": "240 kilometers across",
                            "@input": "Map:CityData__240 kilometers across"
                        },
                        {
                            "@name": "490 kilometers across",
                            "@input": "Map:CityData__490 kilometers across"
                        },
                        {
                            "@name": "970 kilometers across",
                            "@input": "Map:CityData__970 kilometers across"
                        },
                        {
                            "@name": "1900 kilometers across",
                            "@input": "Map:CityData__1900 kilometers across"
                        },
                        {
                            "@name": "3900 kilometers across",
                            "@input": "Map:CityData__3900 kilometers across"
                        },
                        {
                            "@name": "7500 kilometers across",
                            "@input": "Map:CityData__7500 kilometers across"
                        },
                        {
                            "@name": "12000 kilometers across",
                            "@input": "Map:CityData__12000 kilometers across"
                        },
                        {
                            "@name": "24000 kilometers across",
                            "@input": "Map:CityData__24000 kilometers across"
                        }
                    ]
                },
                "state": {
                    "@name": "Non-metric",
                    "@input": "Map:CityData__Non-metric"
                }
            },
            "infos": {
                "@count": "1",
                "info": {
                    "link": {
                        "@url": "http://maps.google.com?ie=UTF8&z=12&t=k&ll=44.3%2C-77.55&q=44.3%20N%2C%2077.55%20W",
                        "@text": "Satellite image"
                    }
                }
            }
        },
        {
            "@title": "Administrative regions",
            "@scanner": "Data",
            "@id": "AdministrativeRegions:CityData",
            "@position": "500",
            "@error": "false",
            "@numsubpods": "1",
            "subpod": {
                "@title": "",
                "microsources": {
                    "microsource": "CityData"
                },
                "img": {
                    "@src": "https://www5a.wolframalpha.com/Calculate/MSP/MSP5175236817928gh7i27h00001d8ea5g9af035g7d?MSPStoreType=image/gif&s=51",
                    "@alt": "region | Ontario country | Canada",
                    "@title": "region | Ontario country | Canada",
                    "@width": "151",
                    "@height": "68",
                    "@type": "Grid",
                    "@themes": "1,2,3,4,5,6,7,8,9,10,11,12",
                    "@colorinvertable": "true"
                },
                "plaintext": "region | Ontario\ncountry | Canada"
            },
            "expressiontypes": {
                "@count": "1",
                "expressiontype": {
                    "@name": "Grid"
                }
            }
        },
        {
            "@title": "Current local time",
            "@scanner": "Data",
            "@id": "CurrentTime:CityData",
            "@position": "600",
            "@error": "false",
            "@numsubpods": "1",
            "subpod": {
                "@title": "",
                "microsources": {
                    "microsource": "CityData"
                },
                "img": {
                    "@src": "https://www5a.wolframalpha.com/Calculate/MSP/MSP5176236817928gh7i27h00003e852ee25069bgfa?MSPStoreType=image/gif&s=51",
                    "@alt": "11:49 pm EST | Saturday, January 18, 2020",
                    "@title": "11:49 pm EST | Saturday, January 18, 2020",
                    "@width": "301",
                    "@height": "18",
                    "@type": "Grid",
                    "@themes": "1,2,3,4,5,6,7,8,9,10,11,12",
                    "@colorinvertable": "true"
                },
                "plaintext": "11:49 pm EST | Saturday, January 18, 2020"
            },
            "expressiontypes": {
                "@count": "1",
                "expressiontype": {
                    "@name": "Default"
                }
            }
        },
        {
            "@title": "Current weather",
            "@scanner": "Data",
            "@id": "WeatherPod:CityData",
            "@position": "700",
            "@error": "false",
            "@numsubpods": "1",
            "subpod": {
                "@title": "",
                "microsources": {
                    "microsource": [
                        "CityData",
                        "WeatherData"
                    ]
                },
                "img": {
                    "@src": "https://www5a.wolframalpha.com/Calculate/MSP/MSP5177236817928gh7i27h0000122a6ea1169b2180?MSPStoreType=image/gif&s=51",
                    "@alt": "-6 \u00b0C | relative humidity: 79% | wind: 1 m/s | snow, overcast",
                    "@title": "-6 \u00b0C | relative humidity: 79% | wind: 1 m/s | snow, overcast",
                    "@width": "432",
                    "@height": "22",
                    "@type": "Grid",
                    "@themes": "1,2,3,4,5,6,7,8,9,10,11,12",
                    "@colorinvertable": "true"
                },
                "plaintext": "-6 \u00b0C | relative humidity: 79% | wind: 1 m/s | snow, overcast"
            },
            "expressiontypes": {
                "@count": "1",
                "expressiontype": {
                    "@name": "Grid"
                }
            },
            "states": {
                "@count": "2",
                "state": [
                    {
                        "@name": "Show history",
                        "@input": "WeatherPod:CityData__Show history"
                    },
                    {
                        "@name": "Show non-metric",
                        "@input": "WeatherPod:CityData__Show non-metric"
                    }
                ]
            }
        },
        {
            "@title": "Nearby cities",
            "@scanner": "Data",
            "@id": "CityHierarchyInfo:CityData",
            "@position": "800",
            "@error": "false",
            "@numsubpods": "1",
            "subpod": {
                "@title": "",
                "microsources": {
                    "microsource": "CityData"
                },
                "img": {
                    "@src": "https://www5a.wolframalpha.com/Calculate/MSP/MSP5178236817928gh7i27h00004h61c4c4bc1e48d1?MSPStoreType=image/gif&s=51",
                    "@alt": "Belleville, Ontario | 20 km (kilometers) southeast | 64071 people Toronto, Ontario | 164 km (kilometers) west-southwest | 2.615 million people Ottawa, Ontario | 191 km (kilometers) northeast | 883391 people (straight-line distances between city centers)",
                    "@title": "Belleville, Ontario | 20 km (kilometers) southeast | 64071 people Toronto, Ontario | 164 km (kilometers) west-southwest | 2.615 million people Ottawa, Ontario | 191 km (kilometers) northeast | 883391 people (straight-line distances between city centers)",
                    "@width": "544",
                    "@height": "114",
                    "@type": "Grid",
                    "@themes": "1,2,3,4,5,6,7,8,9,10,11,12",
                    "@colorinvertable": "true"
                },
                "plaintext": "Belleville, Ontario | 20 km (kilometers) southeast | 64071 people\nToronto, Ontario | 164 km (kilometers) west-southwest | 2.615 million people\nOttawa, Ontario | 191 km (kilometers) northeast | 883391 people\n(straight-line distances between city centers)"
            },
            "expressiontypes": {
                "@count": "1",
                "expressiontype": {
                    "@name": "Grid"
                }
            },
            "states": {
                "@count": "2",
                "state": [
                    {
                        "@name": "Show non-metric",
                        "@input": "CityHierarchyInfo:CityData__Show non-metric"
                    },
                    {
                        "@name": "More",
                        "@input": "CityHierarchyInfo:CityData__More"
                    }
                ]
            }
        },
        {
            "@title": "Nearby airports",
            "@scanner": "Data",
            "@id": "AirportHierarchyInfo:CityData",
            "@position": "900",
            "@error": "false",
            "@numsubpods": "1",
            "subpod": {
                "@title": "",
                "microsources": {
                    "microsource": "CityData"
                },
                "img": {
                    "@src": "https://www5a.wolframalpha.com/Calculate/MSP/MSP5179236817928gh7i27h00000d0e35ddag0e5gdc?MSPStoreType=image/gif&s=51",
                    "@alt": "Trenton Airport | 20 km (kilometers) south Mountain View Airport | 31 km (kilometers) south-southeast Tyendinaga Airport | 38 km (kilometers) east-southeast (straight-line distances between city center and airport)",
                    "@title": "Trenton Airport | 20 km (kilometers) south Mountain View Airport | 31 km (kilometers) south-southeast Tyendinaga Airport | 38 km (kilometers) east-southeast (straight-line distances between city center and airport)",
                    "@width": "428",
                    "@height": "114",
                    "@type": "Grid",
                    "@themes": "1,2,3,4,5,6,7,8,9,10,11,12",
                    "@colorinvertable": "true"
                },
                "plaintext": "Trenton Airport | 20 km (kilometers) south\nMountain View Airport | 31 km (kilometers) south-southeast\nTyendinaga Airport | 38 km (kilometers) east-southeast\n(straight-line distances between city center and airport)"
            },
            "expressiontypes": {
                "@count": "1",
                "expressiontype": {
                    "@name": "Grid"
                }
            },
            "states": {
                "@count": "2",
                "state": [
                    {
                        "@name": "Show non-metric",
                        "@input": "AirportHierarchyInfo:CityData__Show non-metric"
                    },
                    {
                        "@name": "More",
                        "@input": "AirportHierarchyInfo:CityData__More"
                    }
                ]
            }
        },
        {
            "@title": "Geographic properties",
            "@scanner": "Data",
            "@id": "GeographicProperties:CityData",
            "@position": "1000",
            "@error": "false",
            "@numsubpods": "1",
            "subpod": {
                "@title": "",
                "microsources": {
                    "microsource": "CityData"
                },
                "img": {
                    "@src": "https://www5a.wolframalpha.com/Calculate/MSP/MSP5180236817928gh7i27h000051hcd4c714ded8dd?MSPStoreType=image/gif&s=51",
                    "@alt": "elevation | 122 m",
                    "@title": "elevation | 122 m",
                    "@width": "147",
                    "@height": "36",
                    "@type": "Grid",
                    "@themes": "1,2,3,4,5,6,7,8,9,10,11,12",
                    "@colorinvertable": "true"
                },
                "plaintext": "elevation | 122 m"
            },
            "expressiontypes": {
                "@count": "1",
                "expressiontype": {
                    "@name": "Grid"
                }
            },
            "states": {
                "@count": "1",
                "state": {
                    "@name": "Show non-metric",
                    "@input": "GeographicProperties:CityData__Show non-metric"
                }
            },
            "infos": {
                "@count": "1",
                "info": {
                    "units": {
                        "@count": "1",
                        "unit": {
                            "@short": "m",
                            "@long": "meters"
                        },
                        "img": {
                            "@src": "https://www5a.wolframalpha.com/Calculate/MSP/MSP5181236817928gh7i27h000010a3b5088696babc?MSPStoreType=image/gif&s=51",
                            "@width": "96",
                            "@height": "26"
                        }
                    }
                }
            }
        },
        {
            "@title": "Nearby features",
            "@scanner": "Data",
            "@id": "FeaturesHierarchyInfo:CityData",
            "@position": "1100",
            "@error": "false",
            "@numsubpods": "1",
            "subpod": {
                "@title": "",
                "microsources": {
                    "microsource": [
                        "CityData",
                        "NuclearReactorData"
                    ]
                },
                "datasources": {
                    "datasource": "IAEAPowerReactorInformationSystem"
                },
                "img": {
                    "@src": "https://www5a.wolframalpha.com/Calculate/MSP/MSP5182236817928gh7i27h00003d4hc92eh2iceahf?MSPStoreType=image/gif&s=51",
                    "@alt": "earth impact | Holleford Crater (2.35 km (kilometers)) | 75 km (kilometers) east-northeast nuclear power site | Darlington | 103 km (kilometers) west-southwest waterfall | High Falls (29 meters) | 127 km (kilometers) south mountain | Algonquin Peak (1559 meters) | 285 km (kilometers) east mountain | Mount Marcy (1629 meters) | 291 km (kilometers) east (straight-line distances between city center and feature coordinates)",
                    "@title": "earth impact | Holleford Crater (2.35 km (kilometers)) | 75 km (kilometers) east-northeast nuclear power site | Darlington | 103 km (kilometers) west-southwest waterfall | High Falls (29 meters) | 127 km (kilometers) south mountain | Algonquin Peak (1559 meters) | 285 km (kilometers) east mountain | Mount Marcy (1629 meters) | 291 km (kilometers) east (straight-line distances between city center and feature coordinates)",
                    "@width": "545",
                    "@height": "254",
                    "@type": "Grid",
                    "@themes": "1,2,3,4,5,6,7,8,9,10,11,12",
                    "@colorinvertable": "true"
                },
                "plaintext": "earth impact | Holleford Crater (2.35 km (kilometers)) | 75 km (kilometers) east-northeast\nnuclear power site | Darlington | 103 km (kilometers) west-southwest\nwaterfall | High Falls (29 meters) | 127 km (kilometers) south\nmountain | Algonquin Peak (1559 meters) | 285 km (kilometers) east\nmountain | Mount Marcy (1629 meters) | 291 km (kilometers) east\n(straight-line distances between city center and feature coordinates)"
            },
            "expressiontypes": {
                "@count": "1",
                "expressiontype": {
                    "@name": "Grid"
                }
            },
            "states": {
                "@count": "2",
                "state": [
                    {
                        "@name": "Show non-metric",
                        "@input": "FeaturesHierarchyInfo:CityData__Show non-metric"
                    },
                    {
                        "@name": "More",
                        "@input": "FeaturesHierarchyInfo:CityData__More"
                    }
                ]
            }
        },
        {
            "@title": "Nearest sea",
            "@scanner": "Data",
            "@id": "OceansHierarchyInfo:CityData",
            "@position": "1200",
            "@error": "false",
            "@numsubpods": "1",
            "subpod": {
                "@title": "",
                "microsources": {
                    "microsource": "CityData"
                },
                "img": {
                    "@src": "https://www5a.wolframalpha.com/Calculate/MSP/MSP5183236817928gh7i27h00002787e06041937b0b?MSPStoreType=image/gif&s=51",
                    "@alt": "Atlantic Ocean (444 km (kilometers) southeast)  (straight-line distance between city center and shore)",
                    "@title": "Atlantic Ocean (444 km (kilometers) southeast)  (straight-line distance between city center and shore)",
                    "@width": "308",
                    "@height": "41",
                    "@type": "Default",
                    "@themes": "1,2,3,4,5,6,7,8,9,10,11,12",
                    "@colorinvertable": "true"
                },
                "plaintext": "Atlantic Ocean (444 km (kilometers) southeast) \n(straight-line distance between city center and shore)"
            },
            "expressiontypes": {
                "@count": "1",
                "expressiontype": {
                    "@name": "Default"
                }
            },
            "states": {
                "@count": "3",
                "state": [
                    {
                        "@name": "Show map",
                        "@input": "OceansHierarchyInfo:CityData__Show map"
                    },
                    {
                        "@name": "Show non-metric",
                        "@input": "OceansHierarchyInfo:CityData__Show non-metric"
                    },
                    {
                        "@name": "More",
                        "@input": "OceansHierarchyInfo:CityData__More"
                    }
                ]
            }
        },
        {
            "@title": "Notable people born in Stirling",
            "@scanner": "Data",
            "@id": "NotablePeople:CityData",
            "@position": "1300",
            "@error": "false",
            "@numsubpods": "1",
            "subpod": {
                "@title": "",
                "microsources": {
                    "microsource": [
                        "CityData",
                        "PeopleData"
                    ]
                },
                "img": {
                    "@src": "https://www5a.wolframalpha.com/Calculate/MSP/MSP5184236817928gh7i27h000050i0ah7691328ccc?MSPStoreType=image/gif&s=51",
                    "@alt": "(none known)",
                    "@title": "(none known)",
                    "@width": "92",
                    "@height": "18",
                    "@type": "Default",
                    "@themes": "1,2,3,4,5,6,7,8,9,10,11,12",
                    "@colorinvertable": "true"
                },
                "plaintext": "(none known)"
            },
            "expressiontypes": {
                "@count": "1",
                "expressiontype": {
                    "@name": "Default"
                }
            },
            "states": {
                "@count": "2",
                "state": [
                    {
                        "@name": "Show dates",
                        "@input": "NotablePeople:CityData__Show dates"
                    },
                    {
                        "@name": "Show deaths",
                        "@input": "NotablePeople:CityData__Show deaths"
                    }
                ]
            }
        },
        {
            "@title": "Wikipedia page hits history",
            "@scanner": "Data",
            "@id": "PopularityPod:WikipediaStatsData",
            "@position": "1400",
            "@error": "false",
            "@numsubpods": "1",
            "subpod": {
                "@title": "",
                "img": {
                    "@src": "https://www5a.wolframalpha.com/Calculate/MSP/MSP5185236817928gh7i27h00001aieg5cie8673ae5?MSPStoreType=image/gif&s=51",
                    "@alt": "Wikipedia page hits history",
                    "@title": "",
                    "@width": "546",
                    "@height": "167",
                    "@type": "TimeSeriesPlot_1",
                    "@themes": "1,2,3,4,5,6,7,8,9,10,11,12",
                    "@colorinvertable": "true"
                },
                "plaintext": null
            },
            "expressiontypes": {
                "@count": "1",
                "expressiontype": {
                    "@name": "TimeSeriesPlot"
                }
            },
            "states": {
                "@count": "1",
                "state": {
                    "@name": "Log scale",
                    "@input": "PopularityPod:WikipediaStatsData__Log scale"
                }
            }
        }
    ],
    "assumptions": {
        "@count": "2",
        "assumption": [
            {
                "@type": "MultiClash",
                "@word": "",
                "@template": "Assuming ${word1} is referring to ${desc1}. Use \"${word2}\" as ${desc2}.",
                "@count": "2",
                "value": [
                    {
                        "@name": "City",
                        "@word": "the input",
                        "@desc": "a city",
                        "@input": "*MC.%7E-_*City-"
                    },
                    {
                        "@name": "AdministrativeDivision",
                        "@word": "Stirling",
                        "@desc": "an administrative division",
                        "@input": "*MC.%7E-_*AdministrativeDivision-"
                    }
                ]
            },
            {
                "@type": "SubCategory",
                "@word": "Village of Stirling",
                "@template": "Assuming ${desc1}. Use ${desc2} instead",
                "@count": "13",
                "value": [
                    {
                        "@name": "{Stirling, Ontario, Canada}",
                        "@desc": "Stirling (Canada)",
                        "@input": "*DPClash.CityE.Village+of+Stirling-_**Stirling.Ontario.Canada--"
                    },
                    {
                        "@name": "{SterlingCDP, Virginia, UnitedStates}",
                        "@desc": "Sterling CDP (Virginia, USA)",
                        "@input": "*DPClash.CityE.Village+of+Stirling-_**SterlingCDP.Virginia.UnitedStates--"
                    },
                    {
                        "@name": "{Sterling, Massachusetts, UnitedStates}",
                        "@desc": "Sterling (Massachusetts, USA)",
                        "@input": "*DPClash.CityE.Village+of+Stirling-_**Sterling.Massachusetts.UnitedStates--"
                    },
                    {
                        "@name": "{Sterling, Illinois, UnitedStates}",
                        "@desc": "Sterling (Illinois, USA)",
                        "@input": "*DPClash.CityE.Village+of+Stirling-_**Sterling.Illinois.UnitedStates--"
                    },
                    {
                        "@name": "{Sterling, NewYork, UnitedStates}",
                        "@desc": "Sterling (New York, USA)",
                        "@input": "*DPClash.CityE.Village+of+Stirling-_**Sterling.NewYork.UnitedStates--"
                    },
                    {
                        "@name": "{CityOfStirling, WesternAustralia, Australia}",
                        "@desc": "City of Stirling (Western Australia, Australia)",
                        "@input": "*DPClash.CityE.Village+of+Stirling-_**CityOfStirling.WesternAustralia.Australia--"
                    },
                    {
                        "@name": "{Stirling, Stirling, UnitedKingdom}",
                        "@desc": "Stirling (United Kingdom)",
                        "@input": "*DPClash.CityE.Village+of+Stirling-_**Stirling.Stirling.UnitedKingdom--"
                    },
                    {
                        "@name": "{Sterling, Connecticut, UnitedStates}",
                        "@desc": "Sterling (Connecticut, USA)",
                        "@input": "*DPClash.CityE.Village+of+Stirling-_**Sterling.Connecticut.UnitedStates--"
                    },
                    {
                        "@name": "{Sterling, Colorado, UnitedStates}",
                        "@desc": "Sterling (Colorado, USA)",
                        "@input": "*DPClash.CityE.Village+of+Stirling-_**Sterling.Colorado.UnitedStates--"
                    },
                    {
                        "@name": "{Sterling, Alaska, UnitedStates}",
                        "@desc": "Sterling (Alaska, USA)",
                        "@input": "*DPClash.CityE.Village+of+Stirling-_**Sterling.Alaska.UnitedStates--"
                    },
                    {
                        "@name": "{Sterling, Kansas, UnitedStates}",
                        "@desc": "Sterling (Kansas, USA)",
                        "@input": "*DPClash.CityE.Village+of+Stirling-_**Sterling.Kansas.UnitedStates--"
                    },
                    {
                        "@name": "{Stirling, SouthAustralia, Australia}",
                        "@desc": "Stirling (South Australia, Australia)",
                        "@input": "*DPClash.CityE.Village+of+Stirling-_**Stirling.SouthAustralia.Australia--"
                    },
                    {
                        "@name": "{Stirling, Otago, NewZealand}",
                        "@desc": "Stirling (New Zealand)",
                        "@input": "*DPClash.CityE.Village+of+Stirling-_**Stirling.Otago.NewZealand--"
                    }
                ]
            }
        ]
    },
    "userinfoused": {
        "@count": "1",
        "userinfo": {
            "@name": "Country"
        }
    },
    "sources": {
        "@count": "7",
        "source": [
            {
                "@url": "https://www5a.wolframalpha.com/sources/AdministrativeDivisionDataSourceInformationNotes.html",
                "@text": "Administrative division data"
            },
            {
                "@url": "https://www5a.wolframalpha.com/sources/CityDataSourceInformationNotes.html",
                "@text": "City data"
            },
            {
                "@url": "https://www5a.wolframalpha.com/sources/NuclearReactorDataSourceInformationNotes.html",
                "@text": "Nuclear reactor data"
            },
            {
                "@url": "https://www5a.wolframalpha.com/sources/OpenStreetMapSourceInformationNotes.html",
                "@text": "Open street map"
            },
            {
                "@url": "https://www5a.wolframalpha.com/sources/PeopleDataSourceInformationNotes.html",
                "@text": "People data"
            },
            {
                "@url": "https://www5a.wolframalpha.com/sources/USCensusDataSourceInformationNotes.html",
                "@text": "US census data"
            },
            {
                "@url": "https://www5a.wolframalpha.com/sources/WeatherDataSourceInformationNotes.html",
                "@text": "Weather data"
            }
        ]
    }
}