{
    "@success": "true",
    "@error": "false",
    "@numpods": "15",
    "@datatypes": "AdministrativeDivision,City,Person,WeatherStation",
    "@timedout": "",
    "@timedoutpods": "",
    "@timing": "6.008",
    "@parsetiming": "0.107",
    "@parsetimedout": "false",
    "@recalculate": "",
    "@id": "MSP216010g1gc7273c10fa200002a13129fece6hb37",
    "@host": "https://www5a.wolframalpha.com",
    "@server": "56",
    "@related": "https://www5a.wolframalpha.com/api/v1/relatedQueries.jsp?id=MSPa216110g1gc7273c10fa2000057ba5e8a0ec1856g1335321721000003642",
    "@version": "2.6",
    "pod": [
        {
            "@title": "Input interpretation",
            "@scanner": "Identity",
            "@id": "Input",
            "@position": "100",
            "@error": "false",
            "@numsubpods": "1",
            "subpod": {
                "@title": "",
                "img": {
                    "@src": "https://www5a.wolframalpha.com/Calculate/MSP/MSP216210g1gc7273c10fa200006ac68gc8cbe9c58h?MSPStoreType=image/gif&s=56",
                    "@alt": "Saskatoon, Saskatchewan",
                    "@title": "Saskatoon, Saskatchewan",
                    "@width": "170",
                    "@height": "18",
                    "@type": "Default",
                    "@themes": "1,2,3,4,5,6,7,8,9,10,11,12",
                    "@colorinvertable": "true"
                },
                "plaintext": "Saskatoon, Saskatchewan"
            },
            "expressiontypes": {
                "@count": "1",
                "expressiontype": {
                    "@name": "Default"
                }
            }
        },
        {
            "@title": "Population",
            "@scanner": "Data",
            "@id": "Population:CityData",
            "@position": "200",
            "@error": "false",
            "@numsubpods": "1",
            "@primary": "true",
            "subpod": {
                "@title": "",
                "microsources": {
                    "microsource": [
                        "CityData",
                        "USCensusData"
                    ]
                },
                "img": {
                    "@src": "https://www5a.wolframalpha.com/Calculate/MSP/MSP216310g1gc7273c10fa200002ab4i3605iae697c?MSPStoreType=image/gif&s=56",
                    "@alt": "city population | 222189 people (country rank: 21st) (2011 estimate)",
                    "@title": "city population | 222189 people (country rank: 21st) (2011 estimate)",
                    "@width": "459",
                    "@height": "36",
                    "@type": "Grid",
                    "@themes": "1,2,3,4,5,6,7,8,9,10,11,12",
                    "@colorinvertable": "true"
                },
                "plaintext": "city population | 222189 people (country rank: 21st) (2011 estimate)"
            },
            "expressiontypes": {
                "@count": "1",
                "expressiontype": {
                    "@name": "Grid"
                }
            },
            "states": {
                "@count": "1",
                "state": {
                    "@name": "Show history",
                    "@input": "Population:CityData__Show history"
                }
            }
        },
        {
            "@title": "Location",
            "@scanner": "Data",
            "@id": "Location:CityData",
            "@position": "300",
            "@error": "false",
            "@numsubpods": "2",
            "subpod": [
                {
                    "@title": "",
                    "microsources": {
                        "microsource": [
                            "AdministrativeDivisionData",
                            "CityData"
                        ]
                    },
                    "img": {
                        "@src": "https://www5a.wolframalpha.com/Calculate/MSP/MSP216410g1gc7273c10fa2000049cac9aibfd7if7h?MSPStoreType=image/gif&s=56",
                        "@alt": "Saskatchewan, Canada",
                        "@title": "Saskatchewan, Canada",
                        "@width": "152",
                        "@height": "18",
                        "@type": "Default",
                        "@themes": "1,2,3,4,5,6,7,8,9,10,11,12",
                        "@colorinvertable": "true"
                    },
                    "plaintext": "Saskatchewan, Canada"
                },
                {
                    "@title": "",
                    "microsources": {
                        "microsource": [
                            "AdministrativeDivisionData",
                            "CityData",
                            "CountryData"
                        ]
                    },
                    "datasources": {
                        "datasource": "CIAFactbook"
                    },
                    "img": {
                        "@src": "https://www5a.wolframalpha.com/Calculate/MSP/MSP216510g1gc7273c10fa200001i060g6bicc9ie54?MSPStoreType=image/gif&s=56",
                        "@alt": "Location",
                        "@title": "",
                        "@width": "328",
                        "@height": "214",
                        "@type": "Default",
                        "@themes": "1,2,3,4,5,6,7,8,9,10,11,12",
                        "@colorinvertable": "true"
                    },
                    "plaintext": null
                }
            ],
            "expressiontypes": {
                "@count": "2",
                "expressiontype": [
                    {
                        "@name": "Default"
                    },
                    {
                        "@name": "Default"
                    }
                ]
            },
            "states": {
                "@count": "2",
                "state": [
                    {
                        "@name": "World map",
                        "@input": "Location:CityData__World map"
                    },
                    {
                        "@name": "Show coordinates",
                        "@input": "Location:CityData__Show coordinates"
                    }
                ]
            },
            "infos": {
                "@count": "1",
                "info": {
                    "link": {
                        "@url": "http://maps.google.com?ie=UTF8&z=12&t=k&ll=52.15%2C-106.66&q=52.15%20N%2C%20106.66%20W",
                        "@text": "Satellite image"
                    }
                }
            }
        },
        {
            "@title": "Local map",
            "@scanner": "Data",
            "@id": "Map:CityData",
            "@position": "400",
            "@error": "false",
            "@numsubpods": "1",
            "subpod": {
                "@title": "",
                "microsources": {
                    "microsource": [
                        "CityData",
                        "OpenStreetMap"
                    ]
                },
                "img": {
                    "@src": "https://www5a.wolframalpha.com/Calculate/MSP/MSP216610g1gc7273c10fa200002c34h2di16997436?MSPStoreType=image/gif&s=56",
                    "@alt": "Local map",
                    "@title": "",
                    "@width": "550",
                    "@height": "278",
                    "@type": "Default",
                    "@themes": "1,2,3,4,5,6,7,8,9,10,11,12",
                    "@colorinvertable": "false"
                },
                "plaintext": null
            },
            "expressiontypes": {
                "@count": "1",
                "expressiontype": {
                    "@name": "Default"
                }
            },
            "states": {
                "@count": "2",
                "statelist": {
                    "@count": "13",
                    "@value": "50 kilometers across",
                    "@delimiters": "",
                    "state": [
                        {
                            "@name": "7 kilometers across",
                            "@input": "Map:CityData__7 kilometers across"
                        },
                        {
                            "@name": "10 kilometers across",
                            "@input": "Map:CityData__10 kilometers across"
                        },
                        {
                            "@name": "30 kilometers across",
                            "@input": "Map:CityData__30 kilometers across"
                        },
                        {
                            "@name": "50 kilometers across",
                            "@input": "Map:CityData__50 kilometers across"
                        },
                        {
                            "@name": "100 kilometers across",
                            "@input": "Map:CityData__100 kilometers across"
                        },
                        {
                            "@name": "210 kilometers across",
                            "@input": "Map:CityData__210 kilometers across"
                        },
                        {
                            "@name": "420 kilometers across",
                            "@input": "Map:CityData__420 kilometers across"
                        },
                        {
                            "@name": "840 kilometers across",
                            "@input": "Map:CityData__840 kilometers across"
                        },
                        {
                            "@name": "1700 kilometers across",
                            "@input": "Map:CityData__1700 kilometers across"
                        },
                        {
                            "@name": "3300 kilometers across",
                            "@input": "Map:CityData__3300 kilometers across"
                        },
                        {
                            "@name": "6400 kilometers across",
                            "@input": "Map:CityData__6400 kilometers across"
                        },
                        {
                            "@name": "10000 kilometers across",
                            "@input": "Map:CityData__10000 kilometers across"
                        },
                        {
                            "@name": "20000 kilometers across",
                            "@input": "Map:CityData__20000 kilometers across"
                        }
                    ]
                },
                "state": {
                    "@name": "Non-metric",
                    "@input": "Map:CityData__Non-metric"
                }
            },
            "infos": {
                "@count": "1",
                "info": {
                    "link": {
                        "@url": "http://maps.google.com?ie=UTF8&z=12&t=k&ll=52.15%2C-106.66&q=52.15%20N%2C%20106.66%20W",
                        "@text": "Satellite image"
                    }
                }
            }
        },
        {
            "@title": "Administrative regions",
            "@scanner": "Data",
            "@id": "AdministrativeRegions:CityData",
            "@position": "500",
            "@error": "false",
            "@numsubpods": "1",
            "subpod": {
                "@title": "",
                "microsources": {
                    "microsource": "CityData"
                },
                "img": {
                    "@src": "https://www5a.wolframalpha.com/Calculate/MSP/MSP216710g1gc7273c10fa2000022ig4i2f8e56c81a?MSPStoreType=image/gif&s=56",
                    "@alt": "region | Saskatchewan country | Canada",
                    "@title": "region | Saskatchewan country | Canada",
                    "@width": "194",
                    "@height": "68",
                    "@type": "Grid",
                    "@themes": "1,2,3,4,5,6,7,8,9,10,11,12",
                    "@colorinvertable": "true"
                },
                "plaintext": "region | Saskatchewan\ncountry | Canada"
            },
            "expressiontypes": {
                "@count": "1",
                "expressiontype": {
                    "@name": "Grid"
                }
            }
        },
        {
            "@title": "Current local time",
            "@scanner": "Data",
            "@id": "CurrentTime:CityData",
            "@position": "600",
            "@error": "false",
            "@numsubpods": "1",
            "subpod": {
                "@title": "",
                "microsources": {
                    "microsource": "CityData"
                },
                "img": {
                    "@src": "https://www5a.wolframalpha.com/Calculate/MSP/MSP216810g1gc7273c10fa20000418gce84561683b4?MSPStoreType=image/gif&s=56",
                    "@alt": "10:51 pm CST | Saturday, January 18, 2020",
                    "@title": "10:51 pm CST | Saturday, January 18, 2020",
                    "@width": "301",
                    "@height": "18",
                    "@type": "Grid",
                    "@themes": "1,2,3,4,5,6,7,8,9,10,11,12",
                    "@colorinvertable": "true"
                },
                "plaintext": "10:51 pm CST | Saturday, January 18, 2020"
            },
            "expressiontypes": {
                "@count": "1",
                "expressiontype": {
                    "@name": "Default"
                }
            }
        },
        {
            "@title": "Current weather",
            "@scanner": "Data",
            "@id": "WeatherPod:CityData",
            "@position": "700",
            "@error": "false",
            "@numsubpods": "1",
            "subpod": {
                "@title": "",
                "microsources": {
                    "microsource": [
                        "CityData",
                        "WeatherData"
                    ]
                },
                "img": {
                    "@src": "https://www5a.wolframalpha.com/Calculate/MSP/MSP216910g1gc7273c10fa2000047bd34993b198476?MSPStoreType=image/gif&s=56",
                    "@alt": "-27 \u00b0C (wind chill: -36 \u00b0C) | relative humidity: 75% | wind: 3 m/s | clear",
                    "@title": "-27 \u00b0C (wind chill: -36 \u00b0C) | relative humidity: 75% | wind: 3 m/s | clear",
                    "@width": "505",
                    "@height": "22",
                    "@type": "Grid",
                    "@themes": "1,2,3,4,5,6,7,8,9,10,11,12",
                    "@colorinvertable": "true"
                },
                "plaintext": "-27 \u00b0C (wind chill: -36 \u00b0C) | relative humidity: 75% | wind: 3 m/s | clear"
            },
            "expressiontypes": {
                "@count": "1",
                "expressiontype": {
                    "@name": "Grid"
                }
            },
            "states": {
                "@count": "2",
                "state": [
                    {
                        "@name": "Show history",
                        "@input": "WeatherPod:CityData__Show history"
                    },
                    {
                        "@name": "Show non-metric",
                        "@input": "WeatherPod:CityData__Show non-metric"
                    }
                ]
            }
        },
        {
            "@title": "Nearby cities",
            "@scanner": "Data",
            "@id": "CityHierarchyInfo:CityData",
            "@position": "800",
            "@error": "false",
            "@numsubpods": "1",
            "subpod": {
                "@title": "",
                "microsources": {
                    "microsource": "CityData"
                },
                "img": {
                    "@src": "https://www5a.wolframalpha.com/Calculate/MSP/MSP217010g1gc7273c10fa200003h2di3bg0iba054b?MSPStoreType=image/gif&s=56",
                    "@alt": "Martensville, Saskatchewan | 16 km (kilometers) north | 4968 people Corman Park, Saskatchewan | 17 km (kilometers) south | 8354 people Warman, Saskatchewan | 20 km (kilometers) north-northeast | 4764 people North Battleford, Saskatchewan | 132 km (kilometers) west-northwest | 17765 people Prince Albert, Saskatchewan | 132 km (kilometers) north-northeast | 34542 people Regina, Saskatchewan | 237 km (kilometers) southeast | 193100 people (straight-line distances between city centers)",
                    "@title": "Martensville, Saskatchewan | 16 km (kilometers) north | 4968 people Corman Park, Saskatchewan | 17 km (kilometers) south | 8354 people Warman, Saskatchewan | 20 km (kilometers) north-northeast | 4764 people North Battleford, Saskatchewan | 132 km (kilometers) west-northwest | 17765 people Prince Albert, Saskatchewan | 132 km (kilometers) north-northeast | 34542 people Regina, Saskatchewan | 237 km (kilometers) southeast | 193100 people (straight-line distances between city centers)",
                    "@width": "545",
                    "@height": "282",
                    "@type": "Grid",
                    "@themes": "1,2,3,4,5,6,7,8,9,10,11,12",
                    "@colorinvertable": "true"
                },
                "plaintext": "Martensville, Saskatchewan | 16 km (kilometers) north | 4968 people\nCorman Park, Saskatchewan | 17 km (kilometers) south | 8354 people\nWarman, Saskatchewan | 20 km (kilometers) north-northeast | 4764 people\nNorth Battleford, Saskatchewan | 132 km (kilometers) west-northwest | 17765 people\nPrince Albert, Saskatchewan | 132 km (kilometers) north-northeast | 34542 people\nRegina, Saskatchewan | 237 km (kilometers) southeast | 193100 people\n(straight-line distances between city centers)"
            },
            "expressiontypes": {
                "@count": "1",
                "expressiontype": {
                    "@name": "Grid"
                }
            },
            "states": {
                "@count": "2",
                "state": [
                    {
                        "@name": "Show non-metric",
                        "@input": "CityHierarchyInfo:CityData__Show non-metric"
                    },
                    {
                        "@name": "More",
                        "@input": "CityHierarchyInfo:CityData__More"
                    }
                ]
            }
        },
        {
            "@title": "Nearby airport",
            "@scanner": "Data",
            "@id": "AirportHierarchyInfo:CityData",
            "@position": "900",
            "@error": "false",
            "@numsubpods": "1",
            "subpod": {
                "@title": "",
                "microsources": {
                    "microsource": "CityData"
                },
                "img": {
                    "@src": "https://www5a.wolframalpha.com/Calculate/MSP/MSP217110g1gc7273c10fa20000380i7h66ec109f85?MSPStoreType=image/gif&s=56",
                    "@alt": "Saskatoon International Airport | 4 km (kilometers) northwest (straight-line distances between city center and airport)",
                    "@title": "Saskatoon International Airport | 4 km (kilometers) northwest (straight-line distances between city center and airport)",
                    "@width": "441",
                    "@height": "58",
                    "@type": "Grid",
                    "@themes": "1,2,3,4,5,6,7,8,9,10,11,12",
                    "@colorinvertable": "true"
                },
                "plaintext": "Saskatoon International Airport | 4 km (kilometers) northwest\n(straight-line distances between city center and airport)"
            },
            "expressiontypes": {
                "@count": "1",
                "expressiontype": {
                    "@name": "Grid"
                }
            },
            "states": {
                "@count": "1",
                "state": {
                    "@name": "Show non-metric",
                    "@input": "AirportHierarchyInfo:CityData__Show non-metric"
                }
            }
        },
        {
            "@title": "Notable company headquarters",
            "@scanner": "Data",
            "@id": "CompaniesInCity:CityData",
            "@position": "1000",
            "@error": "false",
            "@numsubpods": "1",
            "subpod": {
                "@title": "",
                "microsources": {
                    "microsource": "CityData"
                },
                "datasources": {
                    "datasource": [
                        "ForbesAmericasLargestPrivateCompanies",
                        "CrunchBase"
                    ]
                },
                "img": {
                    "@src": "https://www5a.wolframalpha.com/Calculate/MSP/MSP217210g1gc7273c10fa2000067fa6e163ic2996i?MSPStoreType=image/gif&s=56",
                    "@alt": "Cameco Corp | 2620 employees (Quarter 4 2017) | $1.715 billion per year (Quarter 4 2017)",
                    "@title": "Cameco Corp | 2620 employees (Quarter 4 2017) | $1.715 billion per year (Quarter 4 2017)",
                    "@width": "546",
                    "@height": "53",
                    "@type": "Grid",
                    "@themes": "1,2,3,4,5,6,7,8,9,10,11,12",
                    "@colorinvertable": "true"
                },
                "plaintext": "Cameco Corp | 2620 employees (Quarter 4 2017) | $1.715 billion per year (Quarter 4 2017)"
            },
            "expressiontypes": {
                "@count": "1",
                "expressiontype": {
                    "@name": "Grid"
                }
            }
        },
        {
            "@title": "Geographic properties",
            "@scanner": "Data",
            "@id": "GeographicProperties:CityData",
            "@position": "1100",
            "@error": "false",
            "@numsubpods": "1",
            "subpod": {
                "@title": "",
                "microsources": {
                    "microsource": "CityData"
                },
                "img": {
                    "@src": "https://www5a.wolframalpha.com/Calculate/MSP/MSP217310g1gc7273c10fa200002h48af34ba06acee?MSPStoreType=image/gif&s=56",
                    "@alt": "elevation | 490 m",
                    "@title": "elevation | 490 m",
                    "@width": "147",
                    "@height": "36",
                    "@type": "Grid",
                    "@themes": "1,2,3,4,5,6,7,8,9,10,11,12",
                    "@colorinvertable": "true"
                },
                "plaintext": "elevation | 490 m"
            },
            "expressiontypes": {
                "@count": "1",
                "expressiontype": {
                    "@name": "Grid"
                }
            },
            "states": {
                "@count": "1",
                "state": {
                    "@name": "Show non-metric",
                    "@input": "GeographicProperties:CityData__Show non-metric"
                }
            },
            "infos": {
                "@count": "1",
                "info": {
                    "units": {
                        "@count": "1",
                        "unit": {
                            "@short": "m",
                            "@long": "meters"
                        },
                        "img": {
                            "@src": "https://www5a.wolframalpha.com/Calculate/MSP/MSP217410g1gc7273c10fa20000229di78ahg1c24i0?MSPStoreType=image/gif&s=56",
                            "@width": "96",
                            "@height": "26"
                        }
                    }
                }
            }
        },
        {
            "@title": "Nearest sea",
            "@scanner": "Data",
            "@id": "OceansHierarchyInfo:CityData",
            "@position": "1200",
            "@error": "false",
            "@numsubpods": "1",
            "subpod": {
                "@title": "",
                "microsources": {
                    "microsource": "CityData"
                },
                "img": {
                    "@src": "https://www5a.wolframalpha.com/Calculate/MSP/MSP217510g1gc7273c10fa200001fgf0ee40cde1c8a?MSPStoreType=image/gif&s=56",
                    "@alt": "Hudson Bay (1032 km (kilometers) northeast)  (straight-line distance between city center and shore)",
                    "@title": "Hudson Bay (1032 km (kilometers) northeast)  (straight-line distance between city center and shore)",
                    "@width": "301",
                    "@height": "41",
                    "@type": "Default",
                    "@themes": "1,2,3,4,5,6,7,8,9,10,11,12",
                    "@colorinvertable": "true"
                },
                "plaintext": "Hudson Bay (1032 km (kilometers) northeast) \n(straight-line distance between city center and shore)"
            },
            "expressiontypes": {
                "@count": "1",
                "expressiontype": {
                    "@name": "Default"
                }
            },
            "states": {
                "@count": "3",
                "state": [
                    {
                        "@name": "Show map",
                        "@input": "OceansHierarchyInfo:CityData__Show map"
                    },
                    {
                        "@name": "Show non-metric",
                        "@input": "OceansHierarchyInfo:CityData__Show non-metric"
                    },
                    {
                        "@name": "More",
                        "@input": "OceansHierarchyInfo:CityData__More"
                    }
                ]
            }
        },
        {
            "@title": "Nicknames",
            "@scanner": "Data",
            "@id": "BasicInformation:CityData",
            "@position": "1300",
            "@error": "false",
            "@numsubpods": "1",
            "subpod": {
                "@title": "",
                "microsources": {
                    "microsource": "CityData"
                },
                "img": {
                    "@src": "https://www5a.wolframalpha.com/Calculate/MSP/MSP217610g1gc7273c10fa200003e8iaa21aa9bb74i?MSPStoreType=image/gif&s=56",
                    "@alt": "City of Bridges | Saskabush | Toon Town",
                    "@title": "City of Bridges | Saskabush | Toon Town",
                    "@width": "292",
                    "@height": "18",
                    "@type": "Grid",
                    "@themes": "1,2,3,4,5,6,7,8,9,10,11,12",
                    "@colorinvertable": "true"
                },
                "plaintext": "City of Bridges | Saskabush | Toon Town"
            },
            "expressiontypes": {
                "@count": "1",
                "expressiontype": {
                    "@name": "Grid"
                }
            }
        },
        {
            "@title": "Notable people born in Saskatoon",
            "@scanner": "Data",
            "@id": "NotablePeople:CityData",
            "@position": "1400",
            "@error": "false",
            "@numsubpods": "1",
            "subpod": {
                "@title": "",
                "microsources": {
                    "microsource": [
                        "CityData",
                        "PeopleData"
                    ]
                },
                "img": {
                    "@src": "https://www5a.wolframalpha.com/Calculate/MSP/MSP217710g1gc7273c10fa2000051a78df0fcbf9526?MSPStoreType=image/gif&s=56",
                    "@alt": "Roddy Piper (wrestler) (1954) Kim Coates (actor) (1959) Tyler Mane (wrestler) (1966) Stu Hart (wrestling promoter, etc.) (1915) Derek Boogaard (hockey player) (1982) David Sutcliffe (actor) (1969) Wade Belak (hockey player) (1976) Michael Eklund (actor) (1962) Brayden Schenn (ice hockey player) (1991) Brianne Theisen-Eaton (athlete) (1988) ...",
                    "@title": "Roddy Piper (wrestler) (1954) Kim Coates (actor) (1959) Tyler Mane (wrestler) (1966) Stu Hart (wrestling promoter, etc.) (1915) Derek Boogaard (hockey player) (1982) David Sutcliffe (actor) (1969) Wade Belak (hockey player) (1976) Michael Eklund (actor) (1962) Brayden Schenn (ice hockey player) (1991) Brianne Theisen-Eaton (athlete) (1988) ...",
                    "@width": "284",
                    "@height": "209",
                    "@type": "Grid",
                    "@themes": "1,2,3,4,5,6,7,8,9,10,11,12",
                    "@colorinvertable": "true"
                },
                "plaintext": "Roddy Piper (wrestler) (1954)\nKim Coates (actor) (1959)\nTyler Mane (wrestler) (1966)\nStu Hart (wrestling promoter, etc.) (1915)\nDerek Boogaard (hockey player) (1982)\nDavid Sutcliffe (actor) (1969)\nWade Belak (hockey player) (1976)\nMichael Eklund (actor) (1962)\nBrayden Schenn (ice hockey player) (1991)\nBrianne Theisen-Eaton (athlete) (1988)\n..."
            },
            "expressiontypes": {
                "@count": "1",
                "expressiontype": {
                    "@name": "Default"
                }
            },
            "states": {
                "@count": "3",
                "state": [
                    {
                        "@name": "More",
                        "@input": "NotablePeople:CityData__More"
                    },
                    {
                        "@name": "Show dates",
                        "@input": "NotablePeople:CityData__Show dates"
                    },
                    {
                        "@name": "Show deaths",
                        "@input": "NotablePeople:CityData__Show deaths"
                    }
                ]
            }
        },
        {
            "@title": "Wikipedia page hits history",
            "@scanner": "Data",
            "@id": "PopularityPod:WikipediaStatsData",
            "@position": "1500",
            "@error": "false",
            "@numsubpods": "1",
            "subpod": {
                "@title": "",
                "img": {
                    "@src": "https://www5a.wolframalpha.com/Calculate/MSP/MSP217810g1gc7273c10fa200000f6ag69a5031ghb4?MSPStoreType=image/gif&s=56",
                    "@alt": "Wikipedia page hits history",
                    "@title": "",
                    "@width": "546",
                    "@height": "167",
                    "@type": "TimeSeriesPlot_1",
                    "@themes": "1,2,3,4,5,6,7,8,9,10,11,12",
                    "@colorinvertable": "true"
                },
                "plaintext": null
            },
            "expressiontypes": {
                "@count": "1",
                "expressiontype": {
                    "@name": "TimeSeriesPlot"
                }
            },
            "states": {
                "@count": "1",
                "state": {
                    "@name": "Log scale",
                    "@input": "PopularityPod:WikipediaStatsData__Log scale"
                }
            }
        }
    ],
    "userinfoused": {
        "@count": "1",
        "userinfo": {
            "@name": "Country"
        }
    },
    "sources": {
        "@count": "6",
        "source": [
            {
                "@url": "https://www5a.wolframalpha.com/sources/AdministrativeDivisionDataSourceInformationNotes.html",
                "@text": "Administrative division data"
            },
            {
                "@url": "https://www5a.wolframalpha.com/sources/CityDataSourceInformationNotes.html",
                "@text": "City data"
            },
            {
                "@url": "https://www5a.wolframalpha.com/sources/OpenStreetMapSourceInformationNotes.html",
                "@text": "Open street map"
            },
            {
                "@url": "https://www5a.wolframalpha.com/sources/PeopleDataSourceInformationNotes.html",
                "@text": "People data"
            },
            {
                "@url": "https://www5a.wolframalpha.com/sources/USCensusDataSourceInformationNotes.html",
                "@text": "US census data"
            },
            {
                "@url": "https://www5a.wolframalpha.com/sources/WeatherDataSourceInformationNotes.html",
                "@text": "Weather data"
            }
        ]
    }
}