{
    "@success": "true",
    "@error": "false",
    "@numpods": "2",
    "@datatypes": "Company",
    "@timedout": "",
    "@timedoutpods": "",
    "@timing": "1.548",
    "@parsetiming": "1.125",
    "@parsetimedout": "false",
    "@recalculate": "",
    "@id": "MSP1130521d8fh717e99d86b00005387d33d16c8e6a4",
    "@host": "https://www5a.wolframalpha.com",
    "@server": "35",
    "@related": "https://www5a.wolframalpha.com/api/v1/relatedQueries.jsp?id=MSPa1130621d8fh717e99d86b000014e1a86hc433900a1618716694557819118",
    "@version": "2.6",
    "@nodata": "true",
    "pod": [
        {
            "@title": "Input interpretation",
            "@scanner": "Identity",
            "@id": "Input",
            "@position": "100",
            "@error": "false",
            "@numsubpods": "1",
            "subpod": {
                "@title": "",
                "img": {
                    "@src": "https://www5a.wolframalpha.com/Calculate/MSP/MSP1130721d8fh717e99d86b000064i50egege7ii97c?MSPStoreType=image/gif&s=35",
                    "@alt": "PAS Gr | city",
                    "@title": "PAS Gr | city",
                    "@width": "100",
                    "@height": "23",
                    "@type": "Grid",
                    "@themes": "1,2,3,4,5,6,7,8,9,10,11,12",
                    "@colorinvertable": "true"
                },
                "plaintext": "PAS Gr | city"
            },
            "expressiontypes": {
                "@count": "1",
                "expressiontype": {
                    "@name": "Grid"
                }
            }
        },
        {
            "@title": "Result",
            "@scanner": "Identity",
            "@id": "Result",
            "@position": "200",
            "@error": "false",
            "@numsubpods": "1",
            "@primary": "true",
            "subpod": {
                "@title": "",
                "@nodata": "true",
                "@primary": "true",
                "img": {
                    "@src": "https://www5a.wolframalpha.com/Calculate/MSP/MSP1130821d8fh717e99d86b00004f0afcd5e27162c0?MSPStoreType=image/gif&s=35",
                    "@alt": "(data not available)",
                    "@title": "(data not available)",
                    "@width": "125",
                    "@height": "18",
                    "@type": "Default",
                    "@themes": "1,2,3,4,5,6,7,8,9,10,11,12",
                    "@colorinvertable": "true"
                },
                "plaintext": "(data not available)"
            },
            "expressiontypes": {
                "@count": "1",
                "expressiontype": {
                    "@name": "Default"
                }
            }
        }
    ],
    "sources": {
        "@count": "2",
        "source": [
            {
                "@url": "https://www5a.wolframalpha.com/sources/CompanyDataSourceInformationNotes.html",
                "@text": "Company data"
            },
            {
                "@url": "https://www5a.wolframalpha.com/sources/OpenStreetMapSourceInformationNotes.html",
                "@text": "Open street map"
            }
        ]
    }
}